Feature,Coefficient
Geo_Code_95018,1.696297655669212
Customer Id_H2733,1.631763515193784
Customer Id_H5840,1.5503486523711691
Customer Id_H7281,1.5204722331440692
Customer Id_H16242,1.496049565579683
Customer Id_H6225,1.4901658873572385
Geo_Code_69069,1.4899228525843518
Customer Id_H14233,1.4813933694931276
Customer Id_H3227,1.4337505789505691
Customer Id_H5669,1.429812349291796
Customer Id_H13441,1.4069763371268849
Geo_Code_13063,1.4003147638654754
Customer Id_H2141,1.3988398360922245
Customer Id_H18388,1.3601094701516325
Customer Id_H15288,1.3594510590085627
Customer Id_H16919,1.3580385478110906
Customer Id_H2343,1.3374962625240499
Customer Id_H2704,1.2991396944479157
Geo_Code_92051,1.299084813678767
Customer Id_H15040,1.2971995920812245
Customer Id_H12650,1.2950532536229302
Customer Id_H19634,1.2946286029191396
Customer Id_H14190,1.2937416444748433
Customer Id_H3706,1.2880985208869975
Customer Id_H2280,1.2858370778244048
Customer Id_H6334,1.277277982762399
Customer Id_H7355,1.2763630519760931
Customer Id_H19127,1.27107657072954
Customer Id_H18984,1.266927825655871
Customer Id_H5205,1.2652475355361068
Customer Id_H13991,1.260998942647903
Customer Id_H19715,1.2606336974454986
Customer Id_H1635,1.2421843335869376
Customer Id_H4506,1.240901674178046
Customer Id_H16834,1.23641394519903
Customer Id_H496,1.2274896149368726
Customer Id_H3511,1.2274751563523552
Customer Id_H13701,1.2253398716547588
Customer Id_H17289,1.2249786037095807
Geo_Code_69383,1.2224307180176819
Customer Id_H16449,1.2201131396804124
Customer Id_H18534,1.2195759857195188
Geo_Code_94080,1.2113930002540347
Geo_Code_73015,1.2065870797933194
Customer Id_H3777,1.20399565581552
Customer Id_H5237,1.2036746214173755
Customer Id_H7209,1.2032236348457659
Customer Id_H18348,1.1965820808785708
Customer Id_H7085,1.1902966577554466
Customer Id_H14619,1.189616892898691
Customer Id_H4344,1.1887434425890278
Customer Id_H14900,1.1842791409165845
Customer Id_H2611,1.1821419653183705
Customer Id_H6946,1.1781550970314123
Customer Id_H7001,1.1748909890659442
Customer Id_H13813,1.1710318697959412
Customer Id_H4460,1.170897247286706
Customer Id_H6957,1.1682115804557858
Customer Id_H3003,1.1680671913323677
Customer Id_H18127,1.1628055623876146
Geo_Code_93031,1.1609767466301655
Customer Id_H4785,1.1581869641150202
Geo_Code_31480,1.1581869641150202
Customer Id_H17251,1.157015705578983
Customer Id_H15681,1.1566244193800326
Customer Id_H17357,1.1528305301071735
Customer Id_H3218,1.1522905502159835
Customer Id_H4094,1.1505352272808993
Customer Id_H6407,1.1503190296074692
Geo_Code_13071,1.1495822638813877
Customer Id_H547,1.1466060190646294
Customer Id_H2612,1.143334560838476
Customer Id_H6996,1.1422488521248673
Customer Id_H4040,1.1386987373883393
Customer Id_H16303,1.1342041376129819
Customer Id_H16602,1.1301260127330839
Customer Id_H6989,1.1281136074680662
Customer Id_H18472,1.1267035616200545
Customer Id_H17557,1.122662728007276
Customer Id_H1433,1.1200293147092935
Geo_Code_75105,1.1178837346017194
Customer Id_H13268,1.1170817407249423
Customer Id_H13917,1.1155718105887635
Customer Id_H3936,1.113075060576076
Customer Id_H3793,1.1128929657913713
Customer Id_H2275,1.1109044401635848
Customer Id_H5508,1.107410277044475
Customer Id_H13969,1.1068895739962257
Customer Id_H13401,1.1064788000413146
Geo_Code_13039,1.1060324168710824
Customer Id_H6331,1.1056904987230571
Customer Id_H16438,1.1055284330616644
Geo_Code_91573,1.1055004158723656
Geo_Code_95306,1.105416451784618
Customer Id_H7417,1.0976067424393203
Customer Id_H13512,1.0918609002473705
Geo_Code_74224,1.0905137482057303
Customer Id_H1808,1.0903360343293538
Customer Id_H18435,1.089663186761023
Customer Id_H17484,1.088636770806138
Customer Id_H14884,1.0857413478752185
Customer Id_H13361,1.084565971504788
Geo_Code_13021,1.074163869264905
Customer Id_H15856,1.0740613435765347
Customer Id_H17361,1.0715177621211673
Customer Id_H19810,1.070596499052795
Customer Id_H508,1.069906745723286
Geo_Code_94037,1.0654610518283902
Customer Id_H5576,1.0607053072143249
Customer Id_H16122,1.0577611835527312
Customer Id_H2772,1.057292999538912
Customer Id_H2222,1.0570418059762103
Customer Id_H16623,1.0567157957030027
Customer Id_H18480,1.056250548080128
Customer Id_H13422,1.0561530250608255
Customer Id_H13128,1.0514576653688523
Customer Id_H18237,1.0513941069121162
Customer Id_H338,1.050967979814107
Customer Id_H17168,1.0503906736605364
Customer Id_H12704,1.0500860332585717
Geo_Code_95197,1.0494880883737865
Customer Id_H3029,1.0464623131989532
Geo_Code_92063,1.0461938336702112
Customer Id_H3463,1.0460689824316376
Customer Id_H5356,1.0431214927694643
Customer Id_H13757,1.0404489376411514
Customer Id_H3812,1.038097189767156
Customer Id_H5293,1.0377602205295156
Geo_Code_34108,1.0373409475637734
Geo_Code_78124,1.036903242747749
Customer Id_H6239,1.0326740915883306
Customer Id_H2250,1.0316511647028972
Customer Id_H3359,1.0313289582937395
Customer Id_H13359,1.0312792583956
Customer Id_H588,1.0311405985198643
Geo_Code_62119,1.0301556693782365
Customer Id_H19381,1.0301556693782365
Customer Id_H1273,1.0301363107418162
Customer Id_H3906,1.0293312020681369
Customer Id_H4244,1.0272558829999374
Customer Id_H2346,1.0271970525031238
Geo_Code_74213,1.0267249298360126
Customer Id_H5733,1.0256650688332694
Customer Id_H7361,1.0249379575834554
Customer Id_H17848,1.0248273322882386
Customer Id_H13387,1.0224653903224843
Customer Id_H6513,1.022024770016437
Customer Id_H15104,1.018707037018076
Customer Id_H13740,1.0186182559019927
Customer Id_H18103,1.0142256681797437
Customer Id_H14203,1.0125500328803072
Customer Id_H17551,1.0098340208221261
Geo_Code_73065,1.0087528517672264
Customer Id_H13702,1.007872702321682
Customer Id_H5211,1.0052430464451279
Customer Id_H212,1.0035362661866658
Customer Id_H7119,1.000781887982535
Customer Id_H14622,1.000580542196229
Customer Id_H18663,1.0002355564361198
Customer Id_H5015,0.999632864235513
Customer Id_H13726,0.9996080799815744
Customer Id_H4365,0.9993113561945222
Geo_Code_91589,0.9989417478012018
Customer Id_H160,0.9989417478012018
Geo_Code_77350,0.9985687163675201
Customer Id_H13618,0.9981498954083008
Customer Id_H2459,0.9976838745225192
Customer Id_H13440,0.9966322863642425
Customer Id_H6201,0.9964573802099175
Customer Id_H7149,0.9961343152470524
Customer Id_H4028,0.9954291268550094
Customer Id_H4987,0.9953939542321028
Customer Id_H15357,0.9945242293961801
Customer Id_H5542,0.9924490645746796
Geo_Code_83119,0.9915757996245848
Geo_Code_38544,0.99107165047554
Customer Id_H6335,0.9903319850136388
Customer Id_H16557,0.9898182816236089
Customer Id_H5384,0.9896170985387146
Customer Id_H3970,0.9894288173740999
Customer Id_H16805,0.9890070341725135
Customer Id_H19784,0.9858159809308975
Customer Id_H16260,0.9840345384733953
Customer Id_H1622,0.9838329819754313
Customer Id_H18026,0.9817350583350297
Customer Id_H4833,0.9795970817005767
Geo_Code_10387,0.9789593017874605
Customer Id_H19493,0.978607502329951
Customer Id_H18340,0.9770104298749186
Geo_Code_44184,0.9770104298749186
Geo_Code_57306,0.976534927244756
Customer Id_H1276,0.976534927244756
Customer Id_H4242,0.9761832907882606
Customer Id_H4740,0.9747534238576814
Customer Id_H16170,0.9740733044483225
Customer Id_H15135,0.9730687595158206
Customer Id_H6185,0.9729768896378818
Customer Id_H17333,0.9708590830701059
Customer Id_H1774,0.970638555648039
Customer Id_H6003,0.9698474985741438
Customer Id_H19989,0.9674792561814495
Customer Id_H15446,0.9668970198668035
Geo_Code_50218,0.9664538703670246
Customer Id_H15976,0.9659102016300782
Geo_Code_95598,0.9656455123650217
Customer Id_H15920,0.9656455123650217
Geo_Code_22282,0.9634414018190169
Customer Id_H18373,0.9624398226924243
Customer Id_H6109,0.9616171230489279
Customer Id_H1946,0.9571725557790548
Customer Id_H4957,0.957135858248686
Customer Id_H4945,0.9569004238467518
Customer Id_H5098,0.9553538804077655
Geo_Code_91016,0.9537329728401097
Customer Id_H15097,0.9520761110371877
Customer Id_H2051,0.950572411955803
Customer Id_H15685,0.9492290972696474
Geo_Code_65059,0.9482033692929779
Customer Id_H14886,0.9482033692929779
Customer Id_H4102,0.9481514149489603
Customer Id_H5705,0.947028765414387
Customer Id_H18647,0.9462337084512438
Customer Id_H17139,0.9448680185471496
Customer Id_H13844,0.94475245567638
Customer Id_H6669,0.9447101738272907
Customer Id_H4891,0.944090006549523
Customer Id_H16809,0.9431491884557496
Customer Id_H4187,0.9410451347145049
Customer Id_H3198,0.9409802823757684
Customer Id_H16855,0.9397556379726906
Customer Id_H5608,0.9366855682360783
Customer Id_H13289,0.9355842019791201
Geo_Code_93049,0.9354143778384953
Geo_Code_86194,0.935039036866988
Customer Id_H595,0.9348872736820661
Customer Id_H17345,0.9337766317924654
Customer Id_H19075,0.930230205028458
Customer Id_H13898,0.9296008920287635
Customer Id_H6402,0.9295321325137166
Customer Id_H13644,0.9292971655441633
Customer Id_H6870,0.9292048942270354
Customer Id_H3811,0.9290697195961525
Geo_Code_64417,0.9280001374677268
Customer Id_H4767,0.9260774419461744
Customer Id_H14795,0.9251644364564922
Customer Id_H16129,0.9250060268512563
Customer Id_H5142,0.9247426940370973
Customer Id_H4246,0.9243996732414954
Customer Id_H5915,0.9242220192327797
Geo_Code_76613,0.9242220192327797
Customer Id_H4413,0.9240607987344185
Customer Id_H4485,0.9235712022899701
Customer Id_H13694,0.9228431913964621
Geo_Code_56107,0.9223544699552041
Geo_Code_34088,0.9223062014215245
Customer Id_H14868,0.9223062014215245
Customer Id_H6976,0.9221454990799166
Customer Id_H18220,0.9213571437141951
Customer Id_H13107,0.9197839738188732
Customer Id_H5433,0.9191862036662587
Customer Id_H5163,0.9175269945186387
Customer Id_H17402,0.9141837539365046
Customer Id_H17587,0.9135027964695817
Customer Id_H1480,0.9123753998613381
Building Dimension,0.9123222630545209
Customer Id_H14512,0.9102068601415585
Customer Id_H5607,0.9094672528802837
Geo_Code_76217,0.909056634779536
Customer Id_H18030,0.9087254495358991
Customer Id_H2014,0.9069901390905226
Customer Id_H14495,0.9053205645687852
Geo_Code_73263,0.9047249327980512
Customer Id_H18081,0.9047249327980512
Customer Id_H6547,0.9046477935170137
Customer Id_H13189,0.9032920640262702
Customer Id_H6869,0.9029274792117249
Geo_Code_93077,0.9024579822569687
Customer Id_H5082,0.9020626426049188
Customer Id_H3598,0.9012207631999174
Customer Id_H14162,0.8971814228877407
Customer Id_H6058,0.8967747384651532
Geo_Code_6048,0.8967747384651532
Customer Id_H4387,0.8960443717193535
Customer Id_H3947,0.8959176328237591
Customer Id_H741,0.8943459769436347
Customer Id_H16496,0.8933312766123398
Customer Id_H3491,0.8926784816847989
Customer Id_H551,0.8924488647758337
Customer Id_H1568,0.8920873655297444
Customer Id_H280,0.8914458263902802
Customer Id_H2457,0.8907891461187225
Customer Id_H4992,0.8902918898076115
Customer Id_H6409,0.8886306885400821
Geo_Code_78402,0.8886306885400821
Customer Id_H18803,0.8881572352184924
Customer Id_H2335,0.8876673532977539
Customer Id_H3920,0.8875232551419694
Customer Id_H12748,0.8871724723537825
Geo_Code_81163,0.8871724723537825
Customer Id_H3718,0.8851777700836803
Customer Id_H13,0.8846736924169858
Customer Id_H13956,0.8845686458719308
Customer Id_H15520,0.8836227178914671
Geo_Code_62917,0.8819618626127042
Customer Id_H3883,0.8794716454833394
Geo_Code_35288,0.879028155715165
Customer Id_H12742,0.8786686713309494
Customer Id_H2944,0.8777854436837096
Customer Id_H2338,0.8772282207876384
Customer Id_H7252,0.8768862377918871
Customer Id_H5131,0.8768372637125357
Customer Id_H589,0.8762739008086243
Customer Id_H4030,0.873769130528913
Customer Id_H17406,0.873502908762426
Customer Id_H15297,0.8730839311539288
Customer Id_H19044,0.8728344134708481
Geo_Code_35238,0.8725864168798466
Customer Id_H14494,0.8725842318235586
Customer Id_H5491,0.8716277343178063
Customer Id_H5306,0.871017390580983
Customer Id_H16843,0.870825531242507
Geo_Code_44162,0.8701386338040346
Customer Id_H6294,0.8700509530658807
Customer Id_H13457,0.8690455187487728
Customer Id_H259,0.86901172754477
Customer Id_H1318,0.8677634787353945
Geo_Code_34192,0.8670808502473097
Geo_Code_27355,0.8663782353379291
Customer Id_H14531,0.8663782353379291
Customer Id_H550,0.8663557662428738
Customer Id_H4890,0.8653831600696367
Customer Id_H14359,0.8637221264677213
Customer Id_H12902,0.8633668513995527
Customer Id_H4560,0.8627324784390659
Customer Id_H16344,0.8626417081079493
Customer Id_H15320,0.8584744282755055
Customer Id_H3986,0.8583645096327629
Customer Id_H6224,0.8580509430565478
Customer Id_H17634,0.8577867889102738
Customer Id_H16975,0.8568930620578461
Customer Id_H13148,0.8556704834732528
Customer Id_H4851,0.8556685906756991
Customer Id_H18,0.8554162416908627
Geo_Code_26166,0.8554162416908627
Customer Id_H6318,0.8553407901223717
Customer Id_H2943,0.8518266861720607
Customer Id_H14813,0.8505243787257775
Customer Id_H17267,0.8485276177490442
Customer Id_H12644,0.8484714748857946
Customer Id_H5719,0.8481807487837841
Customer Id_H2241,0.8457019883504244
Customer Id_H2444,0.8448788864633155
Customer Id_H4578,0.8441077284404899
Customer Id_H2080,0.8427578027914682
Customer Id_H6635,0.8420682542850662
Customer Id_H4143,0.8411229629285815
Geo_Code_74270,0.8411229629285815
Customer Id_H17107,0.8385834144836884
Customer Id_H2164,0.8384808887374172
Customer Id_H3116,0.8378996491169171
Customer Id_H7145,0.8377120065369253
Geo_Code_73306,0.8372497509436239
Customer Id_H18692,0.8372497509436239
Geo_Code_38567,0.8370229349311149
Customer Id_H672,0.8361565521642671
Geo_Code_94052,0.8348705114557489
Customer Id_H16691,0.8330842377919833
Customer Id_H15833,0.8330595495081428
Geo_Code_31282,0.833026614806429
Geo_Code_19123,0.832841620264532
Customer Id_H2366,0.8328358277409643
Customer Id_H5494,0.8316036960974633
Customer Id_H414,0.831374101652374
Customer Id_H18946,0.8306528155654997
Customer Id_H13560,0.8304005863161767
Customer Id_H4403,0.830321875420898
Customer Id_H12966,0.8301421767939504
Geo_Code_74070,0.8301421767939504
Customer Id_H1422,0.8278473993206112
Geo_Code_94067,0.8274686992959707
Customer Id_H6628,0.8269949308900293
Geo_Code_6035,0.8267993445918194
Customer Id_H14170,0.826668910402504
Customer Id_H17914,0.8263953769217275
Geo_Code_95539,0.8263953769217275
Customer Id_H19095,0.8260559221412708
Customer Id_H1844,0.8250773322222817
Customer Id_H5492,0.8249882981432692
Customer Id_H18415,0.824373269632013
Customer Id_H3434,0.8242185137694651
Customer Id_H5230,0.8241602025537287
Customer Id_H4390,0.8239230327309993
Geo_Code_59421,0.8231325337176985
Customer Id_H17266,0.8228797128819046
Customer Id_H7222,0.8211702958131674
Geo_Code_16015,0.8202593779745978
Customer Id_H13369,0.8193590705059833
Customer Id_H16925,0.8186770898393604
Customer Id_H14244,0.8186305315159725
Customer Id_H5329,0.8181608073651441
Customer Id_H6723,0.8174341506570763
Customer Id_H15420,0.8163632846458875
Customer Id_H4018,0.8161732235332667
Customer Id_H5926,0.8149455973787779
Customer Id_H15507,0.8146534737071627
Geo_Code_93073,0.814403411350491
Customer Id_H6390,0.814403411350491
Customer Id_H6113,0.814013243063683
Geo_Code_83068,0.814013243063683
Geo_Code_78418,0.8128734558554458
Customer Id_H15390,0.8127765028961761
Customer Id_H16811,0.8116486062016596
Geo_Code_95500,0.8114492842682675
Customer Id_H4799,0.810131270178341
Customer Id_H5016,0.8100281261544814
Customer Id_H6780,0.8094848804713329
Customer Id_H16036,0.8094463855539369
Customer Id_H17543,0.8077377825101199
Customer Id_H6475,0.8059027676432302
Customer Id_H6059,0.8053733381270506
Customer Id_H17665,0.8038812300091451
Customer Id_H18940,0.8037954218762188
Customer Id_H18286,0.8027434158840985
Customer Id_H2640,0.802456445926868
Customer Id_H3490,0.8017163501530369
Customer Id_H18270,0.801553169172982
Customer Id_H16849,0.8005756639346844
Geo_Code_34324,0.8005074830187296
Customer Id_H3749,0.8000693921635471
Customer Id_H15208,0.7993699842073885
Customer Id_H3879,0.7991030737349132
Geo_Code_91326,0.7989350386663141
Customer Id_H18387,0.7968391206102633
Customer Id_H19885,0.7965049689895409
Geo_Code_13204,0.7956670728013236
Customer Id_H7221,0.7956648580349338
Geo_Code_92062,0.7946763887790254
Customer Id_H16578,0.7930683970814266
Customer Id_H4320,0.7929364091643294
Geo_Code_31042,0.7928823712520232
Customer Id_H17677,0.7928823712520232
Geo_Code_45285,0.7911450691985206
Customer Id_H17521,0.7911450691985206
Customer Id_H17431,0.7910633259686586
Geo_Code_17306,0.7910069439119475
Customer Id_H4170,0.7904774767578483
Customer Id_H13151,0.7877603565288633
Customer Id_H12846,0.7871678573993608
Customer Id_H16986,0.7867718184691698
Customer Id_H17230,0.785735579918427
Customer Id_H404,0.7854469201789315
Customer Id_H15120,0.7851196899726489
Geo_Code_59482,0.7851196899726489
Customer Id_H3474,0.7831223949355693
Customer Id_H14344,0.7823369084699626
Customer Id_H15604,0.7823247261994181
Customer Id_H364,0.7794696076640941
Customer Id_H5652,0.7786588395727059
Customer Id_H5031,0.7774831541564869
Customer Id_H5970,0.7771418280483776
Geo_Code_93055,0.7755959551636367
Geo_Code_38247,0.7752492167636708
Customer Id_H2489,0.7730471806105694
Geo_Code_36044,0.7728040983863831
Customer Id_H3531,0.7716112101030583
Customer Id_H1528,0.7713376652043767
Customer Id_H12993,0.7713213079353015
Customer Id_H5614,0.771268534597319
Customer Id_H13529,0.771229300119587
Customer Id_H289,0.7710696906633024
Geo_Code_4070,0.7704940558983158
Customer Id_H15064,0.7703639058873566
Customer Id_H16726,0.7694150872626512
Customer Id_H13235,0.7690193698581466
Geo_Code_5004,0.7674688033887525
Customer Id_H3492,0.7669609504247964
Customer Id_H2792,0.7660055829664798
Geo_Code_69388,0.7652929972627672
Customer Id_H4106,0.7646179105903897
Customer Id_H16770,0.7642266662115136
Customer Id_H4522,0.7642109445226127
Customer Id_H4148,0.763697849815224
Customer Id_H14444,0.7629622957763543
Geo_Code_63075,0.7626514080238143
Customer Id_H17134,0.7619912186826153
Customer Id_H16547,0.7604158819023692
Geo_Code_60612,0.7604158819023692
Customer Id_H6273,0.7597517905739571
Customer Id_H16229,0.7596816265691031
Customer Id_H12938,0.7589346439013576
Customer Id_H13687,0.7579159273093328
Geo_Code_78220,0.757734886333645
Customer Id_H17111,0.757734886333645
Customer Id_H13194,0.7572990669331677
Geo_Code_13056,0.755604373736831
Customer Id_H17158,0.7552525499384692
Customer Id_H13738,0.7550909375149647
Customer Id_H3107,0.7549917909290974
Geo_Code_94069,0.7545453821670037
Customer Id_H15775,0.7540842008718257
Customer Id_H4944,0.7534172535986482
Customer Id_H15702,0.7517577392954434
Customer Id_H16586,0.7506722025617208
Customer Id_H3870,0.7500700301045515
Customer Id_H18016,0.7486743019939874
Customer Id_H13902,0.7486146367047675
Customer Id_H4742,0.7485734187609078
Customer Id_H12711,0.7483485225325057
Customer Id_H19084,0.7476760792054468
Customer Id_H4680,0.7473648187437918
Customer Id_H32,0.7469193355365841
Geo_Code_77243,0.7464512019367049
Customer Id_H12787,0.7452239439538595
Customer Id_H14438,0.7450837470474284
Geo_Code_54547,0.7442874253518804
Customer Id_H6871,0.743232860193167
Geo_Code_70285,0.743232860193167
Customer Id_H6096,0.7430615785286613
Customer Id_H6719,0.7428385834840495
Geo_Code_68142,0.7423262421378971
Customer Id_H15405,0.7421401092198292
Geo_Code_93027,0.7405501182278591
Customer Id_H14824,0.7398919975887668
Customer Id_H19452,0.7395536252108571
Geo_Code_38534,0.7395536252108571
Customer Id_H18352,0.739472735593975
Customer Id_H15932,0.7392169314041704
Customer Id_H15897,0.738992270042141
Customer Id_H4370,0.7389441960796562
Geo_Code_68004,0.7388754025586406
Customer Id_H16484,0.7381061438589572
Customer Id_H4786,0.7376324245774013
Geo_Code_85060,0.7376324245774013
Customer Id_H3407,0.7371778093970844
Geo_Code_83129,0.7369857032360752
Customer Id_H16867,0.7358099894395327
Customer Id_H14117,0.7356775389193158
Customer Id_H15144,0.7350706112693858
Customer Id_H2400,0.7349947021936947
Customer Id_H16228,0.7346347875740946
Customer Id_H3209,0.7342442221107135
Customer Id_H4819,0.7329438484839875
Customer Id_H16461,0.7313567864081656
Geo_Code_95585,0.7308914441992026
Customer Id_H17834,0.7303330579279667
Customer Id_H5372,0.7280089327160835
Geo_Code_42147,0.7259327165123872
Customer Id_H5265,0.7255008221541077
Customer Id_H12815,0.725171488941345
Customer Id_H17670,0.7251344270109776
Customer Id_H4558,0.7245280018941059
Customer Id_H17190,0.724336017284971
Customer Id_H16640,0.7233888559588016
Geo_Code_78442,0.7230636818458612
Customer Id_H17552,0.7230636818458612
Customer Id_H15875,0.7223765694369114
Customer Id_H1802,0.7222810650454108
Customer Id_H17510,0.7221165093649656
Geo_Code_93062,0.7219774281271095
Customer Id_H19942,0.721714641367433
Customer Id_H16178,0.7206302380460519
Customer Id_H16966,0.7203671971269746
Customer Id_H2951,0.720076507534196
Customer Id_H4339,0.7196468640398244
Customer Id_H19859,0.7196401989369803
Customer Id_H16069,0.7195867079392085
Customer Id_H17660,0.7194552115116444
Geo_Code_38486,0.7174620884306385
Customer Id_H1652,0.7174620884306385
Customer Id_H19081,0.7173480403317622
Customer Id_H17039,0.7169666207393037
Geo_Code_27299,0.7169666207393037
Customer Id_H3486,0.7158894900087516
Customer Id_H17025,0.7144430767184616
Customer Id_H14972,0.7138564580483356
Geo_Code_59279,0.7132904325535144
Customer Id_H2746,0.7132175288587729
Customer Id_H16606,0.7129745903559325
Customer Id_H13916,0.7127141299329992
Customer Id_H7305,0.7121995330096884
Customer Id_H16999,0.7118795520429033
Customer Id_H6083,0.7115733768461944
Customer Id_H17019,0.7105246193141582
Customer Id_H2522,0.7104494794306276
Customer Id_H15580,0.7102693628726111
Customer Id_H3207,0.7094465227470793
Customer Id_H5535,0.7089615839637865
Customer Id_H15389,0.7065913895161827
Customer Id_H17241,0.7059457355442399
Customer Id_H17833,0.7057279377869675
Customer Id_H4940,0.7048781354341093
Customer Id_H5328,0.7047797431993846
Customer Id_H5964,0.7040023801303508
Customer Id_H1895,0.7039597895099107
Customer Id_H3877,0.7034063261270976
Geo_Code_63070,0.7026564216289007
Customer Id_H15017,0.7026564216289007
Geo_Code_74011,0.7025143687492202
Customer Id_H4108,0.7017163545034526
Customer Id_H2355,0.7014167203158133
Geo_Code_56078,0.7014167203158133
Customer Id_H327,0.6996091362626379
Customer Id_H16842,0.6988565593098826
Geo_Code_68278,0.6977049324352987
Customer Id_H16965,0.6957694697048838
Geo_Code_59378,0.6954766274956261
Customer Id_H17330,0.694888811474715
Customer Id_H3959,0.6948150354416143
Customer Id_H17698,0.6945722705718994
Customer Id_H6986,0.6940266897525408
Customer Id_H17572,0.6938204039548498
Customer Id_H6483,0.6919049809807565
Customer Id_H7474,0.6916319222595976
Customer Id_H4015,0.6912011633401085
Geo_Code_73103,0.6912011633401085
Customer Id_H18746,0.690468162429093
Customer Id_H427,0.6896436190775219
Customer Id_H4973,0.689278006232866
Customer Id_H5447,0.6888403109402182
Geo_Code_93071,0.6888403109402182
Customer Id_H4763,0.6884698957798078
Geo_Code_75114,0.6879981803922147
Customer Id_H17133,0.6875222852299052
Customer Id_H4295,0.685420574951034
Customer Id_H18042,0.6842034585186456
Customer Id_H13936,0.6841062686576287
Customer Id_H15371,0.6840293824187826
Customer Id_H13147,0.6833482578155552
Customer Id_H3262,0.6832839290944915
Customer Id_H19311,0.6829408480318945
Customer Id_H611,0.6822771127863281
Customer Id_H7262,0.6821075408159968
Geo_Code_68154,0.6821075408159968
Customer Id_H12745,0.6819073947426396
Customer Id_H4504,0.6809351640132459
Geo_Code_94018,0.6804237422009406
Customer Id_H17911,0.6800744163638827
Customer Id_H15986,0.6796088831809328
Customer Id_H4099,0.6793732179729368
Customer Id_H5127,0.6786130196590947
Geo_Code_36046,0.6785533192921703
Customer Id_H3804,0.6783679384085859
Customer Id_H14950,0.6782672365840685
Geo_Code_76719,0.6782672365840685
Customer Id_H4513,0.6774830944630847
Customer Id_H3124,0.675996076860069
Customer Id_H16823,0.67544291717816
Customer Id_H6578,0.675400258331517
Customer Id_H248,0.6753703687874933
Customer Id_H14689,0.6736419885875479
Customer Id_H4290,0.6725173319326985
Customer Id_H6965,0.6722848534701145
Customer Id_H6146,0.6718638524216739
Customer Id_H7264,0.6715662036672406
Geo_Code_86062,0.6715662036672406
Customer Id_H15971,0.6693252079068507
Customer Id_H7159,0.6690104007974118
Customer Id_H1903,0.668881901083271
Customer Id_H16085,0.6688641206259877
Customer Id_H17401,0.668804954480343
Geo_Code_83069,0.6685708310321575
Customer Id_H2288,0.6684073417070512
Customer Id_H5310,0.6678847077476748
Customer Id_H5519,0.6672373959836513
Customer Id_H1553,0.6666033351305731
Customer Id_H16590,0.6661563941888055
Customer Id_H15152,0.6658456152741311
Geo_Code_73004,0.6657024735907698
Customer Id_H2154,0.6657024735907698
Customer Id_H436,0.6654783385057859
Customer Id_H16994,0.6638180857624572
Geo_Code_68149,0.6627323563252209
Customer Id_H5808,0.6627235366409119
Customer Id_H6081,0.6624009216848042
Customer Id_H14310,0.6620122292251002
Customer Id_H2399,0.6614754718705492
Customer Id_H18126,0.6614732662960838
Customer Id_H15770,0.6612209361668527
Customer Id_H13574,0.6608875315865428
Customer Id_H4695,0.6607672709770462
Customer Id_H15004,0.6605938248729768
Customer Id_H14887,0.6596722876346242
Customer Id_H15474,0.6596507740947609
Customer Id_H4818,0.6596053924154517
Customer Id_H19355,0.6586985418181299
Geo_Code_1173,0.6586985418181299
Customer Id_H4176,0.6582802675218615
Geo_Code_62160,0.6569089871745858
Customer Id_H4086,0.6557190416056712
Customer Id_H17910,0.6552436216611728
Customer Id_H5141,0.6539327378892611
Customer Id_H549,0.6530192531999691
Customer Id_H12990,0.6529938742417999
Customer Id_H14959,0.6525584536765651
Customer Id_H13779,0.6520488669062549
Customer Id_H13475,0.6514562380403294
Customer Id_H17669,0.651196386332487
Customer Id_H5171,0.6500932752426554
Customer Id_H17175,0.6491637845130968
Customer Id_H5042,0.6479795153412462
Customer Id_H19428,0.6474393690497888
Customer Id_H18231,0.646878639636045
Customer Id_H13572,0.646611972933783
Customer Id_H5468,0.6461751163735611
Customer Id_H2044,0.6455725439975373
Customer Id_H3259,0.6444633465715479
Customer Id_H609,0.6434608346440572
Customer Id_H14041,0.6426392266674776
Customer Id_H4668,0.6425721579473713
Customer Id_H19046,0.641890779641888
Customer Id_H12994,0.6417012668543857
Customer Id_H5686,0.6413110398859461
Customer Id_H225,0.641173971114706
Customer Id_H2411,0.6405921540511083
Customer Id_H1466,0.6405803296313711
Customer Id_H2820,0.6391306215277094
Customer Id_H18227,0.6389717456716392
Geo_Code_76655,0.6388718655067496
Customer Id_H1728,0.6387412934707628
Customer Id_H12657,0.6376750730850645
Customer Id_H16977,0.6376362535172886
Geo_Code_29046,0.6364171886927453
Customer Id_H5001,0.6364171886927453
Customer Id_H18613,0.636172881695375
Customer Id_H16607,0.6350856214365124
Customer Id_H3248,0.6349342144305273
Customer Id_H699,0.634544951613186
Customer Id_H3329,0.6340866409504308
Geo_Code_74225,0.6339281063345616
Geo_Code_13202,0.633236569524631
Customer Id_H4949,0.6323331284363358
Customer Id_H19109,0.6320745029297612
Geo_Code_34902,0.6316260929695723
Customer Id_H5579,0.6315184288042531
Customer Id_H18568,0.6314087397952725
Customer Id_H16880,0.6309943649299197
Customer Id_H15756,0.6299141227831162
Geo_Code_92036,0.6299141227831162
Customer Id_H14832,0.6290830990029
Geo_Code_59426,0.6290830990029
Customer Id_H6430,0.6279424592550205
Customer Id_H3114,0.6267512569381027
Customer Id_H1803,0.6265203683766253
Geo_Code_1419,0.6256964815110725
Customer Id_H17244,0.6250860953578369
Customer Id_H2920,0.6250381287824238
Customer Id_H17951,0.6248597005172016
Customer Id_H1645,0.6243974136920213
Customer Id_H2823,0.624316939738608
Geo_Code_77186,0.6238585885165229
Customer Id_H15790,0.6234788904870223
Customer Id_H4252,0.6234271222638421
Customer Id_H2671,0.6230662232556113
Customer Id_H19018,0.6220830188014524
Customer Id_H18509,0.6216653152166085
Customer Id_H16794,0.6196664147000658
Customer Id_H18800,0.6195010241316321
Customer Id_H5184,0.6192250168362233
Customer Id_H3875,0.619217319879115
Customer Id_H19045,0.6183811820882575
Geo_Code_42149,0.617646631319328
Customer Id_H17997,0.6175851927526511
Customer Id_H6727,0.6166966491561735
Geo_Code_77514,0.6161453317181905
Customer Id_H4338,0.6157424001463974
Customer Id_H2490,0.615422377675981
Customer Id_H14251,0.6138620903066604
Customer Id_H14799,0.6135081017737191
Customer Id_H2529,0.6132677935295233
Customer Id_H206,0.6132508839664863
Customer Id_H16869,0.6117556647942813
Customer Id_H7207,0.6116334095846175
Customer Id_H5317,0.6111785816172779
Customer Id_H18776,0.6108220436973604
Geo_Code_75106,0.6102203547014718
Customer Id_H4183,0.6094056448441476
Customer Id_H19160,0.6086096957091754
Customer Id_H1904,0.6082569380231192
Customer Id_H3503,0.6078920076542583
Geo_Code_13092,0.6078485986292826
Customer Id_H2895,0.6075168036779452
Customer Id_H3841,0.6067349123786903
Geo_Code_14220,0.6054756624621992
Customer Id_H17417,0.6053856282860249
Customer Id_H18524,0.6051715668506064
Geo_Code_11262,0.6051464443658583
Customer Id_H15499,0.60499240406439
Customer Id_H3305,0.6029787726329584
Customer Id_H12669,0.6029748637045043
Customer Id_H6887,0.6026654961207432
Customer Id_H15969,0.6021277259349268
Geo_Code_93001,0.601779084163912
Customer Id_H5582,0.6013454736652486
Customer Id_H12714,0.6003979840324313
Customer Id_H17291,0.6000545020785233
Customer Id_H19437,0.5999284261028042
Customer Id_H14348,0.5993204412093552
Customer Id_H13088,0.5991539353589507
Geo_Code_88160,0.5983797306179449
Customer Id_H18251,0.5970303372299581
Customer Id_H6629,0.5966439531067176
Customer Id_H19677,0.5959144351525402
Geo_Code_59107,0.5959144351525402
Customer Id_H12982,0.5958556655310725
Geo_Code_93063,0.5958524736074736
Customer Id_H17123,0.5946900960606967
Geo_Code_49353,0.5946900960606967
Customer Id_H5147,0.5932864047504408
Customer Id_H3081,0.5923644593398043
Geo_Code_74189,0.5913112628556272
Customer Id_H16917,0.5907261062695133
Customer Id_H5819,0.5907250586356028
Customer Id_H3866,0.590569607258229
Customer Id_H19176,0.5897805914823647
Customer Id_H1443,0.5889585073531409
Customer Id_H17672,0.5884761552510741
Geo_Code_57427,0.5884761552510741
Customer Id_H3634,0.5882150958241815
Geo_Code_84129,0.5880956193575734
Customer Id_H4649,0.588045500979627
Customer Id_H1587,0.5868446296487815
Geo_Code_69387,0.5864224574933548
Customer Id_H13907,0.5857774079071367
Customer Id_H15166,0.5854360295842608
Customer Id_H2727,0.5849595320152069
Customer Id_H16454,0.5843683353028801
Customer Id_H19814,0.5812855971556515
Geo_Code_22054,0.5812350368389193
Customer Id_H18688,0.5805391329779671
Geo_Code_45282,0.5805391329779671
Customer Id_H13723,0.5801317672975206
Customer Id_H7087,0.5797733109515014
Geo_Code_74293,0.5784039981350351
Customer Id_H14644,0.5784039981350351
Customer Id_H6609,0.5774125396033457
Customer Id_H3974,0.5768632316961763
Customer Id_H14461,0.5767787751394701
Customer Id_H18412,0.5767030367509159
Customer Id_H16638,0.5766589729980973
Customer Id_H6654,0.5759631040904492
Customer Id_H13138,0.5753987995309948
Customer Id_H14942,0.5753321850007834
Customer Id_H14660,0.5741874788090411
Customer Id_H17449,0.5727987513942976
Geo_Code_76351,0.572693668839628
Geo_Code_69131,0.5722997142367994
Customer Id_H16099,0.5722997142367994
Customer Id_H2163,0.5715296676870374
Customer Id_H14994,0.571255237369835
Geo_Code_59163,0.5710195909402708
Customer Id_H5146,0.5706626572838949
Customer Id_H3093,0.5701166953510457
Geo_Code_91201,0.5699676837995074
Geo_Code_31555,0.5698434228336798
Customer Id_H6809,0.5698128237187339
Customer Id_H5478,0.5697509764409383
Customer Id_H17131,0.5691395364050162
Geo_Code_82121,0.5690482906852256
Customer Id_H14734,0.5684642802801505
Customer Id_H205,0.5672535027091875
Customer Id_H6252,0.5670790544981913
Customer Id_H17577,0.5669124850197396
Customer Id_H1442,0.5662001932969145
Customer Id_H18311,0.5661426632467936
Customer Id_H16951,0.5660907775113483
Customer Id_H13518,0.5652077739821219
Customer Id_H17707,0.5646466460951618
Customer Id_H4989,0.5644484303056764
Geo_Code_29058,0.5644484303056764
Customer Id_H7369,0.5642722318570289
Geo_Code_78455,0.563999272836923
Customer Id_H16583,0.563999272836923
Customer Id_H3734,0.5638783662487942
Customer Id_H14908,0.5633957979067102
Customer Id_H18318,0.5622349387824536
Customer Id_H5150,0.5617410618469166
Customer Id_H18281,0.5603892366980424
Customer Id_H4402,0.5579755560524586
Customer Id_H6587,0.5573421599671061
Customer Id_H14238,0.5562546664169149
Customer Id_H15503,0.5527401114837492
Customer Id_H6582,0.5518549785973614
Customer Id_H17918,0.5516272180598025
Customer Id_H5658,0.5503392612066519
Customer Id_H1887,0.5502776893779205
Customer Id_H3096,0.5499767103318075
Customer Id_H3541,0.5499381346166902
Customer Id_H19151,0.549259682831509
Customer Id_H15094,0.5484525808171384
Geo_Code_57480,0.548142302117376
Geo_Code_73317,0.5480512014933798
Geo_Code_45234,0.548016493297082
Geo_Code_78372,0.5474215206141294
Customer Id_H4877,0.5473902646909686
Customer Id_H14616,0.5470469627156423
Customer Id_H7113,0.5464802416426875
Customer Id_H3639,0.5464181667942892
Customer Id_H3965,0.5452120699401095
Customer Id_H18232,0.5451794954299661
Geo_Code_94044,0.5451794954299661
Customer Id_H19628,0.5451158014092062
Customer Id_H5903,0.545069340682372
Customer Id_H18844,0.5444490928688099
Customer Id_H2663,0.5439940686033585
Geo_Code_77487,0.543326621905137
Customer Id_H6613,0.543326621905137
Geo_Code_93048,0.5427540687698408
Customer Id_H19931,0.5421627915327732
Customer Id_H13766,0.542156255430448
Customer Id_H5011,0.5408409403462502
Customer Id_H18708,0.5405959042284175
Customer Id_H18316,0.5399970033879974
Customer Id_H15824,0.5381101699163138
Customer Id_H15022,0.5380738804270393
Geo_Code_21278,0.5380552626590713
Customer Id_H15579,0.537371911778362
Customer Id_H18820,0.537106719368235
Customer Id_H3556,0.5368617440733794
Customer Id_H17972,0.5368129002700509
Customer Id_H16713,0.5363590269823076
Customer Id_H5029,0.5362363534934694
Customer Id_H15934,0.5359225260214235
Customer Id_H4401,0.5357418491916462
Customer Id_H18294,0.533989072076953
Customer Id_H5305,0.5337443012288562
Geo_Code_69382,0.5337443012288562
Geo_Code_12202,0.5318248640373887
Customer Id_H14320,0.5315009483903779
Customer Id_H5121,0.5309235479492185
Customer Id_H15402,0.5307047738565214
Customer Id_H4533,0.5304806373432048
Customer Id_H6350,0.5298785415076964
Customer Id_H14326,0.529675875684865
Customer Id_H17917,0.529329723334782
Customer Id_H3819,0.5291269205530335
Customer Id_H15423,0.5282815112914238
Customer Id_H17614,0.5266362285952586
Customer Id_H16271,0.5256949927767578
Customer Id_H7229,0.5244971695344399
Customer Id_H3638,0.5236551909512913
Customer Id_H15264,0.5233282840580451
Customer Id_H13049,0.5232570981176521
Customer Id_H12969,0.5225403952064122
Customer Id_H19627,0.5224835104128095
Customer Id_H12850,0.5224424092696419
Customer Id_H13972,0.5220965129395589
Customer Id_H5167,0.52178032875461
Customer Id_H15731,0.521600536189135
Geo_Code_49007,0.5214560848458987
Customer Id_H18003,0.5210043077371473
Customer Id_H15992,0.5201027503133867
Geo_Code_64422,0.5199568088629362
Customer Id_H2695,0.519811786754347
Geo_Code_13203,0.5195090658672932
Customer Id_H13905,0.519209635010451
Customer Id_H17585,0.5187579557313228
Customer Id_H15691,0.5177869996338856
Geo_Code_93010,0.5177044075387788
Customer Id_H6785,0.5173155216808205
Customer Id_H15046,0.5164791790356031
Customer Id_H4211,0.5161983591873163
Customer Id_H4195,0.5161857049646388
Customer Id_H15061,0.515837778873516
Customer Id_H7324,0.5157399683432525
Customer Id_H13217,0.5153529977969848
Customer Id_H17515,0.5149481017680403
Customer Id_H15296,0.5144322286677414
Customer Id_H17923,0.5133472771738476
Customer Id_H7118,0.5132412273684993
Customer Id_H19414,0.5128233798368426
Customer Id_H7469,0.5122477229151331
Customer Id_H13953,0.5122442002713836
Customer Id_H13626,0.5121238044014357
Geo_Code_60141,0.5120609036451869
Customer Id_H16997,0.5119707123473483
Customer Id_H14798,0.5116674430713061
Customer Id_H3320,0.5116378146479269
Customer Id_H16956,0.5099623182014575
Customer Id_H18816,0.5097450066155896
Customer Id_H15590,0.5083268127326614
Customer Id_H19427,0.5083106080029698
Customer Id_H3527,0.5080744433303838
Geo_Code_62261,0.5072307334629632
Customer Id_H16238,0.5071487230084963
Customer Id_H16065,0.5071354276703188
Customer Id_H3738,0.5069995874998683
Customer Id_H1335,0.5063862938790299
Geo_Code_13066,0.506147786219281
Geo_Code_60159,0.5051636978535595
Customer Id_H19480,0.5045618240671974
Customer Id_H5714,0.5044943491989864
Customer Id_H15540,0.5038115356079006
Customer Id_H15109,0.502540229684624
Geo_Code_17461,0.5019826367532279
Customer Id_H13145,0.5019826367532279
Customer Id_H19140,0.5017686965141878
Customer Id_H18798,0.5014765036858454
Customer Id_H1724,0.501034218724496
Customer Id_H17410,0.5007072078326396
Customer Id_H13971,0.5006317019874691
Customer Id_H1441,0.5003840267734344
Customer Id_H63,0.5002232180763492
Customer Id_H18937,0.4992375361310238
Customer Id_H5272,0.4988423748031449
Customer Id_H2209,0.4983436048246288
Geo_Code_55545,0.49787138994407426
Customer Id_H3733,0.49758464758914234
Customer Id_H13053,0.4975045113167219
Customer Id_H15263,0.49739148683536677
Geo_Code_38316,0.497276182626418
Customer Id_H7458,0.49641870694533485
Customer Id_H18801,0.4961999129578559
Customer Id_H15690,0.49591460919267405
Customer Id_H15349,0.49466281516363825
Customer Id_H16569,0.4943760289702279
Customer Id_H2698,0.49368403052599635
Customer Id_H15295,0.49332745728267424
Customer Id_H18424,0.4932646642096607
Customer Id_H18829,0.4928970503085162
Customer Id_H14330,0.49248031396841024
Customer Id_H16108,0.49214341094062997
Customer Id_H15195,0.4920597998821271
Geo_Code_6029,0.4917559043455884
Customer Id_H12765,0.49170068232624886
Customer Id_H6906,0.4915083793167211
Customer Id_H16503,0.4910099367310573
Customer Id_H4115,0.4909081470788124
Customer Id_H1714,0.48923667759665745
Customer Id_H15813,0.48886748428217514
Customer Id_H16711,0.48869041804849855
Customer Id_H15453,0.48864692338046756
Customer Id_H19909,0.48789041324963317
Customer Id_H4531,0.48758286892959235
Customer Id_H17524,0.48701233772825275
Geo_Code_28218,0.4868969772050677
Customer Id_H12803,0.4868969772050677
Customer Id_H6962,0.48672696258846804
Customer Id_H5657,0.4861750426957346
Customer Id_H6033,0.4860306247908611
Customer Id_H17932,0.4859414221722792
Customer Id_H4737,0.48561363352409526
Customer Id_H18734,0.4854700768120432
Customer Id_H13656,0.48542803845575133
Geo_Code_43157,0.4850322675193448
Customer Id_H647,0.4846582273485164
Customer Id_H3864,0.4844604424638812
Customer Id_H18545,0.4838476324277625
Customer Id_H17083,0.4828762760783743
Customer Id_H17869,0.48232959244980533
Customer Id_H4053,0.48142214720416304
Customer Id_H6813,0.48123558993421767
Customer Id_H19034,0.48122865389969866
Customer Id_H15437,0.4802937061722411
Geo_Code_77327,0.47982909225751336
Customer Id_H17851,0.47982909225751336
Customer Id_H16992,0.47976911780579945
Geo_Code_59183,0.4795548938267289
Geo_Code_92002,0.47858344306114786
Geo_Code_38538,0.47800040831548646
Customer Id_H1611,0.4779282815837851
Customer Id_H18040,0.4775328097265171
Geo_Code_83900,0.47731362951391165
Customer Id_H6246,0.47731362951391165
Customer Id_H16741,0.4771977105603314
Customer Id_H18668,0.4768887321821599
Customer Id_H5025,0.47673169526265696
Customer Id_H15999,0.4762683358630362
Customer Id_H18164,0.47549999026024337
Customer Id_H6452,0.47505510047650307
Customer Id_H4435,0.4748020373677446
Customer Id_H1925,0.4743416412388612
Geo_Code_77288,0.47414217896872346
Customer Id_H16165,0.4740611747838847
Customer Id_H16568,0.4734811366724137
Customer Id_H1629,0.4717267731395369
Geo_Code_11076,0.47161880001502626
Customer Id_H12735,0.47161880001502626
Customer Id_H6445,0.4715332486454941
Customer Id_H6712,0.47048583020697854
Customer Id_H4114,0.4700650264489722
Customer Id_H17314,0.4688852606923202
Customer Id_H3069,0.46872944115074494
Customer Id_H5822,0.4683731677174913
Customer Id_H18766,0.46799420145730686
Customer Id_H15810,0.4675859233243882
Customer Id_H13774,0.4662459953508749
Customer Id_H2882,0.46621485057732914
Geo_Code_9122,0.46621485057732914
Customer Id_H13504,0.4661531210263322
Customer Id_H5296,0.4657956487129161
Customer Id_H4021,0.4657196463069782
Customer Id_H17046,0.46558755419965436
Geo_Code_69241,0.4630196990862147
Customer Id_H12802,0.4630196990862147
Customer Id_H18905,0.4630033647119983
Customer Id_H725,0.4629141048607067
Customer Id_H5195,0.4625708835913248
Customer Id_H7294,0.4619168987142483
Geo_Code_78551,0.4615616574441549
Customer Id_H6346,0.460813506761476
Customer Id_H13749,0.4603598358678324
Customer Id_H2421,0.45987646752724354
Geo_Code_94081,0.4590063878189273
Customer Id_H16173,0.45841439927934724
Customer Id_H5263,0.4575755347197494
Geo_Code_77337,0.45729620635683654
Customer Id_H14861,0.45729620635683654
Customer Id_H2802,0.4563880321866038
Customer Id_H15262,0.45579945586801507
Customer Id_H1941,0.4551292808343106
Geo_Code_27056,0.4543954862133517
Geo_Code_38416,0.454122541886723
Customer Id_H16164,0.4539389626838398
Customer Id_H2495,0.4539232318945866
Customer Id_H18192,0.45390039133751825
Geo_Code_69250,0.45390039133751825
Customer Id_H15237,0.45389572353634366
Customer Id_H6701,0.4538681031510793
Customer Id_H17211,0.45381763934304914
Customer Id_H16719,0.4533193997076499
Customer Id_H14157,0.4525708489054776
Customer Id_H18107,0.45254378102671877
Customer Id_H18446,0.45175778586207804
Customer Id_H19042,0.4510321043434471
Customer Id_H16241,0.45005156521316586
Customer Id_H5374,0.4499325438858093
Geo_Code_75118,0.44986141767696564
Customer Id_H13034,0.44927856625050727
Geo_Code_74105,0.44927856625050727
Customer Id_H6788,0.4468434864511838
Customer Id_H13819,0.4465684750995621
Customer Id_H3652,0.44633129305930075
Customer Id_H17240,0.446185891470445
Customer Id_H13503,0.4458550867970071
Customer Id_H3574,0.44518839634032065
Customer Id_H6781,0.44468776246740865
Geo_Code_78688,0.4445430296381473
Customer Id_H16940,0.4437147261863789
Geo_Code_56162,0.4432515172521997
Customer Id_H4032,0.4432515172521997
Customer Id_H6690,0.4429312103426764
Geo_Code_13205,0.4428345420341392
Customer Id_H14409,0.44230497276682484
Customer Id_H14413,0.44230497276682484
Geo_Code_34301,0.44228786789290564
Customer Id_H5027,0.4422386676360364
Geo_Code_64122,0.4421470021746475
Customer Id_H19033,0.4411258160554956
Customer Id_H13482,0.4408880183668902
Customer Id_H15694,0.44053542056348144
Geo_Code_6120,0.4398958523800237
Geo_Code_74082,0.4397449401753879
Customer Id_H6728,0.4397449401753879
Customer Id_H16174,0.43957971592583467
Customer Id_H13676,0.4387615637219955
Customer Id_H4673,0.437366146350008
Geo_Code_35024,0.4364462284869493
Customer Id_H2781,0.4364462284869493
Customer Id_H17608,0.4364272567937357
Customer Id_H7202,0.4359402584244588
Customer Id_H18991,0.4357834647604578
Geo_Code_77053,0.4354554561599627
Customer Id_H18060,0.43539074782535625
Customer Id_H18171,0.43523060821954906
Customer Id_H6508,0.4339395295703474
Customer Id_H13873,0.4338756822568338
Customer Id_H16967,0.43355268306235956
Customer Id_H13710,0.43354701558388303
Customer Id_H1431,0.4329386070142191
Customer Id_H18795,0.43289272981912624
Customer Id_H15293,0.43283834497903534
Customer Id_H12633,0.4324996240788628
Geo_Code_77108,0.43249681397622364
Customer Id_H17514,0.43211597822241044
Customer Id_H18300,0.43185183080115586
Customer Id_H17871,0.43114201382240075
Customer Id_H14627,0.43063662282017556
Customer Id_H18860,0.42987433897055316
Customer Id_H4113,0.42981157610422066
Customer Id_H16853,0.42979148103489945
Customer Id_H18769,0.42952069027898226
Customer Id_H16374,0.42877369145525396
Geo_Code_14437,0.4284356645315162
Customer Id_H16786,0.42806550311700764
Customer Id_H15881,0.4279089994879849
Customer Id_H17832,0.4274469501299407
Customer Id_H6787,0.427412520398577
Customer Id_H6460,0.42710126614638927
Customer Id_H13281,0.4267147113697603
Customer Id_H14260,0.4252766003625159
Customer Id_H17599,0.4249904904961649
Customer Id_H3984,0.4246399720350202
Customer Id_H4474,0.42438227244337534
Customer Id_H3566,0.42402899227328944
Customer Id_H14805,0.4238840778232207
Customer Id_H5280,0.42372950911921187
Customer Id_H7288,0.42363814989106297
Customer Id_H17016,0.42280997039237384
Customer Id_H16696,0.42132344257191523
Customer Id_H17343,0.4210203167101729
Customer Id_H19100,0.4207766607438595
Customer Id_H5375,0.42020608991822594
Customer Id_H6142,0.4194331848173923
Customer Id_H13598,0.4184469227941214
Customer Id_H3519,0.4183357330595774
Geo_Code_75116,0.418056083878281
Customer Id_H2136,0.41739672790405546
Customer Id_H13374,0.41710674654402813
Customer Id_H15428,0.4170310918552132
Customer Id_H19098,0.4168475703949857
Geo_Code_64348,0.41634129118826896
Customer Id_H18198,0.41634129118826896
Customer Id_H15269,0.4162716789967416
Customer Id_H4092,0.41615350008532137
Customer Id_H1616,0.4160744004106828
Customer Id_H14247,0.41590288613865134
Customer Id_H4821,0.41560159370075705
Customer Id_H14490,0.4152750267861024
Customer Id_H13872,0.4144712606002559
Customer Id_H16677,0.41433797441962716
Customer Id_H17905,0.4139017777480041
Customer Id_H4258,0.41299985726400423
Customer Id_H19117,0.4124895273876505
Customer Id_H3848,0.4119618240374525
Customer Id_H16457,0.4114691993048071
Customer Id_H17863,0.41053392513301995
Customer Id_H13553,0.410304282270126
Customer Id_H14298,0.41027089009579576
Customer Id_H16297,0.40955474692284355
NumberOfWindows_9,0.4072862080953526
Geo_Code_92004,0.4063239532401144
Geo_Code_42123,0.40626828786614744
Customer Id_H18683,0.40586611791559657
Customer Id_H15219,0.4056990009912527
Customer Id_H18646,0.40548609144751774
Customer Id_H15287,0.4054565804057766
Customer Id_H3983,0.40533144526365855
Customer Id_H17815,0.40499970447737077
Geo_Code_94002,0.40468656357428434
Customer Id_H6167,0.40444428135659927
Geo_Code_74018,0.40398210145117874
Customer Id_H1413,0.4025476896563269
Customer Id_H18332,0.4020894638044471
Customer Id_H2760,0.40142625981438573
Customer Id_H17880,0.399942679772427
Customer Id_H16766,0.39973818692777624
Customer Id_H15198,0.39963874072771594
Customer Id_H6379,0.39935604067554004
Customer Id_H17778,0.3987899404460508
Customer Id_H12832,0.3985925397248874
Customer Id_H18398,0.39730027384489275
Customer Id_H19040,0.3971354742904594
Customer Id_H7059,0.39692881876919245
Geo_Code_73137,0.396354012577152
Customer Id_H6373,0.39629742053302386
Customer Id_H1940,0.3961750709253175
Geo_Code_78513,0.3959749603322259
Customer Id_H5240,0.39542284295242836
Customer Id_H3306,0.3946923523008094
Geo_Code_68056,0.39467474755819687
Customer Id_H17732,0.3946657118860927
Geo_Code_92014,0.39405029690812754
Geo_Code_95428,0.3937269341142933
Customer Id_H2504,0.3937066852608856
Customer Id_H3586,0.39297755112117655
Geo_Code_44109,0.3924689613398161
Geo_Code_6155,0.392407088220363
Geo_Code_57463,0.3919662472154042
Customer Id_H17661,0.39195280858588083
Customer Id_H5528,0.3918490118978558
Customer Id_H14047,0.39037988244941313
Geo_Code_29151,0.3897744771637215
Geo_Code_38001,0.38958604525043894
Customer Id_H15865,0.3877590783330593
Geo_Code_5023,0.38758523892387925
Geo_Code_83048,0.3874026938445479
Customer Id_H1503,0.3866910681614194
Geo_Code_91174,0.3861507675995313
Customer Id_H6166,0.38578232428682746
Building_Fenced_V,0.3857604994385456
Customer Id_H6745,0.38573231025715865
Customer Id_H13983,0.38545729456100414
Customer Id_H17388,0.3851957198200161
Geo_Code_92012,0.3831355695261212
Customer Id_H17105,0.38164041918894265
Customer Id_H3294,0.3814974025169198
Customer Id_H5194,0.3805296822493871
Customer Id_H15734,0.3800245030333415
Customer Id_H13373,0.3794508073276175
Customer Id_H18397,0.37875509013725545
Customer Id_H15504,0.37791119796315237
Customer Id_H19102,0.3777813658695435
Customer Id_H15348,0.3775920529553207
Customer Id_H13708,0.3769032865917143
Customer Id_H17286,0.37630482976170626
Customer Id_H378,0.37619105734232255
Customer Id_H4672,0.37560703426491104
Customer Id_H17204,0.3754088721552335
Customer Id_H4970,0.3754044045970925
Customer Id_H13650,0.3737993310020873
Geo_Code_30351,0.3728148829015102
Geo_Code_42186,0.3724649639243184
Customer Id_H14739,0.3720941558031688
Geo_Code_42183,0.3720941558031688
Customer Id_H17674,0.3715396302911684
Customer Id_H13979,0.37083617836230764
Customer Id_H16780,0.37078223605408855
Customer Id_H19424,0.37045774628354255
Customer Id_H13703,0.3699887345863995
Customer Id_H16370,0.36962371817794204
Geo_Code_67118,0.36962371817794204
Customer Id_H13545,0.36910772111442997
Customer Id_H3655,0.3689459096229993
Customer Id_H14066,0.3682915300686
Geo_Code_77284,0.3682915300686
Customer Id_H12928,0.3682425315288182
Customer Id_H3897,0.36789825584367075
Customer Id_H18305,0.36642418174247293
Customer Id_H18085,0.36626636724976025
Geo_Code_83098,0.36608526631396043
Geo_Code_33009,0.36535689386678266
Customer Id_H17994,0.36451919958329604
Customer Id_H16796,0.3636384283824374
Geo_Code_64102,0.3623515566154123
Customer Id_H18091,0.36206716842712283
Customer Id_H4798,0.3619443241804114
Geo_Code_13054,0.3617717514333968
Customer Id_H17777,0.3614737089422431
Customer Id_H15153,0.3613626676556799
Customer Id_H18936,0.36061736893158913
Customer Id_H17630,0.36012321881749915
Customer Id_H14489,0.3599741899775691
Customer Id_H17664,0.3596500520066719
Customer Id_H18953,0.35959677770346454
Geo_Code_29019,0.3581836863366397
Customer Id_H19423,0.3581484427653591
Customer Id_H4077,0.3575687632050432
Customer Id_H3847,0.356754354391614
Customer Id_H6424,0.355696282076858
Customer Id_H2945,0.3556569575953932
Customer Id_H17961,0.35420751212220986
Customer Id_H16723,0.3541409682155462
Geo_Code_38318,0.35296942822802313
Customer Id_H16706,0.3529363176063714
Geo_Code_25462,0.35241560703097774
Customer Id_H17496,0.35122756723714804
Geo_Code_13086,0.3498474356185519
Geo_Code_74094,0.349654335911362
Customer Id_H13575,0.3495286048302442
Geo_Code_78297,0.34937812089357734
Customer Id_H17624,0.34937812089357734
Geo_Code_83042,0.34875128216352114
Customer Id_H17511,0.3479756054796638
Geo_Code_92020,0.34681845503966424
Customer Id_H16727,0.3467060385113284
Geo_Code_6012,0.34662359122127184
Customer Id_H14657,0.3461122905544992
Geo_Code_66136,0.34540505567496066
Customer Id_H18362,0.3446468109250878
Customer Id_H17003,0.3444135293457758
Customer Id_H16410,0.344322508394188
Customer Id_H17566,0.3440480833565482
Customer Id_H16042,0.3437182056045983
Customer Id_H1668,0.3432157374731913
Customer Id_H16204,0.3430716815197072
Customer Id_H17629,0.34291346607944123
Customer Id_H6524,0.34261733671558287
Customer Id_H18897,0.3422337431762212
Customer Id_H6439,0.34074025956702536
Customer Id_H7192,0.34044792447221955
Customer Id_H14878,0.3398469041169038
Customer Id_H1905,0.3388959820653171
Customer Id_H19029,0.3387234228441667
Customer Id_H3416,0.33856722090223007
Customer Id_H13597,0.3385427986491573
Customer Id_H19858,0.33810677296320996
Customer Id_H16175,0.33771840299567585
Customer Id_H13569,0.3377044952619495
Geo_Code_38314,0.3373663637564048
Customer Id_H13472,0.33678384629287295
Geo_Code_78481,0.3367836111289522
Customer Id_H14712,0.33669781274360794
Geo_Code_92049,0.3364553684661859
Geo_Code_77464,0.33609623228821056
Customer Id_H1385,0.3357465547787454
Customer Id_H13893,0.3348592585640349
Customer Id_H5462,0.3347437065928722
Geo_Code_69202,0.3347395508843751
Customer Id_H3006,0.33452333448881616
Customer Id_H1760,0.3344344927073782
Customer Id_H14225,0.3338522141054407
Customer Id_H5755,0.3324721119941376
Geo_Code_75117,0.33223763268897305
Geo_Code_76540,0.33159531598392133
Customer Id_H15346,0.33157815580761546
Customer Id_H18084,0.3314981649109233
Customer Id_H2798,0.3310834966166309
Customer Id_H4518,0.3310572167479372
Customer Id_H6384,0.3302610789961905
Geo_Code_31113,0.32986981137786514
Customer Id_H15823,0.32868274842411527
Customer Id_H2800,0.3282878472093456
Geo_Code_73011,0.32734536873293973
Customer Id_H18355,0.327085109500429
Customer Id_H6523,0.32634064074172875
Customer Id_H13484,0.32628962382988813
Customer Id_H15588,0.3262116018146892
Geo_Code_38034,0.3257272008755886
Customer Id_H18896,0.3252948027147776
Geo_Code_71543,0.32502580058435615
Geo_Code_26064,0.3246438232322963
Customer Id_H18035,0.32450195898378065
Customer Id_H3798,0.32443494191186917
Customer Id_H16624,0.32368617958779344
Customer Id_H7191,0.3236231173688232
Customer Id_H19006,0.32295830684378013
Customer Id_H18123,0.32243510285976423
Geo_Code_73248,0.3215361472049602
Customer Id_H18666,0.3215275970985639
Customer Id_H14723,0.32063971171636835
Customer Id_H14550,0.31977581082034207
Customer Id_H1759,0.31787273993263604
Customer Id_H19039,0.3159046605937628
Customer Id_H17473,0.3157465322381425
Customer Id_H16979,0.31500546967859666
Customer Id_H13599,0.314420456048717
Customer Id_H13016,0.3141855910563996
Customer Id_H17939,0.31387475589597613
Customer Id_H2806,0.31341580460769836
Customer Id_H1657,0.31313441647187984
Customer Id_H13919,0.3128194260626791
Customer Id_H17030,0.3124996184391958
Geo_Code_31395,0.3119455755512315
Building_Type,0.3116705755032617
Customer Id_H17889,0.31142245265193497
Customer Id_H7350,0.31051220360529747
Geo_Code_34023,0.30901452191530754
Geo_Code_78545,0.3081418006993778
Customer Id_H7121,0.3071295455871966
Customer Id_H17519,0.30708432989785367
Geo_Code_6014,0.30708432989785367
Customer Id_H15522,0.3063856929382433
Geo_Code_35093,0.30478891928091684
Geo_Code_75102,0.3037898465012968
Customer Id_H18757,0.3023715235750464
Customer Id_H16690,0.302172566500954
Geo_Code_74164,0.301604001902488
Customer Id_H2603,0.30135149075544393
Geo_Code_83034,0.3009551127998215
Customer Id_H17472,0.29949032216904187
Customer Id_H16978,0.29896396341343906
Geo_Code_94058,0.2983484120199093
Customer Id_H13015,0.2982743606051445
Insured_Period,0.2977143544924999
Customer Id_H17759,0.297331164617155
Customer Id_H13918,0.29687814379070665
Customer Id_H19354,0.2955423217736435
Customer Id_H13333,0.29531169071307567
Customer Id_H16409,0.29501511633349
Customer Id_H17565,0.2947457837521999
Customer Id_H15093,0.29174257121062774
Geo_Code_60172,0.29174257121062774
Customer Id_H7120,0.29134631842295167
Customer Id_H15626,0.2904395580717327
Geo_Code_13216,0.2897484053316514
Geo_Code_30133,0.28864197316394874
Customer Id_H4163,0.2886122601273842
Customer Id_H14485,0.2883036962531111
Customer Id_H17167,0.28788499468973766
Customer Id_H6991,0.2863250052675837
Customer Id_H3782,0.28565443055375145
Geo_Code_74220,0.2853751999448958
Geo_Code_63032,0.28515269695617124
Customer Id_H2226,0.28387590550106084
Customer Id_H19067,0.2834102036631552
Customer Id_H17749,0.28294391693739107
Customer Id_H7097,0.281478226211885
Geo_Code_21515,0.2799369260096943
Customer Id_H18697,0.2798268702169748
Customer Id_H5533,0.2777353642678461
Customer Id_H3759,0.27709075934686433
Customer Id_H18306,0.2742753516783591
Geo_Code_38382,0.27375274752569134
Customer Id_H17613,0.27375274752569134
Customer Id_H14769,0.27201944055688343
Geo_Code_31187,0.27201944055688343
Customer Id_H18898,0.27133057220410045
Geo_Code_2A130,0.27065929901834673
Customer Id_H14468,0.2698682956061995
Customer Id_H15652,0.2698257750650877
Customer Id_H6464,0.26860722419154587
Customer Id_H17143,0.2678417493335481
Customer Id_H14556,0.26738973488318263
Customer Id_H18710,0.2670311955004101
Geo_Code_17300,0.26700866982351384
Customer Id_H14700,0.2660901419409291
Customer Id_H5570,0.2660648437273489
Customer Id_H18455,0.2651235588520209
Customer Id_H6800,0.26470295459878007
Customer Id_H6607,0.26324718232905187
Customer Id_H4674,0.26290841501211537
Customer Id_H18874,0.26191193567925414
Customer Id_H19035,0.2617347993523094
Geo_Code_62108,0.26132141586845137
Customer Id_H3206,0.26104701313276113
Customer Id_H15032,0.2602483911737433
Geo_Code_84137,0.2597799596035781
Customer Id_H4355,0.2593175978422227
Customer Id_H18784,0.2590653603103378
Customer Id_H17915,0.2586854319381921
Customer Id_H5558,0.25792212957007554
Customer Id_H19007,0.25745195116822395
Customer Id_H16768,0.25704373411610837
Geo_Code_69297,0.2567726029864388
Customer Id_H18507,0.2564582534967485
Geo_Code_14701,0.2564339425969871
Customer Id_H13118,0.2564339425969871
Customer Id_H14467,0.25608627457918287
Customer Id_H6463,0.25422689407881427
Customer Id_H5309,0.25418467989808574
NumberOfWindows_>=10,0.25382055562647227
Customer Id_H16525,0.25371411084247897
Customer Id_H4125,0.25283382892092465
Geo_Code_78361,0.25279217277388405
Geo_Code_Unknown,0.25265403025341343
Customer Id_H6042,0.25264204314094457
Customer Id_H18329,0.25080677093426534
Customer Id_H2954,0.250798158557856
NumberOfWindows_7,0.2505072566671637
Customer Id_H19192,0.2501867404935316
Customer Id_H15441,0.24951084577472168
Customer Id_H17882,0.24928172837853838
Customer Id_H18892,0.24909861540715272
Customer Id_H17893,0.24901981810725163
Geo_Code_30189,0.24877750370905435
Customer Id_H12638,0.2484488819491383
Geo_Code_83126,0.2482293533946917
Customer Id_H17643,0.24809908900172772
Customer Id_H12675,0.24524452794009113
Geo_Code_38516,0.2443848271142948
Customer Id_H5557,0.2440772388403406
Geo_Code_78208,0.24405560566013432
Geo_Code_16102,0.24346874811856337
Customer Id_H17765,0.24331616642906
Customer Id_H16426,0.2431505276340076
Customer Id_H2177,0.24313475090024786
Customer Id_H13488,0.24100880542040373
Geo_Code_84007,0.24088840119402333
Customer Id_H14555,0.23946359251323782
Customer Id_H4475,0.23809344629068907
Customer Id_H18711,0.23681356412122384
Geo_Code_77407,0.23646139393220705
Geo_Code_75119,0.23618840277729553
Customer Id_H1575,0.23524844420289842
Customer Id_H5248,0.2315714967919958
Customer Id_H14484,0.23132127391659527
Customer Id_H5556,0.23078609673399025
Customer Id_H16648,0.22882606885653803
Geo_Code_57368,0.22882606885653803
Customer Id_H1614,0.2276993819563828
Geo_Code_33192,0.22717081194161876
Customer Id_H19405,0.22647780643242416
Customer Id_H7096,0.22525481987180804
Geo_Code_69294,0.2247718923501139
Geo_Code_38563,0.22387889716460652
Customer Id_H15148,0.22220124771441857
Geo_Code_13001,0.22220054829096253
Customer Id_H18517,0.2219645590467883
Customer Id_H15854,0.2213325487550986
Geo_Code_74087,0.22013129257136696
Geo_Code_6088,0.22010724301806575
Customer Id_H5321,0.22006054943667058
Customer Id_H17192,0.21992726468265095
Geo_Code_13212,0.21205677552353372
Customer Id_H19828,0.21053932070249337
Customer Id_H2327,0.21030206763661527
Geo_Code_64260,0.20854030867891757
Geo_Code_13201,0.20743657545261382
Customer Id_H19002,0.20621674866422804
Customer Id_H4700,0.2050852830856215
Geo_Code_69259,0.20428932672942854
Customer Id_H15048,0.20421412992897145
Geo_Code_77449,0.20263034051362333
Geo_Code_67447,0.20219936904520752
Geo_Code_6157,0.20207005482856236
Customer Id_H7384,0.200606934690152
Customer Id_H16931,0.20014031952019498
Customer Id_H15679,0.1986101822038046
Geo_Code_60057,0.19803209140176517
Customer Id_H15816,0.19803209140176517
Customer Id_H14205,0.19787830449835436
Customer Id_H13995,0.19744408027571297
Customer Id_H1573,0.19736816399308393
Customer Id_H17642,0.1953614503836823
Geo_Code_61483,0.19457416479482353
Geo_Code_74268,0.1942024129819414
Customer Id_H4264,0.19271670545575043
Customer Id_H18530,0.19256184489971429
Customer Id_H3994,0.1913147651013626
Geo_Code_69290,0.1913147651013626
Geo_Code_65388,0.1907691215156888
Geo_Code_83009,0.1907045145168965
Customer Id_H14990,0.19003871056494823
Customer Id_H6799,0.18948352301440388
Customer Id_H16755,0.18821109820384974
Geo_Code_93070,0.1838079246117831
Geo_Code_77058,0.18314847277008217
Customer Id_H12971,0.1829465757358598
Customer Id_H1888,0.18121552842008545
Geo_Code_38158,0.1802532982414883
Geo_Code_13077,0.17735367297714535
Customer Id_H1492,0.1760253623981343
Customer Id_H14282,0.17513865539110696
Customer Id_H5545,0.17411782635322243
Customer Id_H15650,0.17396066558486595
Customer Id_H18031,0.17268967905362134
Customer Id_H19060,0.17143233193069396
Geo_Code_59512,0.1702925943121446
Geo_Code_44190,0.16950743936514914
Geo_Code_62826,0.16793972232260118
Customer Id_H16528,0.1667729687458003
Customer Id_H13681,0.1637861574899489
Customer Id_H19059,0.1612306045296281
Geo_Code_64249,0.16074222379831904
Geo_Code_93064,0.1593599384069824
Geo_Code_95063,0.15381792238007547
Geo_Code_75120,0.15366315450976772
Customer Id_H14322,0.15355832773926065
NumberOfWindows_5,0.15165933888643868
Customer Id_H2078,0.1512973318548324
Geo_Code_14365,0.1503455529281655
Customer Id_H17784,0.14846289845597999
Customer Id_H7253,0.14820440372017202
Geo_Code_95424,0.14615022113305925
Customer Id_H5724,0.14435864861985218
Geo_Code_88075,0.1437451339391508
Geo_Code_76255,0.14170760813914204
Geo_Code_15014,0.1403687375956929
Geo_Code_77373,0.13983584478967584
Customer Id_H6473,0.13973991428249918
Geo_Code_78423,0.13922783838091812
Geo_Code_38185,0.13877542201250762
Customer Id_H17036,0.13820767656519953
Geo_Code_34032,0.13599498575127092
Customer Id_H14321,0.13542521552621015
Customer Id_H17938,0.1344071506387609
Customer Id_H17782,0.1339778727336119
Geo_Code_14341,0.13337230774401038
Geo_Code_42218,0.13336121972453874
Geo_Code_64483,0.13312577533023867
NumberOfWindows_4,0.12818395697108617
Customer Id_H17807,0.12240422238498123
Geo_Code_73222,0.1223001275226422
Customer Id_H15212,0.12211561950883704
Geo_Code_33096,0.12153033071527454
Customer Id_H18584,0.12110317629505563
Geo_Code_66037,0.11697932566577986
Geo_Code_57672,0.11558580169806723
Geo_Code_43251,0.1142810660850373
Geo_Code_92025,0.11262732600380944
Geo_Code_74012,0.11179495786210229
Geo_Code_83137,0.11021983347077405
Geo_Code_69282,0.10616946043291466
Customer Id_H17753,0.1048351976047889
Geo_Code_74093,0.10353981802028489
Geo_Code_95052,0.1025358458965277
Geo_Code_6079,0.10174395713166995
Geo_Code_54395,0.09879347369695711
Geo_Code_90010,0.0971447191355986
Geo_Code_92035,0.09562360194780907
Geo_Code_75101,0.09518549434284936
Geo_Code_64024,0.09330353848417629
NumberOfWindows_8,0.09061064610632513
Geo_Code_29039,0.08898574787491882
Geo_Code_5110,0.07912011036036938
Building_Painted_V,0.07732542763098446
Geo_Code_75107,0.0755066923844676
Geo_Code_83065,0.0734941078765421
Geo_Code_13213,0.07206625729717289
Geo_Code_33281,0.055511662387506516
Garden_Unknown,0.055190037761207116
Geo_Code_54184,0.052622520990161195
Geo_Code_6138,0.05163825583482583
Geo_Code_29105,0.03494514399733584
Geo_Code_21617,0.034930493421920596
Geo_Code_6032,0.03334204967157036
Geo_Code_14327,0.02199379261968112
Geo_Code_66182,0.021570908336617414
Geo_Code_58194,0.02083914380285276
Geo_Code_74256,0.019162473893291506
Geo_Code_13210,0.018474512019915564
NumberOfWindows_6,0.015317256689219119
Geo_Code_92048,0.013328369239139395
Customer Id_H7125,0.0
Customer Id_H1739,0.0
Customer Id_H13264,0.0
Geo_Code_77122,0.0
Customer Id_H7127,0.0
Customer Id_H7137,0.0
Customer Id_H714,0.0
Customer Id_H13404,0.0
Customer Id_H7156,0.0
Customer Id_H7187,0.0
Customer Id_H6721,0.0
Customer Id_H2479,0.0
Customer Id_H2478,0.0
Customer Id_H18846,0.0
Customer Id_H2472,0.0
Customer Id_H380,0.0
Customer Id_H379,0.0
Customer Id_H18852,0.0
Customer Id_H18853,0.0
Customer Id_H19882,0.0
Customer Id_H3783,0.0
Customer Id_H3823,0.0
Customer Id_H3834,0.0
Customer Id_H3840,0.0
Customer Id_H3785,0.0
Customer Id_H17413,0.0
Customer Id_H17418,0.0
Customer Id_H17421,0.0
Customer Id_H17390,0.0
Customer Id_H17434,0.0
Customer Id_H1885,0.0
Customer Id_H3928,0.0
Customer Id_H14811,0.0
Customer Id_H14814,0.0
Customer Id_H14732,0.0
Customer Id_H14735,0.0
Customer Id_H7225,0.0
Customer Id_H19917,0.0
Customer Id_H19920,0.0
Customer Id_H6687,0.0
Customer Id_H6699,0.0
Customer Id_H13439,0.0
Customer Id_H15157,0.0
Customer Id_H6713,0.0
Customer Id_H393,0.0
Customer Id_H3937,0.0
Customer Id_H3942,0.0
Customer Id_H3945,0.0
Customer Id_H17307,0.0
Customer Id_H17274,0.0
Customer Id_H17276,0.0
Customer Id_H17280,0.0
Customer Id_H17284,0.0
Customer Id_H15156,0.0
Customer Id_H3805,0.0
Customer Id_H3816,0.0
Customer Id_H3862,0.0
Customer Id_H17360,0.0
Customer Id_H13411,0.0
Customer Id_H13417,0.0
Customer Id_H13436,0.0
Customer Id_H13437,0.0
Customer Id_H14845,0.0
Geo_Code_74190,0.0
Geo_Code_76235,0.0
Customer Id_H3924,0.0
Customer Id_H3867,0.0
Customer Id_H3868,0.0
Customer Id_H18486,0.0
Customer Id_H3880,0.0
Customer Id_H3887,0.0
Customer Id_H13456,0.0
Geo_Code_74085,0.0
Geo_Code_74140,0.0
Geo_Code_74161,0.0
Customer Id_H3907,0.0
Customer Id_H3918,0.0
Customer Id_H17368,0.0
Customer Id_H3630,0.0
Customer Id_H18468,0.0
Customer Id_H18479,0.0
Geo_Code_77468,0.0
Customer Id_H13273,0.0
Customer Id_H13275,0.0
Customer Id_H13298,0.0
Geo_Code_77215,0.0
Geo_Code_77222,0.0
Customer Id_H19366,0.0
Customer Id_H19368,0.0
Geo_Code_77285,0.0
Customer Id_H250,0.0
Customer Id_H2500,0.0
Customer Id_H2512,0.0
Customer Id_H252,0.0
Customer Id_H6755,0.0
Customer Id_H15086,0.0
Customer Id_H15088,0.0
Customer Id_H6757,0.0
Customer Id_H6764,0.0
Customer Id_H6769,0.0
Customer Id_H15056,0.0
Customer Id_H2499,0.0
Customer Id_H7435,0.0
Customer Id_H7447,0.0
Customer Id_H19701,0.0
Customer Id_H19702,0.0
Customer Id_H1971,0.0
Customer Id_H18916,0.0
Customer Id_H7468,0.0
Customer Id_H14570,0.0
Customer Id_H14575,0.0
Customer Id_H6216,0.0
Customer Id_H13257,0.0
Customer Id_H3621,0.0
Customer Id_H13197,0.0
Customer Id_H13201,0.0
Customer Id_H3616,0.0
Customer Id_H17641,0.0
Customer Id_H17648,0.0
Customer Id_H17650,0.0
Customer Id_H3660,0.0
Customer Id_H3665,0.0
Customer Id_H3670,0.0
Customer Id_H3686,0.0
Customer Id_H369,0.0
Customer Id_H362,0.0
Customer Id_H13192,0.0
Customer Id_H17478,0.0
Customer Id_H1748,0.0
Customer Id_H3692,0.0
Customer Id_H3693,0.0
Customer Id_H17537,0.0
Customer Id_H17491,0.0
Customer Id_H17501,0.0
Customer Id_H3721,0.0
Customer Id_H3727,0.0
Customer Id_H3739,0.0
Customer Id_H3744,0.0
Customer Id_H15062,0.0
Customer Id_H17376,0.0
Customer Id_H17377,0.0
Customer Id_H17379,0.0
Customer Id_H13265,0.0
Customer Id_H17233,0.0
Customer Id_H3761,0.0
Customer Id_H17470,0.0
Customer Id_H3766,0.0
Customer Id_H377,0.0
Customer Id_H3775,0.0
Customer Id_H6715,0.0
Customer Id_H14844,0.0
Customer Id_H3758,0.0
Customer Id_H15123,0.0
Customer Id_H6702,0.0
Customer Id_H6703,0.0
Customer Id_H15078,0.0
Customer Id_H15082,0.0
Customer Id_H15083,0.0
Customer Id_H7090,0.0
Customer Id_H17590,0.0
Customer Id_H17596,0.0
Customer Id_H17598,0.0
Customer Id_H3645,0.0
Customer Id_H3717,0.0
Customer Id_H17504,0.0
Customer Id_H17506,0.0
Customer Id_H17509,0.0
Customer Id_H18452,0.0
Customer Id_H18460,0.0
Customer Id_H18463,0.0
Customer Id_H17520,0.0
Geo_Code_76681,0.0
Customer Id_H13308,0.0
Geo_Code_77371,0.0
Customer Id_H3696,0.0
Customer Id_H37,0.0
Customer Id_H17555,0.0
Customer Id_H4135,0.0
Customer Id_H17104,0.0
Geo_Code_67261,0.0
Geo_Code_67268,0.0
Customer Id_H13629,0.0
Customer Id_H13640,0.0
Customer Id_H13653,0.0
Customer Id_H13658,0.0
Customer Id_H4179,0.0
Customer Id_H418,0.0
Customer Id_H4182,0.0
Customer Id_H4036,0.0
Customer Id_H18515,0.0
Customer Id_H18526,0.0
Customer Id_H4255,0.0
Customer Id_H17057,0.0
Customer Id_H17075,0.0
Customer Id_H4190,0.0
Customer Id_H4191,0.0
Customer Id_H4193,0.0
Customer Id_H4207,0.0
Customer Id_H4208,0.0
Customer Id_H17027,0.0
Customer Id_H242,0.0
Customer Id_H14777,0.0
Customer Id_H14783,0.0
Customer Id_H14789,0.0
Customer Id_H14794,0.0
Customer Id_H7247,0.0
Customer Id_H7250,0.0
Customer Id_H7258,0.0
Customer Id_H14704,0.0
Customer Id_H14706,0.0
Customer Id_H6677,0.0
Customer Id_H6583,0.0
Customer Id_H4134,0.0
Customer Id_H15201,0.0
Customer Id_H15206,0.0
Customer Id_H13605,0.0
Customer Id_H13614,0.0
Geo_Code_66065,0.0
Geo_Code_67500,0.0
Customer Id_H2431,0.0
Customer Id_H2436,0.0
Customer Id_H17127,0.0
Customer Id_H17128,0.0
Customer Id_H4126,0.0
Customer Id_H15199,0.0
Customer Id_H6623,0.0
Customer Id_H15231,0.0
Customer Id_H15250,0.0
Customer Id_H15260,0.0
Customer Id_H6557,0.0
Customer Id_H656,0.0
Customer Id_H6565,0.0
Customer Id_H6567,0.0
Customer Id_H6579,0.0
Customer Id_H15266,0.0
Customer Id_H6671,0.0
Customer Id_H4157,0.0
Geo_Code_62516,0.0
Geo_Code_62643,0.0
Geo_Code_66025,0.0
Customer Id_H16964,0.0
Customer Id_H2380,0.0
Customer Id_H2383,0.0
Customer Id_H2393,0.0
Customer Id_H2394,0.0
Customer Id_H2398,0.0
Customer Id_H4297,0.0
Customer Id_H4299,0.0
Customer Id_H6674,0.0
Customer Id_H4287,0.0
Customer Id_H16980,0.0
Customer Id_H13682,0.0
Geo_Code_63178,0.0
Geo_Code_63284,0.0
Geo_Code_63430,0.0
Geo_Code_63470,0.0
Geo_Code_66196,0.0
Geo_Code_67152,0.0
Customer Id_H17050,0.0
Customer Id_H4216,0.0
Customer Id_H18831,0.0
Customer Id_H4231,0.0
Customer Id_H4235,0.0
Customer Id_H4241,0.0
Customer Id_H24,0.0
Customer Id_H2417,0.0
Customer Id_H4261,0.0
Customer Id_H17014,0.0
Customer Id_H4275,0.0
Customer Id_H4279,0.0
Customer Id_H16989,0.0
Customer Id_H15230,0.0
Customer Id_H1882,0.0
Customer Id_H4223,0.0
Customer Id_H6633,0.0
Customer Id_H15168,0.0
Customer Id_H1517,0.0
Customer Id_H15192,0.0
Customer Id_H6641,0.0
Customer Id_H6651,0.0
Customer Id_H19899,0.0
Customer Id_H19906,0.0
Customer Id_H14806,0.0
Customer Id_H14807,0.0
Customer Id_H13507,0.0
Customer Id_H136,0.0
Customer Id_H15587,0.0
Customer Id_H15593,0.0
Customer Id_H15596,0.0
Customer Id_H1555,0.0
Customer Id_H1556,0.0
Customer Id_H15562,0.0
Customer Id_H15571,0.0
Customer Id_H6188,0.0
Customer Id_H6189,0.0
Customer Id_H619,0.0
Customer Id_H6193,0.0
Customer Id_H2065,0.0
Customer Id_H17239,0.0
Customer Id_H17287,0.0
Customer Id_H13483,0.0
Customer Id_H13490,0.0
Geo_Code_73198,0.0
Geo_Code_74001,0.0
Customer Id_H3980,0.0
Customer Id_H3995,0.0
Customer Id_H3999,0.0
Customer Id_H743,0.0
Customer Id_H4002,0.0
Customer Id_H1512,0.0
Customer Id_H13524,0.0
Geo_Code_73071,0.0
Customer Id_H13478,0.0
Customer Id_H4007,0.0
Customer Id_H1725,0.0
Customer Id_H17255,0.0
Customer Id_H17265,0.0
Customer Id_H17221,0.0
Customer Id_H1723,0.0
Customer Id_H4079,0.0
Customer Id_H17164,0.0
Customer Id_H15106,0.0
Geo_Code_71378,0.0
Customer Id_H17113,0.0
Customer Id_H17118,0.0
Customer Id_H17122,0.0
Customer Id_H17126,0.0
Customer Id_H17169,0.0
Customer Id_H4085,0.0
Customer Id_H4088,0.0
Customer Id_H4089,0.0
Customer Id_H17137,0.0
Customer Id_H4142,0.0
Geo_Code_68126,0.0
Customer Id_H6197,0.0
Customer Id_H19074,0.0
Customer Id_H13561,0.0
Customer Id_H13571,0.0
Customer Id_H4155,0.0
Customer Id_H1715,0.0
Customer Id_H17154,0.0
Customer Id_H17157,0.0
Customer Id_H4107,0.0
Customer Id_H2427,0.0
Customer Id_H243,0.0
Customer Id_H19041,0.0
Geo_Code_68256,0.0
Customer Id_H2038,0.0
Customer Id_H2046,0.0
Customer Id_H18770,0.0
Geo_Code_6901,0.0
Customer Id_H1351,0.0
Customer Id_H13513,0.0
Customer Id_H4012,0.0
Customer Id_H4017,0.0
Customer Id_H4019,0.0
Customer Id_H17144,0.0
Geo_Code_69141,0.0
Customer Id_H4071,0.0
Geo_Code_69189,0.0
Geo_Code_67356,0.0
Customer Id_H13589,0.0
Customer Id_H13531,0.0
Customer Id_H13549,0.0
Customer Id_H4044,0.0
Customer Id_H4045,0.0
Customer Id_H405,0.0
Customer Id_H17188,0.0
Customer Id_H17205,0.0
Customer Id_H4056,0.0
Customer Id_H4060,0.0
Geo_Code_69149,0.0
Geo_Code_91649,0.0
Geo_Code_91692,0.0
Customer Id_H19113,0.0
Customer Id_H19122,0.0
Customer Id_H18351,0.0
Customer Id_H18098,0.0
Customer Id_H1811,0.0
Customer Id_H18117,0.0
Customer Id_H18122,0.0
Customer Id_H18088,0.0
Customer Id_H1804,0.0
Customer Id_H13221,0.0
Customer Id_H18044,0.0
Customer Id_H18389,0.0
Customer Id_H2609,0.0
Customer Id_H1807,0.0
Customer Id_H2993,0.0
Customer Id_H2998,0.0
Customer Id_H2999,0.0
Geo_Code_91272,0.0
Geo_Code_91286,0.0
Geo_Code_91376,0.0
Customer Id_H12904,0.0
Customer Id_H18043,0.0
Customer Id_H2937,0.0
Customer Id_H18153,0.0
Customer Id_H2613,0.0
Customer Id_H2619,0.0
Customer Id_H2638,0.0
Customer Id_H14992,0.0
Customer Id_H6895,0.0
Customer Id_H6905,0.0
Customer Id_H14965,0.0
Customer Id_H14968,0.0
Customer Id_H14975,0.0
Geo_Code_91469,0.0
Customer Id_H14979,0.0
Customer Id_H6929,0.0
Customer Id_H6947,0.0
Customer Id_H6950,0.0
Customer Id_H18888,0.0
Customer Id_H19787,0.0
Customer Id_H19789,0.0
Customer Id_H19792,0.0
Customer Id_H1292,0.0
Customer Id_H12920,0.0
Customer Id_H12925,0.0
Customer Id_H14976,0.0
Customer Id_H18005,0.0
Customer Id_H18007,0.0
Customer Id_H18015,0.0
Customer Id_H3088,0.0
Customer Id_H309,0.0
Customer Id_H3111,0.0
Customer Id_H1914,0.0
Customer Id_H19141,0.0
Customer Id_H19318,0.0
Customer Id_H19322,0.0
Customer Id_H19327,0.0
Customer Id_H12914,0.0
Customer Id_H19339,0.0
Customer Id_H12974,0.0
Customer Id_H12976,0.0
Customer Id_H12981,0.0
Customer Id_H17979,0.0
Customer Id_H17982,0.0
Customer Id_H17988,0.0
Customer Id_H3126,0.0
Customer Id_H3145,0.0
Customer Id_H3146,0.0
Customer Id_H317,0.0
Customer Id_H19338,0.0
Customer Id_H12915,0.0
Customer Id_H12973,0.0
Customer Id_H3008,0.0
Customer Id_H3010,0.0
Customer Id_H18020,0.0
Customer Id_H18024,0.0
Customer Id_H18075,0.0
Customer Id_H3115,0.0
Customer Id_H18027,0.0
Customer Id_H12989,0.0
Geo_Code_90032,0.0
Customer Id_H17943,0.0
Geo_Code_90093,0.0
Geo_Code_90104,0.0
Customer Id_H12937,0.0
Customer Id_H1295,0.0
Customer Id_H18032,0.0
Customer Id_H18036,0.0
Customer Id_H3034,0.0
Customer Id_H3035,0.0
Customer Id_H3052,0.0
Customer Id_H3066,0.0
Customer Id_H307,0.0
Customer Id_H18066,0.0
Geo_Code_90089,0.0
Customer Id_H6994,0.0
Customer Id_H14905,0.0
Customer Id_H12678,0.0
Customer Id_H1268,0.0
Customer Id_H12720,0.0
Customer Id_H12654,0.0
Customer Id_H15481,0.0
Customer Id_H15483,0.0
Customer Id_H19271,0.0
Customer Id_H1930,0.0
Customer Id_H19304,0.0
Customer Id_H2935,0.0
Customer Id_H19240,0.0
Customer Id_H18341,0.0
Customer Id_H269,0.0
Customer Id_H12716,0.0
Customer Id_H12717,0.0
Customer Id_H12738,0.0
Customer Id_H18257,0.0
Customer Id_H18262,0.0
Customer Id_H2759,0.0
Customer Id_H2766,0.0
Customer Id_H2773,0.0
Geo_Code_95203,0.0
Customer Id_H2752,0.0
Customer Id_H2756,0.0
Customer Id_H18234,0.0
Customer Id_H18239,0.0
Customer Id_H1832,0.0
Customer Id_H18320,0.0
Customer Id_H18330,0.0
Customer Id_H18187,0.0
Customer Id_H18243,0.0
Customer Id_H18248,0.0
Customer Id_H12806,0.0
Customer Id_H6992,0.0
Customer Id_H6217,0.0
Customer Id_H6223,0.0
Customer Id_H14930,0.0
Customer Id_H19196,0.0
Customer Id_H14933,0.0
Customer Id_H14939,0.0
Customer Id_H14940,0.0
Customer Id_H14944,0.0
Customer Id_H6971,0.0
Customer Id_H6974,0.0
Customer Id_H14962,0.0
Customer Id_H14963,0.0
Geo_Code_93047,0.0
Customer Id_H18159,0.0
Customer Id_H18177,0.0
Customer Id_H19129,0.0
Customer Id_H19136,0.0
Customer Id_H19137,0.0
Geo_Code_92019,0.0
Customer Id_H1286,0.0
Customer Id_H1288,0.0
Customer Id_H12892,0.0
Customer Id_H12843,0.0
Customer Id_H2825,0.0
Customer Id_H2775,0.0
Customer Id_H2844,0.0
Customer Id_H285,0.0
Customer Id_H2876,0.0
Customer Id_H18191,0.0
Customer Id_H18205,0.0
Customer Id_H2950,0.0
Customer Id_H2963,0.0
Customer Id_H18138,0.0
Customer Id_H18145,0.0
Customer Id_H2915,0.0
Customer Id_H293,0.0
Customer Id_H2843,0.0
Customer Id_H278,0.0
Customer Id_H18280,0.0
Customer Id_H2686,0.0
Customer Id_H19142,0.0
Customer Id_H19148,0.0
Customer Id_H19153,0.0
Customer Id_H19156,0.0
Customer Id_H19166,0.0
Customer Id_H12712,0.0
Customer Id_H12801,0.0
Customer Id_H1823,0.0
Customer Id_H2683,0.0
Customer Id_H2783,0.0
Customer Id_H2793,0.0
Customer Id_H2795,0.0
Customer Id_H2799,0.0
Customer Id_H28,0.0
Customer Id_H2801,0.0
Customer Id_H2807,0.0
Customer Id_H281,0.0
Customer Id_H2811,0.0
Customer Id_H18354,0.0
Customer Id_H18360,0.0
Customer Id_H18363,0.0
Customer Id_H2782,0.0
Customer Id_H14848,0.0
Customer Id_H14849,0.0
Customer Id_H1485,0.0
Customer Id_H14859,0.0
Customer Id_H14860,0.0
Customer Id_H15051,0.0
Customer Id_H6807,0.0
Geo_Code_78571,0.0
Geo_Code_78638,0.0
Customer Id_H13158,0.0
Customer Id_H13172,0.0
Customer Id_H14925,0.0
Customer Id_H347,0.0
Customer Id_H348,0.0
Customer Id_H17695,0.0
Customer Id_H2526,0.0
Customer Id_H17711,0.0
Customer Id_H17712,0.0
Customer Id_H17730,0.0
Customer Id_H3488,0.0
Customer Id_H13130,0.0
Customer Id_H13137,0.0
Geo_Code_77900,0.0
Geo_Code_81065,0.0
Customer Id_H17781,0.0
Customer Id_H17790,0.0
Customer Id_H17755,0.0
Customer Id_H17756,0.0
Customer Id_H17762,0.0
Customer Id_H2539,0.0
Customer Id_H2547,0.0
Customer Id_H2550,0.0
Customer Id_H2552,0.0
Customer Id_H2553,0.0
Customer Id_H2556,0.0
Customer Id_H708,0.0
Customer Id_H17772,0.0
Customer Id_H34,0.0
Customer Id_H3402,0.0
Customer Id_H3409,0.0
Customer Id_H3420,0.0
Customer Id_H3444,0.0
Customer Id_H345,0.0
Customer Id_H346,0.0
Customer Id_H15045,0.0
Customer Id_H1489,0.0
Customer Id_H706,0.0
Customer Id_H7066,0.0
Customer Id_H2559,0.0
Customer Id_H17603,0.0
Customer Id_H17663,0.0
Customer Id_H3555,0.0
Customer Id_H19384,0.0
Customer Id_H19400,0.0
Customer Id_H7091,0.0
Customer Id_H7105,0.0
Customer Id_H14817,0.0
Customer Id_H14825,0.0
Customer Id_H14833,0.0
Customer Id_H6789,0.0
Customer Id_H13188,0.0
Customer Id_H674,0.0
Customer Id_H6872,0.0
Customer Id_H19403,0.0
Customer Id_H1323,0.0
Customer Id_H1324,0.0
Customer Id_H13240,0.0
Customer Id_H18772,0.0
Customer Id_H15536,0.0
Customer Id_H6211,0.0
Customer Id_H7416,0.0
Customer Id_H742,0.0
Customer Id_H15036,0.0
Customer Id_H349,0.0
Customer Id_H3502,0.0
Customer Id_H17675,0.0
Customer Id_H17742,0.0
Customer Id_H17744,0.0
Customer Id_H1775,0.0
Customer Id_H3587,0.0
Customer Id_H17685,0.0
Customer Id_H1321,0.0
Geo_Code_78242,0.0
Geo_Code_78354,0.0
Customer Id_H17602,0.0
Customer Id_H1911,0.0
Customer Id_H19111,0.0
Customer Id_H13176,0.0
Customer Id_H13177,0.0
Customer Id_H13114,0.0
Customer Id_H17688,0.0
Customer Id_H17694,0.0
Customer Id_H3515,0.0
Customer Id_H3530,0.0
Customer Id_H17654,0.0
Customer Id_H17659,0.0
Customer Id_H17600,0.0
Customer Id_H19101,0.0
Customer Id_H3257,0.0
Customer Id_H18411,0.0
Customer Id_H2563,0.0
Customer Id_H17907,0.0
Customer Id_H3261,0.0
Customer Id_H13078,0.0
Customer Id_H13081,0.0
Customer Id_H13082,0.0
Customer Id_H13087,0.0
Geo_Code_83087,0.0
Customer Id_H19340,0.0
Customer Id_H17738,0.0
Customer Id_H1935,0.0
Customer Id_H19089,0.0
Customer Id_H3263,0.0
Customer Id_H3264,0.0
Customer Id_H3272,0.0
Customer Id_H3283,0.0
Customer Id_H17862,0.0
Customer Id_H17913,0.0
Customer Id_H17890,0.0
Customer Id_H17891,0.0
Customer Id_H3284,0.0
Customer Id_H19341,0.0
Customer Id_H6998,0.0
Customer Id_H70,0.0
Customer Id_H7005,0.0
Customer Id_H7008,0.0
Customer Id_H7012,0.0
Customer Id_H7025,0.0
Customer Id_H6958,0.0
Customer Id_H6959,0.0
Customer Id_H7039,0.0
Customer Id_H19853,0.0
Customer Id_H6892,0.0
Customer Id_H3247,0.0
Customer Id_H2569,0.0
Customer Id_H18372,0.0
Customer Id_H1838,0.0
Customer Id_H18382,0.0
Customer Id_H17949,0.0
Customer Id_H3187,0.0
Customer Id_H319,0.0
Customer Id_H3204,0.0
Customer Id_H17930,0.0
Geo_Code_84031,0.0
Customer Id_H12998,0.0
Customer Id_H13002,0.0
Customer Id_H14989,0.0
Customer Id_H13103,0.0
Customer Id_H13105,0.0
Customer Id_H1311,0.0
Geo_Code_84087,0.0
Customer Id_H17853,0.0
Customer Id_H3316,0.0
Customer Id_H333,0.0
Customer Id_H3332,0.0
Customer Id_H17800,0.0
Customer Id_H17803,0.0
Customer Id_H17804,0.0
Customer Id_H3286,0.0
Customer Id_H17814,0.0
Customer Id_H3335,0.0
Customer Id_H3345,0.0
Customer Id_H3350,0.0
Customer Id_H3351,0.0
Customer Id_H3353,0.0
Customer Id_H3356,0.0
Customer Id_H3365,0.0
Customer Id_H3366,0.0
Customer Id_H17733,0.0
Customer Id_H17734,0.0
Customer Id_H17809,0.0
Customer Id_H3287,0.0
Customer Id_H3292,0.0
Customer Id_H17826,0.0
Customer Id_H17896,0.0
Customer Id_H17899,0.0
Customer Id_H17902,0.0
Customer Id_H6811,0.0
Customer Id_H6818,0.0
Customer Id_H6821,0.0
Customer Id_H6822,0.0
Customer Id_H6826,0.0
Customer Id_H1310,0.0
Customer Id_H6912,0.0
Customer Id_H6920,0.0
Customer Id_H6831,0.0
Customer Id_H6832,0.0
Customer Id_H6852,0.0
Customer Id_H15018,0.0
Customer Id_H15026,0.0
Customer Id_H6867,0.0
Customer Id_H19804,0.0
Customer Id_H3367,0.0
Customer Id_H13093,0.0
Customer Id_H13096,0.0
Customer Id_H6910,0.0
Customer Id_H2215,0.0
Customer Id_H222,0.0
Customer Id_H2224,0.0
Customer Id_H16097,0.0
Customer Id_H1610,0.0
Customer Id_H16101,0.0
Customer Id_H16105,0.0
Customer Id_H539,0.0
Customer Id_H5391,0.0
Customer Id_H16066,0.0
Customer Id_H16070,0.0
Customer Id_H432,0.0
Customer Id_H540,0.0
Customer Id_H5401,0.0
Customer Id_H5407,0.0
Customer Id_H5415,0.0
Customer Id_H2187,0.0
Customer Id_H18672,0.0
Customer Id_H18673,0.0
Customer Id_H18681,0.0
Customer Id_H5419,0.0
Customer Id_H14288,0.0
Customer Id_H14297,0.0
Customer Id_H5393,0.0
Customer Id_H16132,0.0
Customer Id_H18687,0.0
Customer Id_H1426,0.0
Customer Id_H6349,0.0
Customer Id_H14693,0.0
Customer Id_H7358,0.0
Customer Id_H7367,0.0
Customer Id_H7376,0.0
Customer Id_H14636,0.0
Customer Id_H14709,0.0
Customer Id_H1471,0.0
Customer Id_H2203,0.0
Customer Id_H19770,0.0
Customer Id_H19786,0.0
Customer Id_H15409,0.0
Customer Id_H15413,0.0
Customer Id_H6353,0.0
Geo_Code_30003,0.0
Geo_Code_30032,0.0
Customer Id_H14213,0.0
Customer Id_H14220,0.0
Geo_Code_33011,0.0
Geo_Code_33143,0.0
Customer Id_H18926,0.0
Customer Id_H18720,0.0
Customer Id_H18722,0.0
Customer Id_H6295,0.0
Customer Id_H6301,0.0
Customer Id_H6311,0.0
Customer Id_H6321,0.0
Customer Id_H6324,0.0
Customer Id_H15492,0.0
Customer Id_H6325,0.0
Customer Id_H15430,0.0
Customer Id_H15433,0.0
Geo_Code_29124,0.0
Customer Id_H6328,0.0
Customer Id_H6329,0.0
Customer Id_H6343,0.0
Customer Id_H6394,0.0
Customer Id_H64,0.0
Customer Id_H19561,0.0
Customer Id_H19571,0.0
Customer Id_H14342,0.0
Customer Id_H1435,0.0
Customer Id_H14353,0.0
Customer Id_H14355,0.0
Customer Id_H15444,0.0
Geo_Code_29239,0.0
Customer Id_H16043,0.0
Customer Id_H5434,0.0
Customer Id_H544,0.0
Customer Id_H5448,0.0
Customer Id_H5450,0.0
Customer Id_H5460,0.0
Customer Id_H5511,0.0
Customer Id_H5514,0.0
Customer Id_H5515,0.0
Customer Id_H5464,0.0
Customer Id_H5510,0.0
Customer Id_H16009,0.0
Customer Id_H16017,0.0
Customer Id_H5485,0.0
Customer Id_H15961,0.0
Customer Id_H15964,0.0
Customer Id_H19519,0.0
Customer Id_H18958,0.0
Customer Id_H18964,0.0
Customer Id_H18967,0.0
Customer Id_H18972,0.0
Geo_Code_2722,0.0
Customer Id_H5504,0.0
Customer Id_H15994,0.0
Customer Id_H19010,0.0
Geo_Code_38081,0.0
Customer Id_H14060,0.0
Customer Id_H16251,0.0
Customer Id_H16254,0.0
Customer Id_H1626,0.0
Customer Id_H16211,0.0
Customer Id_H16231,0.0
Customer Id_H16277,0.0
Customer Id_H16289,0.0
Customer Id_H16237,0.0
Customer Id_H16121,0.0
Customer Id_H5242,0.0
Customer Id_H5246,0.0
Customer Id_H5247,0.0
Customer Id_H5251,0.0
Customer Id_H5202,0.0
Customer Id_H16146,0.0
Customer Id_H16147,0.0
Customer Id_H16148,0.0
Customer Id_H5259,0.0
Customer Id_H5262,0.0
Customer Id_H5266,0.0
Customer Id_H5236,0.0
Customer Id_H5185,0.0
Customer Id_H5189,0.0
Customer Id_H5193,0.0
Customer Id_H5198,0.0
Customer Id_H18659,0.0
Customer Id_H18660,0.0
Customer Id_H5222,0.0
Customer Id_H15368,0.0
Customer Id_H15378,0.0
Customer Id_H7351,0.0
Customer Id_H14675,0.0
Customer Id_H19009,0.0
Customer Id_H1890,0.0
Customer Id_H18901,0.0
Customer Id_H7410,0.0
Customer Id_H14603,0.0
Customer Id_H14676,0.0
Customer Id_H6418,0.0
Customer Id_H642,0.0
Customer Id_H16247,0.0
Customer Id_H14184,0.0
Geo_Code_33253,0.0
Customer Id_H14119,0.0
Customer Id_H19005,0.0
Customer Id_H18895,0.0
Customer Id_H16176,0.0
Customer Id_H5273,0.0
Customer Id_H5284,0.0
Customer Id_H16135,0.0
Customer Id_H5323,0.0
Customer Id_H533,0.0
Geo_Code_30334,0.0
Geo_Code_31149,0.0
Customer Id_H19462,0.0
Customer Id_H5334,0.0
Customer Id_H16082,0.0
Customer Id_H16195,0.0
Customer Id_H16090,0.0
Customer Id_H16094,0.0
Customer Id_H16150,0.0
Customer Id_H16152,0.0
Customer Id_H5297,0.0
Customer Id_H5339,0.0
Customer Id_H534,0.0
Customer Id_H5342,0.0
Customer Id_H5348,0.0
Customer Id_H5368,0.0
Customer Id_H5377,0.0
Customer Id_H16084,0.0
Customer Id_H16160,0.0
Customer Id_H16172,0.0
Customer Id_H19471,0.0
Customer Id_H19481,0.0
Customer Id_H19482,0.0
Customer Id_H6354,0.0
Customer Id_H6357,0.0
Customer Id_H6368,0.0
Customer Id_H6371,0.0
Customer Id_H19995,0.0
Customer Id_H200,0.0
Customer Id_H1612,0.0
Customer Id_H15382,0.0
Customer Id_H15384,0.0
Customer Id_H15385,0.0
Customer Id_H15399,0.0
Customer Id_H6380,0.0
Customer Id_H6382,0.0
Geo_Code_31446,0.0
Customer Id_H14200,0.0
Geo_Code_33199,0.0
Customer Id_H1416,0.0
Customer Id_H14169,0.0
Customer Id_H16118,0.0
Customer Id_H2016,0.0
Customer Id_H209,0.0
Customer Id_H2104,0.0
Customer Id_H2105,0.0
Customer Id_H15752,0.0
Customer Id_H15753,0.0
Customer Id_H15757,0.0
Customer Id_H15761,0.0
Customer Id_H5855,0.0
Customer Id_H5861,0.0
Customer Id_H15739,0.0
Customer Id_H5902,0.0
Geo_Code_18033,0.0
Customer Id_H5907,0.0
Customer Id_H5908,0.0
Customer Id_H5927,0.0
Customer Id_H5928,0.0
Customer Id_H2067,0.0
Customer Id_H2069,0.0
Customer Id_H18756,0.0
Customer Id_H15703,0.0
Customer Id_H14513,0.0
Customer Id_H1453,0.0
Geo_Code_11170,0.0
Customer Id_H5905,0.0
Customer Id_H15806,0.0
Customer Id_H5760,0.0
Customer Id_H5771,0.0
Customer Id_H5775,0.0
Customer Id_H5781,0.0
Customer Id_H5797,0.0
Customer Id_H5802,0.0
Customer Id_H15717,0.0
Customer Id_H15722,0.0
Customer Id_H14429,0.0
Customer Id_H14431,0.0
Customer Id_H1450,0.0
Customer Id_H15732,0.0
Customer Id_H5813,0.0
Customer Id_H15771,0.0
Customer Id_H15773,0.0
Customer Id_H15777,0.0
Customer Id_H18767,0.0
Customer Id_H2076,0.0
Customer Id_H19690,0.0
Customer Id_H19698,0.0
Customer Id_H14487,0.0
Customer Id_H14497,0.0
Customer Id_H18943,0.0
Customer Id_H271,0.0
Customer Id_H2710,0.0
Customer Id_H2712,0.0
Customer Id_H18295,0.0
Customer Id_H18310,0.0
Customer Id_H18282,0.0
Customer Id_H2747,0.0
Customer Id_H12755,0.0
Geo_Code_94034,0.0
Customer Id_H198,0.0
Customer Id_H12723,0.0
Geo_Code_13002,0.0
Customer Id_H12710,0.0
Customer Id_H12648,0.0
Customer Id_H19182,0.0
Customer Id_H19189,0.0
Customer Id_H18277,0.0
Customer Id_H12623,0.0
Customer Id_H12628,0.0
Customer Id_H12641,0.0
Customer Id_H19230,0.0
Customer Id_H19219,0.0
Customer Id_H1921,0.0
Customer Id_H12694,0.0
Customer Id_H1960,0.0
Customer Id_H19600,0.0
Customer Id_H5951,0.0
Customer Id_H5954,0.0
Customer Id_H5958,0.0
Customer Id_H15663,0.0
Customer Id_H15667,0.0
Customer Id_H15678,0.0
Customer Id_H15736,0.0
Customer Id_H6090,0.0
Customer Id_H746,0.0
Customer Id_H2705,0.0
Customer Id_H1447,0.0
Customer Id_H15689,0.0
Customer Id_H5985,0.0
Customer Id_H5989,0.0
Customer Id_H15489,0.0
Customer Id_H12770,0.0
Customer Id_H12722,0.0
Customer Id_H6227,0.0
Customer Id_H12734,0.0
Geo_Code_94038,0.0
Customer Id_H2715,0.0
Customer Id_H2716,0.0
Customer Id_H7466,0.0
Customer Id_H6240,0.0
Customer Id_H6241,0.0
Customer Id_H6244,0.0
Customer Id_H6257,0.0
Customer Id_H6262,0.0
Customer Id_H6266,0.0
Customer Id_H6276,0.0
Customer Id_H15464,0.0
Customer Id_H15472,0.0
Customer Id_H600,0.0
Customer Id_H5933,0.0
Customer Id_H5757,0.0
Customer Id_H6121,0.0
Customer Id_H6126,0.0
Customer Id_H19552,0.0
Customer Id_H15907,0.0
Customer Id_H5632,0.0
Customer Id_H5648,0.0
Customer Id_H5559,0.0
Customer Id_H5563,0.0
Customer Id_H557,0.0
Customer Id_H5726,0.0
Customer Id_H5729,0.0
Customer Id_H6111,0.0
Customer Id_H2160,0.0
Customer Id_H2169,0.0
Customer Id_H553,0.0
Customer Id_H15943,0.0
Customer Id_H15949,0.0
Customer Id_H15953,0.0
Customer Id_H15957,0.0
Customer Id_H15928,0.0
Customer Id_H15933,0.0
Customer Id_H5584,0.0
Customer Id_H5585,0.0
Customer Id_H1550,0.0
Customer Id_H2152,0.0
Customer Id_H18702,0.0
Customer Id_H15887,0.0
Customer Id_H1589,0.0
Customer Id_H15892,0.0
Customer Id_H14357,0.0
Customer Id_H14360,0.0
Customer Id_H14370,0.0
Geo_Code_17291,0.0
Customer Id_H18974,0.0
Customer Id_H19524,0.0
Customer Id_H6176,0.0
Customer Id_H2143,0.0
Customer Id_H5736,0.0
Customer Id_H5737,0.0
Customer Id_H5742,0.0
Customer Id_H18732,0.0
Customer Id_H18738,0.0
Customer Id_H2117,0.0
Customer Id_H18894,0.0
Customer Id_H14639,0.0
Customer Id_H14650,0.0
Customer Id_H7387,0.0
Customer Id_H7389,0.0
Customer Id_H15867,0.0
Customer Id_H7401,0.0
Customer Id_H7408,0.0
Customer Id_H14620,0.0
Customer Id_H14626,0.0
Customer Id_H7414,0.0
Customer Id_H15478,0.0
Customer Id_H6286,0.0
Customer Id_H5835,0.0
Customer Id_H5847,0.0
Customer Id_H15743,0.0
Customer Id_H15744,0.0
Customer Id_H7394,0.0
Customer Id_H15869,0.0
Customer Id_H5667,0.0
Customer Id_H569,0.0
Customer Id_H15840,0.0
Customer Id_H15846,0.0
Customer Id_H15849,0.0
Customer Id_H2123,0.0
Customer Id_H2130,0.0
Customer Id_H14414,0.0
Geo_Code_14383,0.0
Customer Id_H14432,0.0
Customer Id_H5734,0.0
Customer Id_H14312,0.0
Customer Id_H1585,0.0
Customer Id_H15853,0.0
Customer Id_H15863,0.0
Customer Id_H570,0.0
Customer Id_H572,0.0
Customer Id_H15834,0.0
Customer Id_H14482,0.0
Customer Id_H14334,0.0
Geo_Code_14047,0.0
Customer Id_H14397,0.0
Customer Id_H15835,0.0
Geo_Code_21405,0.0
Customer Id_H729,0.0
Customer Id_H18903,0.0
Customer Id_H18871,0.0
Customer Id_H6522,0.0
Customer Id_H6529,0.0
Customer Id_H6536,0.0
Customer Id_H1523,0.0
Customer Id_H16793,0.0
Customer Id_H16776,0.0
Customer Id_H16779,0.0
Customer Id_H16782,0.0
Geo_Code_34321,0.0
Customer Id_H4521,0.0
Customer Id_H4523,0.0
Customer Id_H4532,0.0
Customer Id_H4534,0.0
Customer Id_H4545,0.0
Customer Id_H16746,0.0
Customer Id_H1675,0.0
Customer Id_H18593,0.0
Customer Id_H18595,0.0
Customer Id_H2354,0.0
Customer Id_H2364,0.0
Customer Id_H16789,0.0
Customer Id_H16829,0.0
Customer Id_H4499,0.0
Customer Id_H4508,0.0
Customer Id_H4515,0.0
Customer Id_H16832,0.0
Customer Id_H16833,0.0
Customer Id_H16751,0.0
Customer Id_H16752,0.0
Customer Id_H4520,0.0
Geo_Code_59636,0.0
Geo_Code_59656,0.0
Customer Id_H7287,0.0
Customer Id_H13822,0.0
Customer Id_H13827,0.0
Geo_Code_59025,0.0
Customer Id_H19057,0.0
Customer Id_H19016,0.0
Customer Id_H19020,0.0
Customer Id_H14708,0.0
Customer Id_H1475,0.0
Customer Id_H14764,0.0
Customer Id_H1477,0.0
Customer Id_H7268,0.0
Customer Id_H13820,0.0
Customer Id_H16712,0.0
Customer Id_H16715,0.0
Customer Id_H4598,0.0
Customer Id_H4599,0.0
Customer Id_H4601,0.0
Customer Id_H4606,0.0
Customer Id_H4608,0.0
Customer Id_H4610,0.0
Customer Id_H16730,0.0
Customer Id_H16734,0.0
Customer Id_H7345,0.0
Customer Id_H16758,0.0
Customer Id_H6476,0.0
Customer Id_H6479,0.0
Customer Id_H15284,0.0
Customer Id_H1534,0.0
Customer Id_H18834,0.0
Customer Id_H15302,0.0
Customer Id_H1531,0.0
Customer Id_H6484,0.0
Customer Id_H1527,0.0
Customer Id_H15282,0.0
Customer Id_H4705,0.0
Customer Id_H6466,0.0
Customer Id_H16761,0.0
Customer Id_H4557,0.0
Customer Id_H4561,0.0
Customer Id_H16721,0.0
Customer Id_H16735,0.0
Customer Id_H16739,0.0
Customer Id_H4569,0.0
Geo_Code_59410,0.0
Customer Id_H13854,0.0
Customer Id_H13856,0.0
Customer Id_H1386,0.0
Customer Id_H16710,0.0
Customer Id_H13792,0.0
Customer Id_H13802,0.0
Customer Id_H13807,0.0
Customer Id_H13808,0.0
Customer Id_H4576,0.0
Customer Id_H4579,0.0
Customer Id_H4583,0.0
Customer Id_H4584,0.0
Customer Id_H4586,0.0
Customer Id_H2341,0.0
Customer Id_H18591,0.0
Customer Id_H16709,0.0
Geo_Code_57227,0.0
Customer Id_H61,0.0
Customer Id_H2056,0.0
Customer Id_H2059,0.0
Customer Id_H16981,0.0
Customer Id_H4360,0.0
Customer Id_H4362,0.0
Customer Id_H16946,0.0
Customer Id_H4331,0.0
Customer Id_H4335,0.0
Customer Id_H434,0.0
Customer Id_H16909,0.0
Customer Id_H13770,0.0
Customer Id_H13748,0.0
Customer Id_H13713,0.0
Customer Id_H13714,0.0
Customer Id_H13719,0.0
Geo_Code_6016,0.0
Geo_Code_62899,0.0
Customer Id_H13680,0.0
Customer Id_H16912,0.0
Customer Id_H16926,0.0
Customer Id_H16927,0.0
Customer Id_H16930,0.0
Customer Id_H4392,0.0
Geo_Code_6085,0.0
Geo_Code_6150,0.0
Geo_Code_64256,0.0
Customer Id_H4300,0.0
Customer Id_H4302,0.0
Customer Id_H4303,0.0
Customer Id_H4307,0.0
Customer Id_H12656,0.0
Customer Id_H16935,0.0
Customer Id_H16937,0.0
Customer Id_H16938,0.0
Customer Id_H15631,0.0
Customer Id_H1694,0.0
Customer Id_H14540,0.0
Customer Id_H14545,0.0
Customer Id_H14546,0.0
Customer Id_H6149,0.0
Customer Id_H615,0.0
Customer Id_H6150,0.0
Customer Id_H6165,0.0
Customer Id_H6098,0.0
Customer Id_H15605,0.0
Customer Id_H15609,0.0
Customer Id_H15615,0.0
Customer Id_H16939,0.0
Customer Id_H443,0.0
Customer Id_H4432,0.0
Customer Id_H4434,0.0
Customer Id_H18569,0.0
Customer Id_H18578,0.0
Customer Id_H18579,0.0
Customer Id_H1858,0.0
Customer Id_H16838,0.0
Customer Id_H16840,0.0
Customer Id_H4446,0.0
Customer Id_H4454,0.0
Customer Id_H4346,0.0
Customer Id_H4477,0.0
Customer Id_H16851,0.0
Customer Id_H449,0.0
Customer Id_H4492,0.0
Customer Id_H4496,0.0
Customer Id_H1681,0.0
Customer Id_H19021,0.0
Customer Id_H19028,0.0
Geo_Code_59527,0.0
Customer Id_H13782,0.0
Customer Id_H13787,0.0
Customer Id_H4456,0.0
Customer Id_H435,0.0
Customer Id_H18586,0.0
Customer Id_H18540,0.0
Customer Id_H18546,0.0
Customer Id_H18551,0.0
Customer Id_H18552,0.0
Customer Id_H18565,0.0
Customer Id_H4366,0.0
Customer Id_H16879,0.0
Customer Id_H16906,0.0
Customer Id_H4373,0.0
Customer Id_H4427,0.0
Customer Id_H16866,0.0
Customer Id_H13778,0.0
Geo_Code_6057,0.0
Geo_Code_60572,0.0
Customer Id_H19052,0.0
Customer Id_H19053,0.0
Customer Id_H19055,0.0
Customer Id_H19056,0.0
Geo_Code_6067,0.0
Customer Id_H13736,0.0
Customer Id_H4421,0.0
Customer Id_H4425,0.0
Customer Id_H16859,0.0
Customer Id_H4982,0.0
Customer Id_H4990,0.0
Customer Id_H1641,0.0
Customer Id_H16435,0.0
Customer Id_H4997,0.0
Customer Id_H513,0.0
Customer Id_H19404,0.0
Customer Id_H6130,0.0
Customer Id_H15637,0.0
Customer Id_H15639,0.0
Customer Id_H15655,0.0
Customer Id_H16685,0.0
Customer Id_H6080,0.0
Customer Id_H15603,0.0
Customer Id_H14592,0.0
Customer Id_H14594,0.0
Customer Id_H7473,0.0
Customer Id_H7475,0.0
Customer Id_H7477,0.0
Customer Id_H7478,0.0
Customer Id_H14613,0.0
Customer Id_H19411,0.0
Customer Id_H1942,0.0
Customer Id_H15660,0.0
Customer Id_H14,0.0
Geo_Code_42332,0.0
Geo_Code_44003,0.0
Customer Id_H13967,0.0
Customer Id_H16482,0.0
Customer Id_H490,0.0
Customer Id_H4909,0.0
Customer Id_H4934,0.0
Customer Id_H4939,0.0
Customer Id_H4849,0.0
Geo_Code_40133,0.0
Customer Id_H4977,0.0
Customer Id_H14010,0.0
Customer Id_H14018,0.0
Geo_Code_42071,0.0
Customer Id_H14030,0.0
Customer Id_H13931,0.0
Customer Id_H16448,0.0
Customer Id_H16453,0.0
Customer Id_H4961,0.0
Customer Id_H4962,0.0
Customer Id_H4963,0.0
Customer Id_H5053,0.0
Customer Id_H5071,0.0
Customer Id_H1401,0.0
Customer Id_H14085,0.0
Customer Id_H14038,0.0
Customer Id_H14050,0.0
Customer Id_H16273,0.0
Customer Id_H5077,0.0
Customer Id_H16353,0.0
Customer Id_H16365,0.0
Customer Id_H5113,0.0
Customer Id_H5126,0.0
Customer Id_H223,0.0
Geo_Code_38485,0.0
Customer Id_H6420,0.0
Customer Id_H14088,0.0
Customer Id_H14104,0.0
Customer Id_H2243,0.0
Customer Id_H226,0.0
Customer Id_H2260,0.0
Customer Id_H5143,0.0
Customer Id_H1633,0.0
Customer Id_H5168,0.0
Customer Id_H5177,0.0
Customer Id_H14144,0.0
Customer Id_H14151,0.0
Geo_Code_37214,0.0
Customer Id_H6425,0.0
Customer Id_H6426,0.0
Customer Id_H15341,0.0
Customer Id_H15345,0.0
Customer Id_H15347,0.0
Customer Id_H15352,0.0
Customer Id_H6434,0.0
Customer Id_H6453,0.0
Customer Id_H6406,0.0
Customer Id_H15365,0.0
Customer Id_H15313,0.0
Customer Id_H14081,0.0
Customer Id_H13963,0.0
Geo_Code_40088,0.0
Customer Id_H16375,0.0
Customer Id_H16383,0.0
Customer Id_H16392,0.0
Customer Id_H5035,0.0
Customer Id_H1627,0.0
Customer Id_H18989,0.0
Customer Id_H1899,0.0
Customer Id_H18990,0.0
Customer Id_H14064,0.0
Customer Id_H14080,0.0
Customer Id_H19422,0.0
Customer Id_H1384,0.0
Customer Id_H13913,0.0
Customer Id_H13924,0.0
Geo_Code_57433,0.0
Customer Id_H16625,0.0
Customer Id_H16628,0.0
Customer Id_H16645,0.0
Customer Id_H16647,0.0
Customer Id_H4713,0.0
Customer Id_H4727,0.0
Customer Id_H4730,0.0
Customer Id_H13997,0.0
Customer Id_H4809,0.0
Customer Id_H4810,0.0
Customer Id_H16605,0.0
Customer Id_H16608,0.0
Customer Id_H16613,0.0
Customer Id_H16619,0.0
Customer Id_H4766,0.0
Customer Id_H4771,0.0
Customer Id_H18624,0.0
Customer Id_H18626,0.0
Customer Id_H2316,0.0
Customer Id_H4807,0.0
Customer Id_H16693,0.0
Customer Id_H4622,0.0
Customer Id_H4631,0.0
Customer Id_H4635,0.0
Customer Id_H4650,0.0
Customer Id_H4654,0.0
Customer Id_H4662,0.0
Customer Id_H16707,0.0
Customer Id_H16708,0.0
Customer Id_H4744,0.0
Customer Id_H4746,0.0
Customer Id_H13838,0.0
Customer Id_H13879,0.0
Customer Id_H13903,0.0
Geo_Code_55029,0.0
Geo_Code_59178,0.0
Customer Id_H16653,0.0
Customer Id_H16659,0.0
Customer Id_H16665,0.0
Customer Id_H4679,0.0
Customer Id_H4688,0.0
Customer Id_H4704,0.0
Customer Id_H4772,0.0
Geo_Code_57049,0.0
Customer Id_H13812,0.0
Customer Id_H15319,0.0
Customer Id_H18872,0.0
Customer Id_H18873,0.0
Customer Id_H18885,0.0
Customer Id_H14745,0.0
Customer Id_H7296,0.0
Customer Id_H7313,0.0
Customer Id_H7321,0.0
Customer Id_H7322,0.0
Customer Id_H7335,0.0
Customer Id_H7336,0.0
Customer Id_H13939,0.0
Customer Id_H4857,0.0
Customer Id_H16512,0.0
Customer Id_H4879,0.0
Customer Id_H4893,0.0
Customer Id_H4814,0.0
Customer Id_H16470,0.0
Customer Id_H16478,0.0
Customer Id_H16479,0.0
Geo_Code_42302,0.0
Customer Id_H13993,0.0
Customer Id_H13996,0.0
Customer Id_H485,0.0
Customer Id_H13949,0.0
Geo_Code_46176,0.0
Geo_Code_47004,0.0
Customer Id_H13974,0.0
Customer Id_H13977,0.0
Geo_Code_44020,0.0
Geo_Code_44036,0.0
Customer Id_H13929,0.0
Geo_Code_54431,0.0
Geo_Code_54439,0.0
Customer Id_H232,0.0
Customer Id_H15316,0.0
Customer Id_H16571,0.0
Customer Id_H1658,0.0
Customer Id_H16589,0.0
Customer Id_H482,0.0
Customer Id_H4822,0.0
Customer Id_H4829,0.0
Customer Id_H483,0.0
Customer Id_H4837,0.0
Customer Id_H4838,0.0
Customer Id_H4843,0.0
Customer Id_H2274,0.0
Customer Id_H2286,0.0
Customer Id_H2322,0.0
Customer Id_H6756,-0.0010232890412720005
Customer Id_H14143,-0.0012206190439785181
Geo_Code_6089,-0.0012206190439785181
Customer Id_H5414,-0.0012754578219320279
Customer Id_H13389,-0.0013408162789514406
Customer Id_H2879,-0.0014774888963720865
Customer Id_H4553,-0.001692847929528446
Customer Id_H14016,-0.0017655615287104545
Customer Id_H4552,-0.0018122380132023685
Customer Id_H4551,-0.002230350254421071
Geo_Code_81004,-0.0038034210405290237
Customer Id_H4555,-0.005440757426324891
Customer Id_H12819,-0.005478870651661109
Customer Id_H5173,-0.005600131652508631
Geo_Code_92078,-0.005735436197151899
Customer Id_H12818,-0.0063316238736787715
Geo_Code_6104,-0.0069595077564487615
Customer Id_H6084,-0.007869825985281381
Geo_Code_38052,-0.007869825985281381
Geo_Code_33529,-0.008247744596053224
Customer Id_H19768,-0.008247744596053224
Customer Id_H14025,-0.008907925974986458
Customer Id_H19972,-0.009298757242882049
Geo_Code_21209,-0.009298757242882049
Customer Id_H7379,-0.009329789615595954
Customer Id_H14024,-0.009578601954959767
Geo_Code_94076,-0.010098603578800217
Customer Id_H13801,-0.01028376112714277
Customer Id_H7378,-0.01159081611358992
Geo_Code_25147,-0.011810494525339893
Customer Id_H7399,-0.01210849460818568
Customer Id_H12839,-0.012653314595688957
Customer Id_H4343,-0.01290654727373499
Geo_Code_83038,-0.01290654727373499
Customer Id_H14759,-0.01317252466597583
Customer Id_H15278,-0.01317261731147692
Customer Id_H7398,-0.013972458068306907
Customer Id_H5278,-0.014759650287700082
Customer Id_H17453,-0.014839971058873835
Residential,-0.0149692762440922
Customer Id_H13831,-0.01533680044079956
Geo_Code_13106,-0.015747278376326366
Customer Id_H12838,-0.015792874517561645
Customer Id_H19794,-0.016170892818929736
Geo_Code_34259,-0.016170892818929736
Customer Id_H7366,-0.01630788545071544
Customer Id_H6063,-0.016696635526895296
Customer Id_H16221,-0.01689672097001515
Customer Id_H15305,-0.017100925267874323
Customer Id_H6995,-0.017104772459800945
Customer Id_H1427,-0.01712959731743349
Geo_Code_14118,-0.017344825156301005
Customer Id_H16970,-0.018356122963959404
Customer Id_H19079,-0.01845812922102241
Customer Id_H5441,-0.01847897474745955
Geo_Code_3190,-0.01851191996227625
Geo_Code_83061,-0.01878054557584951
Geo_Code_38548,-0.018853774455899062
Customer Id_H1695,-0.018853774455899062
Customer Id_H4585,-0.01891463074109026
Customer Id_H2455,-0.018986556936729914
Customer Id_H19934,-0.020162639032970636
Customer Id_H19979,-0.020876712873373778
Customer Id_H2454,-0.02120956210787826
Customer Id_H19356,-0.02141701631848211
Geo_Code_73257,-0.02168229313182682
Customer Id_H15818,-0.02168229313182682
Customer Id_H19875,-0.0217978318326256
Customer Id_H4908,-0.021798561922372162
Customer Id_H1272,-0.021835600230810878
Customer Id_H14661,-0.021913062765315378
Customer Id_H14147,-0.021934835636550784
Customer Id_H15311,-0.021952011879630865
Geo_Code_72181,-0.022138117867204085
Customer Id_H18598,-0.022138117867204085
Customer Id_H16969,-0.022408590016587814
Customer Id_H6347,-0.022803655199498424
Customer Id_H3000,-0.023114668972180556
Geo_Code_38169,-0.02334858816031863
Customer Id_H16058,-0.023356101471340564
Customer Id_H14379,-0.023555147682723033
Customer Id_H6775,-0.024069896613664096
Customer Id_H7407,-0.02500570718846237
Geo_Code_75104,-0.025131063060708846
Customer Id_H3196,-0.025278532911574347
Customer Id_H2272,-0.025379631675353308
Customer Id_H5947,-0.02563878579640557
Customer Id_H1912,-0.025670028333718807
Geo_Code_21485,-0.025724054386926463
Customer Id_H14245,-0.025724054386926463
Customer Id_H4166,-0.02574320402708074
Customer Id_H5549,-0.025777924643520588
Customer Id_H3481,-0.026214887861931966
Customer Id_H3497,-0.026299550661147267
Customer Id_H3011,-0.026529980578359088
Customer Id_H4664,-0.026583593351919163
Customer Id_H18219,-0.026866895094101083
Customer Id_H18339,-0.026895775543278027
Customer Id_H13309,-0.027102997655247475
Customer Id_H19960,-0.02718012513081804
Customer Id_H2774,-0.027417605350084643
Customer Id_H2912,-0.027546035050150713
Customer Id_H16958,-0.02764822418854658
Geo_Code_94022,-0.027652741850812616
Customer Id_H3201,-0.027706514656175064
Customer Id_H1298,-0.028004151659070366
Customer Id_H17452,-0.028191596352811207
Customer Id_H4332,-0.02839758215718485
Customer Id_H2392,-0.02886911919950078
Customer Id_H14486,-0.028978569777467593
Customer Id_H17704,-0.02915586587126616
Customer Id_H6546,-0.029340996382126745
Customer Id_H3009,-0.029340997826941332
Customer Id_H2305,-0.029449546065231605
Customer Id_H19208,-0.030062787718268365
Geo_Code_68271,-0.030232397233466577
Customer Id_H5404,-0.030235563316806772
Customer Id_H16109,-0.030294883880172426
Customer Id_H4663,-0.03050295257546529
Customer Id_H573,-0.03064352903364175
Customer Id_H19937,-0.03067510625855248
Customer Id_H4708,-0.03068287563821119
Customer Id_H18729,-0.030702559400938002
Customer Id_H2985,-0.030998942811155044
Customer Id_H1498,-0.031049717087962662
Customer Id_H1689,-0.03135019850296282
Customer Id_H2304,-0.03152159400515724
Customer Id_H1631,-0.03190750719255685
Customer Id_H14087,-0.03203847742062071
Customer Id_H6287,-0.03214136485354679
Customer Id_H5235,-0.03215118532514841
Customer Id_H19207,-0.03215997815444744
Settlement_U,-0.03246289498958615
Customer Id_H3417,-0.03257025600213598
Customer Id_H14705,-0.032737978080373
Geo_Code_66048,-0.032737978080373
Customer Id_H3839,-0.03274950916701813
Geo_Code_38507,-0.03280915825593181
Customer Id_H15110,-0.03280915825593181
Customer Id_H18737,-0.03286508429724749
Customer Id_H4127,-0.0328750042848407
Customer Id_H4003,-0.032939566556647586
Customer Id_H16390,-0.03326067347565901
Customer Id_H5111,-0.03351133393489821
Geo_Code_92032,-0.0336141802890968
Customer Id_H14167,-0.03370608087646822
Customer Id_H2443,-0.034008468687080275
Customer Id_H17080,-0.03401818804191664
Customer Id_H18116,-0.034190937711390104
Geo_Code_95060,-0.034190937711390104
Customer Id_H2396,-0.034201289229048464
Customer Id_H5796,-0.034206085560499554
Customer Id_H18206,-0.034218580988148194
Customer Id_H19308,-0.034300613478119586
Customer Id_H19441,-0.034343268147983046
Geo_Code_77135,-0.034343268147983046
Customer Id_H17607,-0.034371269978682284
Customer Id_H19202,-0.03439975642996712
Customer Id_H5790,-0.03443797465598294
Customer Id_H5345,-0.03446662199269523
Customer Id_H14498,-0.034525162425150586
Customer Id_H4408,-0.034666375428103385
Customer Id_H1780,-0.0350086512536607
Customer Id_H2743,-0.03512113642518022
Customer Id_H6716,-0.035288148547020885
Customer Id_H5191,-0.03538636618303851
Geo_Code_47323,-0.03558585526057305
Customer Id_H18212,-0.03558585526057305
Customer Id_H15581,-0.03570375365513342
Customer Id_H4867,-0.03574501169893019
Customer Id_H2788,-0.035916258497819896
Customer Id_H19442,-0.0359937327998119
Customer Id_H2303,-0.0360853513879583
Customer Id_H3234,-0.036165597691876064
Customer Id_H6845,-0.036515013303359524
Customer Id_H2120,-0.0365835538136315
Customer Id_H18364,-0.0366705671264666
Customer Id_H171,-0.03667694905605176
Customer Id_H17606,-0.03679361039275665
Customer Id_H2905,-0.03701413612158193
Customer Id_H13909,-0.037170388939083504
Customer Id_H2744,-0.037437974982777275
Geo_Code_91390,-0.03766965127530647
Customer Id_H17278,-0.03766965127530647
Customer Id_H19624,-0.03770653161496207
Customer Id_H18909,-0.03807116135591868
Customer Id_H3838,-0.03812242876138094
Geo_Code_94046,-0.03826895209995617
Customer Id_H18731,-0.03829624690072061
Customer Id_H19922,-0.03853164966343918
Geo_Code_9301,-0.03853164966343918
Geo_Code_87106,-0.03872529103330421
Customer Id_H2166,-0.03872529103330421
Customer Id_H4174,-0.03886222104222726
Customer Id_H16887,-0.03902525755800518
Customer Id_H18709,-0.039214748965452365
Geo_Code_83019,-0.039493384887825674
Customer Id_H18918,-0.039493384887825674
Customer Id_H17797,-0.03954930690516963
Customer Id_H13944,-0.03973967777518663
Customer Id_H6352,-0.03978043805036895
Customer Id_H18308,-0.0398287110416699
Customer Id_H14426,-0.03986218068513082
Geo_Code_60661,-0.03986218068513082
Customer Id_H2742,-0.039894814708763
Customer Id_H19795,-0.03996082068793583
Customer Id_H19584,-0.040203548448380776
Geo_Code_82112,-0.040420545105665895
Customer Id_H2728,-0.040420545105665895
Customer Id_H6828,-0.04042809302443424
Customer Id_H6877,-0.04061695612423556
Customer Id_H17701,-0.0407212133884696
Customer Id_H19939,-0.04076079946166052
Customer Id_H16336,-0.040767606013282894
Customer Id_H5495,-0.040874236224384505
Customer Id_H15252,-0.04093490351125113
Customer Id_H363,-0.04104397614729336
Customer Id_H4806,-0.0413698953501608
Customer Id_H14363,-0.04139258422236273
Customer Id_H6589,-0.04161014348632815
Customer Id_H681,-0.04164499743612572
Customer Id_H7238,-0.04165136582580861
Customer Id_H5245,-0.04166300042521317
Geo_Code_33236,-0.04179858906314717
Customer Id_H5277,-0.04179858906314717
Customer Id_H14466,-0.04183339979129459
Customer Id_H18748,-0.04184861131192181
Customer Id_H6737,-0.04189675290211645
Customer Id_H6926,-0.041901616281734035
Geo_Code_89024,-0.041901616281734035
Customer Id_H17687,-0.04196749711596469
Customer Id_H14477,-0.04202698851513944
Geo_Code_21540,-0.042170435514797384
Customer Id_H1440,-0.042170435514797384
Customer Id_H18152,-0.04236525393538268
Customer Id_H5749,-0.04238740088453928
Customer Id_H17589,-0.04242221698817552
Customer Id_H18571,-0.042534833482393654
Customer Id_H16827,-0.04253845830062094
Customer Id_H15277,-0.04270714836622651
Customer Id_H1293,-0.042727192711519174
Geo_Code_75109,-0.04281048177775338
Geo_Code_51030,-0.042823540961005054
Customer Id_H6951,-0.042823540961005054
Customer Id_H17796,-0.042876158798397436
Customer Id_H16587,-0.042964032333172836
Customer Id_H13875,-0.04297726943089154
Geo_Code_6033,-0.04312912432888537
Customer Id_H4334,-0.04333948309432799
Customer Id_H3161,-0.04335820011383452
Customer Id_H3296,-0.043442869904144484
Customer Id_H17350,-0.04345588672629023
Customer Id_H7224,-0.04346638536789379
Customer Id_H15251,-0.04348395257974972
Customer Id_H2428,-0.04348447342069112
Customer Id_H18904,-0.04363904984144238
Customer Id_H19978,-0.043646427660123124
Customer Id_H5483,-0.043646564361991505
Geo_Code_17297,-0.043646564361991505
Customer Id_H6784,-0.043901488347062215
Customer Id_H17745,-0.043921228505813495
Geo_Code_71076,-0.04404469131011203
Customer Id_H3869,-0.04404469131011203
Customer Id_H254,-0.044444182435444596
Customer Id_H158,-0.044471048640041616
Customer Id_H17523,-0.044800657938918756
Customer Id_H1819,-0.04497334535910963
Customer Id_H17040,-0.044980021638744434
Customer Id_H13184,-0.04498741808260333
Geo_Code_95014,-0.04498741808260333
Customer Id_H5923,-0.04513389907635925
Geo_Code_31069,-0.0452195196362044
Customer Id_H18439,-0.04524998593938267
Geo_Code_83081,-0.04524998593938267
Customer Id_H18151,-0.04527782147009686
Customer Id_H15404,-0.04532385430329912
Customer Id_H14742,-0.045337043356635104
Customer Id_H16028,-0.0453798566132803
Customer Id_H16826,-0.04545208942787801
Customer Id_H3395,-0.045458566278475054
Customer Id_H18139,-0.04551120680389187
Customer Id_H19320,-0.04574414041885548
Customer Id_H5981,-0.04576724953817226
Customer Id_H5435,-0.04592969583991056
Customer Id_H18401,-0.045954354563571734
Customer Id_H16792,-0.045973931568128235
Customer Id_H18166,-0.04616448947248219
Customer Id_H3295,-0.04633230804235286
Geo_Code_81220,-0.046349156386638175
Customer Id_H19900,-0.046349156386638175
Customer Id_H18128,-0.0466368050935551
Customer Id_H19950,-0.04671040939000884
Customer Id_H6187,-0.04673333322764947
Customer Id_H16858,-0.04680952460656635
Geo_Code_2A004,-0.04686631186348319
Customer Id_H3719,-0.04697843514474076
Customer Id_H18385,-0.04729398660127427
Customer Id_H2984,-0.04736718592549263
Customer Id_H3720,-0.047381149305272464
Customer Id_H6953,-0.04741048961413273
Customer Id_H14442,-0.04742831486560952
Customer Id_H18464,-0.047428876519267756
Customer Id_H13222,-0.047430776955183315
Customer Id_H5574,-0.04749396378690961
Geo_Code_67506,-0.04749396378690961
Geo_Code_93046,-0.047509305929148274
Customer Id_H18134,-0.047509305929148274
Customer Id_H14465,-0.04753580518913991
Customer Id_H18747,-0.0477203860169132
Customer Id_H5536,-0.047761694186337356
Geo_Code_92040,-0.04777619954120738
Customer Id_H2379,-0.04791033830409451
Customer Id_H6458,-0.04797774452431534
Customer Id_H18357,-0.04823249887893496
Customer Id_H15403,-0.04835709930275132
Customer Id_H7308,-0.04847850099965708
Customer Id_H4703,-0.04862707381458729
Customer Id_H13942,-0.048678589913168334
Customer Id_H14694,-0.048681928217855434
Geo_Code_91045,-0.048681928217855434
Customer Id_H17594,-0.04879965376106126
Customer Id_H5612,-0.048837068924165714
Geo_Code_40065,-0.048837068924165714
Geo_Code_60450,-0.04892644877476494
Customer Id_H16703,-0.04892644877476494
Customer Id_H16077,-0.04893191141191589
Geo_Code_66180,-0.04893191141191589
Customer Id_H5429,-0.048971415900904994
Customer Id_H575,-0.048975902360479204
Customer Id_H19078,-0.04916686412715132
Customer Id_H16791,-0.04920284651462829
Customer Id_H5768,-0.04920625974655397
Customer Id_H18889,-0.0492299956659027
Customer Id_H1281,-0.049302862717983134
Geo_Code_6084,-0.049431255401202925
Customer Id_H529,-0.049431255401202925
Customer Id_H5076,-0.049452882401964986
Customer Id_H266,-0.049607281685820626
Customer Id_H14628,-0.04970439746711318
Customer Id_H17502,-0.04980760957480599
Customer Id_H2595,-0.04993992579585013
Customer Id_H4846,-0.049969300235800235
Customer Id_H18805,-0.05011542887161867
Geo_Code_6073,-0.05050051205006943
Customer Id_H3672,-0.05050051205006943
Customer Id_H4342,-0.05052932160413526
Customer Id_H4236,-0.05071135868654993
Customer Id_H15234,-0.050726537259499875
Customer Id_H14059,-0.05093374826031058
Geo_Code_91577,-0.05104584968256754
Customer Id_H15763,-0.05104584968256754
Customer Id_H2248,-0.051128410666565774
Customer Id_H7365,-0.05113436996372615
Customer Id_H2639,-0.051265467827529596
Customer Id_H19593,-0.051283485600118174
Customer Id_H2378,-0.05128930988033126
Geo_Code_13026,-0.051380677333751165
Customer Id_H19751,-0.051380677333751165
Geo_Code_67194,-0.051567858350248894
Customer Id_H3301,-0.051567858350248894
Customer Id_H322,-0.05175872633790388
Customer Id_H2238,-0.05181832692779382
Customer Id_H18736,-0.05205670464651981
Customer Id_H4761,-0.05212111260936137
Customer Id_H5696,-0.052133014799161645
Customer Id_H3725,-0.05230850940387978
Customer Id_H17178,-0.05242291776061497
Customer Id_H5702,-0.05247088411676915
Customer Id_H12617,-0.052471111917129006
Customer Id_H16790,-0.052516184505043965
Customer Id_H2451,-0.05261447914931688
Customer Id_H6338,-0.052631201873997384
Customer Id_H6588,-0.05265888735880431
Geo_Code_38133,-0.05270157163538703
Customer Id_H6,-0.05270157163538703
Customer Id_H3074,-0.0527855519079678
Customer Id_H13005,-0.05292390776300411
Customer Id_H18096,-0.0530946774579096
Customer Id_H5538,-0.053125393902899665
Customer Id_H1878,-0.05316154174208116
Customer Id_H19926,-0.05319612057049136
Customer Id_H16169,-0.05319800306503332
Geo_Code_10343,-0.05319800306503332
Customer Id_H17457,-0.053203171547865316
Customer Id_H2676,-0.053397719718167105
Customer Id_H2739,-0.05348193721703555
Customer Id_H1898,-0.05349058832059256
Customer Id_H1280,-0.053492329154834005
Customer Id_H19898,-0.05349753774093539
Geo_Code_78586,-0.053499576559264406
Customer Id_H7343,-0.053499576559264406
Customer Id_H1446,-0.05351006363800651
Customer Id_H4817,-0.05352980466437704
Customer Id_H5659,-0.0536179728381948
Customer Id_H19949,-0.053710198800315016
Customer Id_H17977,-0.053766641654927005
Customer Id_H2593,-0.05381868694354801
Geo_Code_1224,-0.05382462520363706
Customer Id_H18601,-0.05382462520363706
Customer Id_H6196,-0.054197323388117204
Customer Id_H18225,-0.05423601883910171
Customer Id_H15862,-0.05445805701703521
Customer Id_H6856,-0.0545155910527081
Geo_Code_26362,-0.05455484086283493
Customer Id_H3246,-0.0546422678692172
Customer Id_H15381,-0.05466970996403118
Customer Id_H6417,-0.05467790908957896
Customer Id_H14744,-0.05473303885564667
Customer Id_H13219,-0.05493434791233032
Customer Id_H4393,-0.055027604349455854
Geo_Code_37132,-0.05509585387224273
Customer Id_H6041,-0.05509585387224273
Customer Id_H2467,-0.05518634737638734
Customer Id_H240,-0.05518908655865174
Customer Id_H15738,-0.0553253170674956
Customer Id_H16581,-0.055551201054087423
Customer Id_H2029,-0.05571774916979012
Geo_Code_61169,-0.05583196512743805
Customer Id_H3966,-0.05583196512743805
Customer Id_H1458,-0.05594655726767844
Customer Id_H2007,-0.055951716439379885
Geo_Code_88492,-0.055951716439379885
Customer Id_H19659,-0.05596993508384887
Customer Id_H13742,-0.05604966993595044
Customer Id_H5799,-0.05606804443253822
Geo_Code_56034,-0.05606804443253822
Customer Id_H17684,-0.05613694773951501
Customer Id_H3430,-0.05614112731025136
Customer Id_H5611,-0.05618331872496561
Customer Id_H14663,-0.05630049889488876
Customer Id_H13566,-0.05641413831936073
Customer Id_H18566,-0.056443752739119626
Customer Id_H1287,-0.05655830718342921
Customer Id_H6783,-0.056558350828384216
Customer Id_H19947,-0.056560491829831486
Customer Id_H486,-0.0566215372358183
Customer Id_H18095,-0.056650227457303776
Customer Id_H13047,-0.05665430552561325
Customer Id_H4623,-0.05671870080853983
Customer Id_H16781,-0.056771334492517284
Geo_Code_78217,-0.056771334492517284
Geo_Code_83153,-0.056864497440916664
Customer Id_H5275,-0.056864497440916664
Customer Id_H6549,-0.05687023326433131
Customer Id_H17683,-0.05688768244377411
Customer Id_H4165,-0.056902361544934894
Customer Id_H3756,-0.05713708540126325
Customer Id_H6714,-0.05714630086382367
Customer Id_H5145,-0.05736611898764956
Customer Id_H1296,-0.05739455293851125
Customer Id_H15970,-0.057400954905569505
Customer Id_H150,-0.05758726946018476
Customer Id_H6008,-0.05764296243432854
Customer Id_H2139,-0.05769616638844648
Customer Id_H7437,-0.05770934931985601
Customer Id_H5752,-0.057938376729544945
Customer Id_H17015,-0.057968795825120656
Customer Id_H14194,-0.05797169643353597
Customer Id_H3676,-0.05797387647937387
Customer Id_H19737,-0.05802650224606302
Customer Id_H7181,-0.058234832267030925
Customer Id_H17358,-0.05830833887905971
Customer Id_H2377,-0.0584316379457324
Customer Id_H5304,-0.05851702092255706
Customer Id_H14510,-0.058523461921586285
Geo_Code_30344,-0.05853233279714269
Customer Id_H15500,-0.05853233279714269
Customer Id_H6470,-0.05856593180801445
Customer Id_H16889,-0.058640221202269284
Customer Id_H3012,-0.05864181988689691
Customer Id_H4575,-0.05867801873755025
Geo_Code_33003,-0.05875760341938032
Customer Id_H19243,-0.05875760341938032
Customer Id_H5875,-0.05881353993862171
Customer Id_H239,-0.05884415382568636
Customer Id_H18194,-0.05884581710826918
Geo_Code_91064,-0.05884743742363221
Customer Id_H6512,-0.05884743742363221
Customer Id_H5233,-0.058955891953974854
Customer Id_H42,-0.058965393854069036
Customer Id_H6134,-0.05898039607150606
Customer Id_H15760,-0.059019600040466226
Geo_Code_13117,-0.05908136638505766
Customer Id_H13249,-0.0591016245900851
Geo_Code_6083,-0.0591622707781846
Customer Id_H19930,-0.05932120858690895
Geo_Code_38151,-0.05939968717417976
Customer Id_H15647,-0.05940487008142636
Customer Id_H19927,-0.0594155459622385
Customer Id_H4895,-0.05946732615366336
Geo_Code_31157,-0.05960440664055094
Customer Id_H19444,-0.05960440664055094
Customer Id_H17302,-0.05966483071982731
Customer Id_H2484,-0.05968855142806574
Customer Id_H4350,-0.05977276240025028
Geo_Code_30276,-0.05984729875411626
Customer Id_H14738,-0.05984729875411626
Customer Id_H14165,-0.05992620169046106
Geo_Code_17411,-0.05992620169046106
Customer Id_H2470,-0.059961166458018744
Customer Id_H7040,-0.06007821578962397
Customer Id_H4133,-0.060236292372741196
Customer Id_H15903,-0.06024864729831247
Customer Id_H3612,-0.06044367341276647
Customer Id_H7436,-0.06058630413920539
Customer Id_H2537,-0.06064334471160365
Customer Id_H2738,-0.06068213999920322
Customer Id_H17770,-0.06073472221919935
Customer Id_H2664,-0.06076681421217454
Geo_Code_91477,-0.06083735627292555
Customer Id_H15632,-0.06083735627292555
Customer Id_H3325,-0.060879383915744247
Customer Id_H5910,-0.06104950030381312
Customer Id_H16232,-0.061110907133974296
Customer Id_H19245,-0.061344324176696184
Customer Id_H14183,-0.061404434731879766
Customer Id_H14014,-0.06145775197612816
Geo_Code_63300,-0.06161317161715954
Customer Id_H4027,-0.06161317161715954
Geo_Code_95051,-0.061624372840043934
Customer Id_H3979,-0.061624372840043934
Customer Id_H2916,-0.06163731883318429
Customer Id_H2331,-0.0616391354596052
Geo_Code_74266,-0.06171634993101476
Customer Id_H16456,-0.06171634993101476
Customer Id_H6151,-0.06176455591654686
Customer Id_H2103,-0.061827809460664566
Customer Id_H6493,-0.06192496593159306
Customer Id_H17002,-0.06197742753219258
Customer Id_H3237,-0.06202654913031119
Geo_Code_42097,-0.06202654913031119
Customer Id_H5303,-0.06218399152903414
Customer Id_H4160,-0.062211217351567996
Customer Id_H16368,-0.06223626142182292
Geo_Code_95176,-0.06223626142182292
Customer Id_H5666,-0.062272628814750555
Customer Id_H5588,-0.06230271700067125
Geo_Code_28085,-0.06230271700067125
Customer Id_H2376,-0.06231955556111559
Customer Id_H3496,-0.0623246405597689
Customer Id_H3188,-0.0623812938589399
Customer Id_H3729,-0.06251529378879883
Customer Id_H5346,-0.0625479329963496
Geo_Code_89069,-0.0625479329963496
Customer Id_H15146,-0.06259007373955328
Customer Id_H238,-0.06270898284192984
Customer Id_H18562,-0.06271415204629166
Customer Id_H1810,-0.06272064814805436
Customer Id_H13187,-0.06278564643377306
Customer Id_H15599,-0.06281224245091752
Geo_Code_73150,-0.06282048945311407
Customer Id_H19704,-0.06282048945311407
Customer Id_H4831,-0.06282387208888485
Customer Id_H16934,-0.06304429120796128
Customer Id_H18879,-0.06307552589948608
Customer Id_H3724,-0.06308728136042684
Customer Id_H7179,-0.06320965493126311
Customer Id_H5206,-0.06323310131555249
Customer Id_H6125,-0.06323310131555249
Customer Id_H6948,-0.06333561635896733
Customer Id_H12953,-0.06349790566061939
Customer Id_H15259,-0.06354840682487027
Customer Id_H17301,-0.06356154344914396
Customer Id_H6178,-0.06359339711287168
Customer Id_H19580,-0.06364715022113013
Customer Id_H4494,-0.06364886152679461
Customer Id_H17073,-0.0636705099970229
Customer Id_H17176,-0.06386794480303183
Customer Id_H17837,-0.06390930207212282
Geo_Code_94078,-0.06394820418141012
Customer Id_H6558,-0.06394820418141012
Customer Id_H6317,-0.06410928878991103
Customer Id_H294,-0.06412333780580473
Customer Id_H389,-0.06412660219375332
Customer Id_H4175,-0.06413795146959013
Geo_Code_57209,-0.0641674232151973
Customer Id_H18662,-0.0641674232151973
Customer Id_H5089,-0.06417778923778915
Geo_Code_83018,-0.0642017779202939
Customer Id_H13092,-0.0642017779202939
Customer Id_H2821,-0.06436107381366413
Customer Id_H18851,-0.06445753366240786
Geo_Code_38126,-0.06445753366240786
Customer Id_H4791,-0.06447130142545192
Customer Id_H16201,-0.06451600226266091
Customer Id_H17946,-0.06471251800614025
Customer Id_H13691,-0.0647707632635651
Customer Id_H5929,-0.0648716885719423
Customer Id_H1875,-0.06493498301487187
Customer Id_H14854,-0.06505375515737094
Customer Id_H2785,-0.06515180976709224
Customer Id_H6204,-0.06516346128302862
Customer Id_H2329,-0.0653619147891894
Geo_Code_83004,-0.06543473237196325
Customer Id_H19762,-0.06543473237196325
Customer Id_H17715,-0.06543523195731527
Customer Id_H13741,-0.06545905939888053
Customer Id_H3061,-0.06555407073361237
Customer Id_H15721,-0.06555607381313748
Customer Id_H19458,-0.06561699758457026
Customer Id_H17576,-0.06562867897100325
Customer Id_H19951,-0.06563459630490746
Customer Id_H172,-0.06569025649530573
Customer Id_H3437,-0.06612375376825395
Customer Id_H14509,-0.06614201364128201
Customer Id_H5864,-0.06616306371363638
Geo_Code_69029,-0.0663022764873905
Customer Id_H5974,-0.0663022764873905
Customer Id_H18716,-0.06652286587530722
Customer Id_H12865,-0.06654773801228168
Customer Id_H17185,-0.06657654924000034
Customer Id_H6242,-0.06663024393546858
Customer Id_H7166,-0.06669120110936513
Customer Id_H6013,-0.06673434100553693
Customer Id_H18707,-0.06680025130378131
Customer Id_H4181,-0.06714026941121966
Customer Id_H7298,-0.06718893572110562
Customer Id_H19903,-0.06741932540842065
Customer Id_H17556,-0.06768088466083887
Customer Id_H13009,-0.0677024137422915
Customer Id_H4436,-0.06770401165639749
Customer Id_H4493,-0.06782132855889234
Customer Id_H7215,-0.06784206312800926
Customer Id_H15624,-0.06816161965459483
Customer Id_H6482,-0.06820179696270719
Customer Id_H4995,-0.06829242814844351
Customer Id_H6591,-0.06829331284698396
Customer Id_H4173,-0.068332719931596
Customer Id_H2551,-0.0684337824825255
Customer Id_H1269,-0.06850236952664086
Customer Id_H4790,-0.06855020827249639
Customer Id_H15202,-0.06876378210313912
Customer Id_H13119,-0.06879172736493297
Customer Id_H2211,-0.06886707838710782
Customer Id_H4926,-0.06901641391613914
Customer Id_H3203,-0.06901685086481678
Customer Id_H14008,-0.0690503927543689
Geo_Code_74305,-0.06907496883811966
Customer Id_H310,-0.06911810554699441
Customer Id_H3270,-0.06916321397025453
Customer Id_H17436,-0.06922892511400629
Customer Id_H1285,-0.06939909814207751
Customer Id_H15718,-0.06941942489487457
Customer Id_H2328,-0.06952773600731059
Customer Id_H1950,-0.06972738157897125
Customer Id_H12706,-0.06978259346642052
Customer Id_H479,-0.0697882753365713
Customer Id_H4159,-0.0698678768375753
Customer Id_H6844,-0.06989192656969505
Customer Id_H6700,-0.06994656701947422
Customer Id_H3545,-0.0700593384315127
Geo_Code_11910,-0.0701165700019911
Customer Id_H5540,-0.0701165700019911
Customer Id_H17109,-0.07021983491667003
Customer Id_H15544,-0.0703302768853313
Geo_Code_44070,-0.07033402999943339
Customer Id_H552,-0.07033402999943339
Customer Id_H16573,-0.07036079999924524
Customer Id_H3991,-0.07037202079213782
Customer Id_H19315,-0.0703762411133469
Customer Id_H19529,-0.07048023900348122
Customer Id_H5863,-0.07051420093378842
Customer Id_H14808,-0.07064025538532731
Customer Id_H17597,-0.07066643982655232
Customer Id_H3393,-0.07076447220717864
Geo_Code_33933,-0.07076447220717864
Customer Id_H3735,-0.07079944978431392
Customer Id_H12864,-0.07081929376708612
Customer Id_H19254,-0.07088915577489507
Geo_Code_83017,-0.07088915577489507
Customer Id_H5950,-0.0709747296595493
Customer Id_H4824,-0.07110154251697756
Geo_Code_39470,-0.07114306051074823
Customer Id_H18092,-0.07114306051074823
Customer Id_H7395,-0.07122479267656481
Customer Id_H19418,-0.07122937438568142
Customer Id_H6501,-0.07131090706050029
Customer Id_H7176,-0.07135456488120444
Customer Id_H18457,-0.07137561375175396
Customer Id_H3743,-0.07147726167095615
Customer Id_H19891,-0.07150796945989013
Customer Id_H16264,-0.07177437295952635
Customer Id_H19371,-0.07199316096517398
Customer Id_H2483,-0.07199698270991045
Customer Id_H17300,-0.07200764561276402
Geo_Code_6159,-0.07201388730803782
Customer Id_H15602,-0.07204427859551484
Geo_Code_78092,-0.07204427859551484
Customer Id_H18607,-0.0720742904980426
Customer Id_H3888,-0.07211312067946465
Customer Id_H12683,-0.07241429436419619
Customer Id_H2926,-0.07255299139220554
Customer Id_H1659,-0.07260651110405353
Customer Id_H6299,-0.07270251657461131
Customer Id_H18019,-0.07273523791945746
Customer Id_H19048,-0.07283752316545124
Customer Id_H19847,-0.07292660684710049
Customer Id_H13256,-0.07300683806539887
Customer Id_H19749,-0.07309058324495685
Customer Id_H360,-0.07322174061550023
Geo_Code_74215,-0.07322174061550023
Customer Id_H4729,-0.07371359012038015
Customer Id_H46,-0.07383194357757575
Customer Id_H15479,-0.07383763886981325
Customer Id_H4881,-0.0739854412264973
Customer Id_H16945,-0.07403445830942103
Geo_Code_81060,-0.07403445830942103
Customer Id_H5320,-0.0740644281135371
Customer Id_H19864,-0.07417192687170181
Customer Id_H5477,-0.07421730442473619
Customer Id_H7472,-0.07428145628255393
Customer Id_H6261,-0.07430765099072588
Customer Id_H2375,-0.0744218851779082
Customer Id_H6803,-0.07442539834936303
Customer Id_H15800,-0.0745137785267573
Customer Id_H7457,-0.07453031739419874
Customer Id_H3772,-0.07466556756768314
Customer Id_H18636,-0.07467549211550223
Geo_Code_13020,-0.07473593049265786
Customer Id_H592,-0.07473593049265786
Customer Id_H14642,-0.07489671449198484
Customer Id_H7314,-0.07496320424673568
Customer Id_H13111,-0.074974136445973
Customer Id_H16888,-0.07512863495362149
Customer Id_H4502,-0.0751386034122257
Customer Id_H14754,-0.07517661880188749
Customer Id_H1664,-0.07544405439069383
Customer Id_H14818,-0.07551609332736163
Customer Id_H2290,-0.07556122792463493
Customer Id_H14390,-0.07566344307888573
Customer Id_H4227,-0.07568094070614974
Customer Id_H19276,-0.07569417263964032
Customer Id_H5350,-0.07578138329067823
Geo_Code_78358,-0.07581313174017733
Customer Id_H16701,-0.07581313174017733
Customer Id_H16933,-0.07597089141056547
Customer Id_H7213,-0.07602566868863476
Customer Id_H18456,-0.0761050587502113
Customer Id_H3357,-0.07612143361376764
Customer Id_H3559,-0.07614150413145851
Customer Id_H15674,-0.07615446159917841
Customer Id_H16941,-0.0762624746563648
Geo_Code_93053,-0.0762624746563648
Customer Id_H4345,-0.07627926809658778
Customer Id_H5882,-0.07629684011219755
Customer Id_H17887,-0.07630671178070857
Customer Id_H15981,-0.07630829508873369
Geo_Code_74099,-0.07630829508873369
Customer Id_H19385,-0.07635904142104363
Customer Id_H4483,-0.07643957818549688
Customer Id_H5986,-0.07649924897495085
Geo_Code_69052,-0.07649924897495085
Customer Id_H18136,-0.07657526814688832
Geo_Code_77083,-0.07657526814688832
Customer Id_H6303,-0.07658350417113371
Customer Id_H19351,-0.07660092849461811
Customer Id_H17604,-0.07671751949810161
Customer Id_H17017,-0.07684757720001544
Geo_Code_13045,-0.07684757720001544
Customer Id_H2063,-0.07686118065590881
Customer Id_H19244,-0.07686673285439914
Customer Id_H19905,-0.07694519131791447
Customer Id_H48,-0.07704122109635125
Customer Id_H12681,-0.07711700595531151
Customer Id_H18580,-0.07722477057068525
Customer Id_H4834,-0.07730124195755188
Customer Id_H5500,-0.07737589685601427
Geo_Code_60513,-0.07745861299659092
Customer Id_H17841,-0.07745861299659092
Customer Id_H15902,-0.07753910343785686
Customer Id_H19913,-0.07756976099325416
Geo_Code_74245,-0.07756976099325416
Customer Id_H16202,-0.07758908098513372
Customer Id_H14927,-0.07762804448716365
Customer Id_H3202,-0.07772557404443356
Geo_Code_38138,-0.07774843242965537
Customer Id_H5824,-0.0777581259368182
Customer Id_H6074,-0.0778706960454965
Geo_Code_38562,-0.07791459678436985
Customer Id_H18147,-0.07791459678436985
Customer Id_H15027,-0.07805821183505723
Customer Id_H18855,-0.07811661942343429
Customer Id_H16604,-0.07811845510489515
Geo_Code_44015,-0.07829597088972284
Customer Id_H19190,-0.07829597088972284
Customer Id_H18274,-0.0783720450224975
Customer Id_H4728,-0.0784516469698998
Customer Id_H18144,-0.07845855493901797
Geo_Code_59350,-0.07855567209137666
Geo_Code_4094,-0.07864421846889286
Customer Id_H13678,-0.07864421846889286
Customer Id_H12626,-0.07864488472552571
Customer Id_H19061,-0.07865462071449976
Customer Id_H16467,-0.07866025716111291
Customer Id_H2891,-0.07869178704193291
Customer Id_H5697,-0.07869450789229543
Customer Id_H6773,-0.0788005245537851
Customer Id_H12999,-0.0788011853740987
Customer Id_H3143,-0.07895402141099658
Geo_Code_50532,-0.07911819969277742
Customer Id_H14673,-0.07911819969277742
Customer Id_H1877,-0.07915091006840393
Customer Id_H5945,-0.07916540334819147
Geo_Code_57221,-0.07920248865020295
Customer Id_H12810,-0.07920248865020295
Customer Id_H2374,-0.07932331125068204
Geo_Code_69201,-0.07934881672263788
Customer Id_H1350,-0.07934881672263788
Customer Id_H17465,-0.07936743285015171
Geo_Code_91521,-0.07945238523658128
Customer Id_H4593,-0.07945238523658128
Customer Id_H13029,-0.07945649549777689
Customer Id_H19553,-0.07952160123177063
Customer Id_H16572,-0.07955597683257756
Customer Id_H1428,-0.07962017301713889
Customer Id_H16380,-0.07971081963272042
Geo_Code_50626,-0.07976432136366297
Customer Id_H14841,-0.07976432136366297
Customer Id_H16511,-0.07982312237890844
Customer Id_H4501,-0.07986828764296332
Customer Id_H1481,-0.08022427656230134
Customer Id_H3031,-0.08025645714798868
Customer Id_H17313,-0.08025880097283603
Customer Id_H6495,-0.08033893095798919
Geo_Code_44135,-0.08033893095798919
Customer Id_H3118,-0.0804484523047838
Customer Id_H3778,-0.08046113785733609
Customer Id_H18963,-0.08063260339244815
Geo_Code_42304,-0.08063260339244815
Customer Id_H18264,-0.08072485008687785
Geo_Code_19272,-0.08072485008687785
Customer Id_H15796,-0.08072944045212273
Customer Id_H19645,-0.08076156150703136
Customer Id_H1852,-0.080819458136768
Customer Id_H5995,-0.08089345034524675
Customer Id_H15673,-0.08090764572030003
Customer Id_H14780,-0.08090886347323943
Customer Id_H13577,-0.08121619115442325
Customer Id_H4482,-0.08125177253425396
Customer Id_H15057,-0.08127106185311356
Customer Id_H13585,-0.08138095139467852
Geo_Code_13102,-0.0814028103357124
Customer Id_H4395,-0.0814028103357124
Geo_Code_69243,-0.0814704447130239
Customer Id_H5984,-0.0814704447130239
Customer Id_H17438,-0.08163233881712263
Customer Id_H2062,-0.08164167638249305
Customer Id_H15090,-0.08173837798246263
Customer Id_H3019,-0.08184017173749901
Customer Id_H5381,-0.08187079938497716
Customer Id_H1358,-0.0818789875307312
Customer Id_H5668,-0.08196539698562567
Customer Id_H15363,-0.08197338374911681
Geo_Code_13087,-0.08226977183248489
Customer Id_H13159,-0.08226977183248489
Geo_Code_93029,-0.08227226252511168
Customer Id_H4993,-0.08227290135102976
Customer Id_H16652,-0.0823999042381
Geo_Code_74290,-0.082425465703567
Customer Id_H17959,-0.08248516991427071
Customer Id_H19878,-0.0825346426415805
Customer Id_H1997,-0.08261021508614819
Customer Id_H5823,-0.08265553362458891
Customer Id_H17166,-0.08265777121438957
Customer Id_H7357,-0.08266828594411207
Customer Id_H14074,-0.08279033241101813
Customer Id_H13479,-0.08289394226786845
Customer Id_H696,-0.08299577435875294
Customer Id_H19511,-0.08300687568738978
Customer Id_H3882,-0.08300754697051425
Customer Id_H181,-0.08303818650821677
Customer Id_H19812,-0.08304661584774198
Geo_Code_92023,-0.08307501434698672
Customer Id_H17319,-0.08332052756154636
Customer Id_H7445,-0.08334778808683398
Customer Id_H15776,-0.08337546954500866
Customer Id_H19869,-0.08344012256048638
Customer Id_H6007,-0.0834569765647425
Customer Id_H15412,-0.0835422970871583
Customer Id_H15714,-0.08356591308796348
Geo_Code_5133,-0.08356591308796348
Customer Id_H7240,-0.08358808529965278
Customer Id_H6218,-0.08385069659384461
Customer Id_H4721,-0.08390333796608722
Customer Id_H1636,-0.0839234596834331
Customer Id_H2723,-0.08393597925063781
Geo_Code_38163,-0.08400876861065323
Customer Id_H6072,-0.08400876861065323
Customer Id_H135,-0.08403149130162679
Geo_Code_21231,-0.08410410641454798
Geo_Code_38337,-0.0841181214371722
Customer Id_H6751,-0.0841181214371722
Customer Id_H15913,-0.0841698206056198
Geo_Code_29103,-0.0841698206056198
Customer Id_H4958,-0.08426061551964341
Customer Id_H2140,-0.08430199028638118
Geo_Code_71270,-0.08430578241748618
Customer Id_H14601,-0.08431261210820407
Customer Id_H6997,-0.08438389683757602
Customer Id_H3092,-0.08438874791490976
Customer Id_H6708,-0.08443544881216623
Geo_Code_74924,-0.08443544881216623
Customer Id_H5028,-0.0844903691634771
Customer Id_H19902,-0.08453905427170907
Geo_Code_13119,-0.08456877589067095
Customer Id_H3760,-0.08459009114040918
Customer Id_H18290,-0.08462420754396449
Customer Id_H19379,-0.08465149966052295
Customer Id_H18919,-0.08477024595633684
Customer Id_H4959,-0.08478261607177237
Customer Id_H15272,-0.08480762932645267
Customer Id_H2722,-0.08487031238559649
Geo_Code_38067,-0.08492178894376723
Customer Id_H13169,-0.08495874851685165
Geo_Code_13208,-0.0850334900167012
Customer Id_H15376,-0.08512070629336035
Customer Id_H6298,-0.08513007352842177
Customer Id_H7009,-0.08518970704925322
Customer Id_H15692,-0.08519471408179283
Customer Id_H7374,-0.08519877567166631
Customer Id_H13325,-0.08521427560121586
Geo_Code_83070,-0.08521427560121586
Customer Id_H18183,-0.08522168124105252
Customer Id_H17294,-0.08523758565912405
Customer Id_H5257,-0.08548072438289606
Customer Id_H15326,-0.08549024346910201
Geo_Code_64237,-0.08559404402605401
Customer Id_H5573,-0.08559404402605401
Customer Id_H3632,-0.08559870442430911
Customer Id_H13164,-0.08579516758288235
Geo_Code_77379,-0.08579516758288235
Customer Id_H15460,-0.08584068936903201
Customer Id_H18587,-0.08589407681778516
Geo_Code_33063,-0.08591324228965308
Customer Id_H3899,-0.08599981773999946
Geo_Code_56083,-0.08599981773999946
Geo_Code_3095,-0.08605152557698971
Customer Id_H4438,-0.08605152557698971
Customer Id_H5994,-0.08606017033417065
Customer Id_H19608,-0.08609167064063408
Customer Id_H6734,-0.08624815091902824
Customer Id_H13584,-0.08644378229946953
Customer Id_H19174,-0.0864584715567732
Customer Id_H2061,-0.08666348218966613
Customer Id_H18589,-0.0866952998326483
Customer Id_H5380,-0.08676230569297297
Customer Id_H13306,-0.08677746737562814
Customer Id_H16355,-0.08687305965237493
Customer Id_H6857,-0.0869565873127549
Customer Id_H5231,-0.0869572991544578
Geo_Code_77088,-0.0869572991544578
Customer Id_H14803,-0.08720903186105607
Geo_Code_14117,-0.08722472441396657
Customer Id_H3577,-0.08724446080233796
Geo_Code_94021,-0.08724446080233796
Customer Id_H17693,-0.08732779477007706
Customer Id_H1996,-0.08737050970444685
Customer Id_H3976,-0.08742526661640815
Geo_Code_4197,-0.08745656532150604
Customer Id_H16404,-0.08745656532150604
Customer Id_H15916,-0.08747410575376612
Geo_Code_64191,-0.08747410575376612
Customer Id_H7337,-0.08750745003156425
Customer Id_H6283,-0.08752714126133383
Geo_Code_76254,-0.08758985606757466
Customer Id_H14960,-0.08758985606757466
Customer Id_H17958,-0.08765981896514934
Geo_Code_68021,-0.08766281127063683
Customer Id_H16208,-0.08766281127063683
Customer Id_H14073,-0.08771066941479519
Geo_Code_91182,-0.08771199152431935
Customer Id_H19849,-0.08771199152431935
Customer Id_H16366,-0.0877424732220423
Geo_Code_68161,-0.0877424732220423
Customer Id_H13989,-0.08778105062931996
Customer Id_H14177,-0.0879673829614471
Customer Id_H18547,-0.08804157844660197
Customer Id_H6376,-0.08813267023297572
Customer Id_H13948,-0.08818856202901808
Customer Id_H7074,-0.08822964669254016
Geo_Code_38408,-0.08841826768835506
Customer Id_H3282,-0.08842309901319091
Customer Id_H3480,-0.08861430040375459
Customer Id_H14309,-0.08877511644207459
Customer Id_H16760,-0.08881288438893256
Customer Id_H6447,-0.08886287446809014
Customer Id_H4292,-0.08894407617939412
Customer Id_H19805,-0.08894418580754192
Customer Id_H16658,-0.08899108659907848
Customer Id_H15367,-0.08901279323116573
Customer Id_H2326,-0.0890387066003476
Customer Id_H501,-0.08904882357051733
Customer Id_H14199,-0.08917253049708643
Customer Id_H1469,-0.08928871707990967
Customer Id_H7206,-0.08930851661722662
Geo_Code_73099,-0.08930851661722662
Geo_Code_15187,-0.08935163908114879
Customer Id_H15020,-0.08935163908114879
Customer Id_H3707,-0.0893983614490218
Customer Id_H14554,-0.08942269821541629
Customer Id_H18763,-0.08951840069575097
Customer Id_H2206,-0.08952980022997895
Customer Id_H6429,-0.08958638098870315
Customer Id_H3578,-0.08960303214634781
Customer Id_H3802,-0.08964088874477666
Geo_Code_7102,-0.08968394218836791
Geo_Code_94016,-0.08983980976097088
Customer Id_H17270,-0.08984699947524931
Customer Id_H13445,-0.08985736662584025
Customer Id_H4932,-0.08995311551477199
Customer Id_H15841,-0.09011560222193164
Customer Id_H2285,-0.09014184651928776
Customer Id_H4607,-0.09016278093029723
Customer Id_H6722,-0.09028314635895172
Geo_Code_13007,-0.09028314635895172
Customer Id_H17312,-0.09030425660736903
Customer Id_H6897,-0.09034306818555123
Geo_Code_54197,-0.0903459401124528
Customer Id_H14784,-0.0903459401124528
Customer Id_H17595,-0.09038389327315119
Geo_Code_94073,-0.09048749301695395
Customer Id_H16806,-0.09048749301695395
Customer Id_H16598,-0.09053068181137516
Geo_Code_66148,-0.09053068181137516
Customer Id_H18730,-0.09065469196966464
Geo_Code_56181,-0.09076459269413101
Customer Id_H2661,-0.09076459269413101
Customer Id_H608,-0.09079466775717829
Geo_Code_91292,-0.09079466775717829
Customer Id_H590,-0.09084402272711752
Customer Id_H15922,-0.09110489706410663
Customer Id_H515,-0.09113502355361441
Customer Id_H6759,-0.09116882140043646
Customer Id_H13302,-0.0912068336273502
Customer Id_H2256,-0.09122807329069327
Customer Id_H5354,-0.09128481242361423
Geo_Code_38442,-0.09128481242361423
Geo_Code_83092,-0.09140141688318627
Customer Id_H18712,-0.09140141688318627
Customer Id_H5900,-0.09147292285204053
Customer Id_H618,-0.09157605959412109
Geo_Code_36063,-0.09158672375258285
Customer Id_H3651,-0.09158672375258285
Customer Id_H3036,-0.09159543193569415
Customer Id_H3768,-0.09161241454312984
Geo_Code_13030,-0.09161241454312984
Customer Id_H18422,-0.09172945678837696
Customer Id_H4075,-0.09173960413085605
Customer Id_H1847,-0.09178877320128477
Customer Id_H17679,-0.09181524214664877
Customer Id_H19247,-0.09184582141915279
Customer Id_H5219,-0.09185191981860354
Customer Id_H2150,-0.09196176656223512
Customer Id_H15044,-0.09196457619838903
Geo_Code_90008,-0.09196457619838903
Customer Id_H12965,-0.09199300619099762
Geo_Code_59328,-0.09200851865676767
Customer Id_H18193,-0.09200851865676767
Customer Id_H6577,-0.09203772425207599
Customer Id_H14599,-0.0920580644931108
Customer Id_H16288,-0.09209400769126416
Customer Id_H15768,-0.09224677097997779
Customer Id_H6205,-0.09238638481581651
Customer Id_H15361,-0.09242457389540835
Customer Id_H14787,-0.09246029838298227
Customer Id_H19120,-0.09248805451158142
Customer Id_H17200,-0.09253459243369028
Customer Id_H1686,-0.09265606335456357
Geo_Code_69275,-0.09265606335456357
NumberOfWindows_3,-0.09274802239723691
Geo_Code_93051,-0.09277029688284609
Customer Id_H17849,-0.09287316149802746
Customer Id_H6282,-0.09289057891481385
Customer Id_H2762,-0.09299991102386453
Customer Id_H14319,-0.09303517833733513
Customer Id_H17957,-0.09309029167148038
Customer Id_H15945,-0.09319850924875084
Customer Id_H7356,-0.09327153690196709
Customer Id_H439,-0.09327653842316419
Customer Id_H14176,-0.09342845391405405
Customer Id_H18913,-0.09355719521060075
Customer Id_H2413,-0.09356470848803716
Customer Id_H18635,-0.09358996836894397
Customer Id_H17001,-0.09361043759832567
Customer Id_H3795,-0.09361872327210774
Customer Id_H2514,-0.09369649631491198
Customer Id_H174,-0.09371471971979352
Customer Id_H16359,-0.09383987280765958
Customer Id_H15355,-0.09385265426621982
Customer Id_H4954,-0.09394922617695009
Customer Id_H6309,-0.0939889196040906
Customer Id_H5417,-0.09413933281339532
Customer Id_H13815,-0.09414148189198221
Geo_Code_28173,-0.09426425630693104
Customer Id_H16436,-0.09426425630693104
Geo_Code_73088,-0.09426903084513241
Customer Id_H6575,-0.09457425013175555
Customer Id_H2673,-0.09460313502061038
Customer Id_H5227,-0.09474305308242092
Geo_Code_95555,-0.09482082710780163
Customer Id_H3312,-0.09484518965205134
Customer Id_H14185,-0.09487184545710396
Customer Id_H5079,-0.09538279687252249
Customer Id_H15870,-0.09540992167974588
Customer Id_H2657,-0.09541053607460234
Customer Id_H15716,-0.09543248123006738
Customer Id_H16513,-0.095490329996756
Customer Id_H565,-0.09559233671249882
Geo_Code_33039,-0.09559233671249882
Customer Id_H149,-0.09572611675230898
Customer Id_H19924,-0.0958138714022608
Customer Id_H1341,-0.095941380849431
Geo_Code_38545,-0.095941380849431
Customer Id_H13072,-0.09600282834032914
Customer Id_H18009,-0.09606880405731659
Customer Id_H17667,-0.09633364177351386
Customer Id_H19807,-0.09647456437331377
Geo_Code_8362,-0.09647456437331377
Customer Id_H17474,-0.09651848505204494
Geo_Code_92072,-0.09651848505204494
Customer Id_H15103,-0.09658843393841587
Customer Id_H13771,-0.09660580294886337
Customer Id_H1436,-0.09660848117900203
Geo_Code_43224,-0.0966414788754592
Customer Id_H4129,-0.0966414788754592
Customer Id_H359,-0.09668730494754495
Customer Id_H3513,-0.09672824599021866
Customer Id_H51,-0.09689755258279077
Customer Id_H3618,-0.09690175083881034
Customer Id_H18802,-0.0969599961093516
Customer Id_H6838,-0.09699263545274407
Customer Id_H3780,-0.09720232981031929
Geo_Code_4176,-0.09720232981031929
Customer Id_H13663,-0.09724090831028971
Customer Id_H13603,-0.09725291188767964
Customer Id_H13525,-0.09748239465382093
Customer Id_H15113,-0.09751313774480377
Customer Id_H5315,-0.09761737414418502
Customer Id_H16287,-0.09762514291337726
Customer Id_H5397,-0.09780061299139647
Customer Id_H14614,-0.09787554502826398
Customer Id_H17193,-0.0979124386340994
Customer Id_H6480,-0.09793358705505704
Customer Id_H13669,-0.09794416018162237
Customer Id_H19475,-0.09799961037321711
Customer Id_H17489,-0.09808641984615919
Geo_Code_44194,-0.09808641984615919
Geo_Code_12208,-0.09813507088083377
Customer Id_H5238,-0.09817420554500154
Customer Id_H2703,-0.09820020861380828
Customer Id_H14072,-0.09825738012805856
Customer Id_H4081,-0.0982836529910172
Customer Id_H4440,-0.09828911735633945
Customer Id_H13095,-0.09853749435280246
Customer Id_H2536,-0.09856260056962364
Geo_Code_42275,-0.09856260056962364
Geo_Code_38205,-0.0986783810127562
Customer Id_H14208,-0.0986783810127562
Customer Id_H18141,-0.0989141352738807
Customer Id_H7272,-0.0989253259731031
Customer Id_H17013,-0.09893499260667918
Customer Id_H18488,-0.09899777113469357
Customer Id_H605,-0.09908492392111537
Customer Id_H19919,-0.09919136018626544
Customer Id_H3794,-0.09931772406734049
Customer Id_H1826,-0.09931825658202112
Customer Id_H2850,-0.09938869420098424
Customer Id_H528,-0.09956909112689741
Geo_Code_71153,-0.09956909112689741
Geo_Code_73008,-0.09963104499588459
Customer Id_H510,-0.09963104499588459
Customer Id_H4600,-0.09975553893942961
Customer Id_H14212,-0.09977904879593927
Customer Id_H2469,-0.09979217206956352
Customer Id_H7101,-0.09982732554809436
Customer Id_H2037,-0.09983195415899554
Geo_Code_15012,-0.09990165368074036
Customer Id_H6685,-0.09990165368074036
Customer Id_H5789,-0.09994561560250971
Customer Id_H14002,-0.10007424484052799
Customer Id_H18576,-0.1000874672389614
Customer Id_H3333,-0.10013582429527153
Customer Id_H7035,-0.10028704382982914
Customer Id_H1468,-0.10039600356625004
Customer Id_H2488,-0.10043963657832804
Customer Id_H1342,-0.10045605223960549
Customer Id_H6746,-0.10063140025390004
Customer Id_H2205,-0.10072006837448716
Customer Id_H19781,-0.1007500169860402
Customer Id_H5711,-0.10077846815579614
Customer Id_H4805,-0.10109020962187286
Customer Id_H13814,-0.1011301258038205
Customer Id_H16008,-0.10120437837788353
Customer Id_H13098,-0.10124644463702617
Customer Id_H6471,-0.10140017035330316
Customer Id_H6254,-0.1014948421904688
Customer Id_H7041,-0.10155339895133557
Customer Id_H4658,-0.10174550705679632
Customer Id_H2577,-0.10184714508366693
Customer Id_H4158,-0.10185985029392323
Geo_Code_90041,-0.10186860038358377
Customer Id_H19901,-0.10186860038358377
Geo_Code_38931,-0.10195978535510838
Customer Id_H15102,-0.10210738551580308
Geo_Code_26243,-0.10222167502622895
Customer Id_H6904,-0.10222167502622895
Customer Id_H3922,-0.10224019346318876
Customer Id_H16184,-0.10237457950768351
Customer Id_H4052,-0.10249798752193408
Customer Id_H15795,-0.10253625111928771
Customer Id_H18436,-0.10259317903177777
Customer Id_H1945,-0.10270737827268872
Customer Id_H3456,-0.10272682917569756
Customer Id_H13994,-0.10277967783405599
Customer Id_H6705,-0.10281700177117162
Customer Id_H5963,-0.10283651733808986
Customer Id_H15477,-0.1029628234149345
Customer Id_H4611,-0.10297674108760385
Customer Id_H19646,-0.10303771570289472
Customer Id_H13805,-0.10305154568198414
Customer Id_H19718,-0.10309454759088159
Customer Id_H4597,-0.10313118196623897
Customer Id_H15370,-0.103152414337726
Customer Id_H16744,-0.10316052367467751
Customer Id_H14427,-0.10318398010232918
Customer Id_H4367,-0.10329196860518093
Customer Id_H3610,-0.10338310788186988
Customer Id_H6055,-0.10352919522434519
Customer Id_H5806,-0.10367199528059684
Customer Id_H6827,-0.10373384077079635
Customer Id_H2371,-0.10375568787344143
Customer Id_H5072,-0.10382599184565726
Customer Id_H13668,-0.10382701587041988
Customer Id_H13438,-0.10383738393223974
Customer Id_H15844,-0.10391270175778869
Customer Id_H14802,-0.10392620643519375
Customer Id_H16873,-0.10394273930336334
Customer Id_H4756,-0.10395291137852017
Customer Id_H14283,-0.10396275025592741
Customer Id_H13816,-0.10396713474463005
Customer Id_H18494,-0.10403095341362713
Customer Id_H16955,-0.10421795794559985
Customer Id_H270,-0.10425616473039372
Customer Id_H17199,-0.10427186998003454
Customer Id_H1357,-0.10429358490166689
Customer Id_H14262,-0.10436247980972267
Customer Id_H19908,-0.10439748654515132
YearOfObservation,-0.1044046265204702
Customer Id_H14004,-0.10444683776387612
Customer Id_H18349,-0.10445657493556319
Customer Id_H6171,-0.10445903237592752
Customer Id_H368,-0.10447548556637931
Geo_Code_42330,-0.10455055696608775
Customer Id_H18850,-0.10455055696608775
Customer Id_H2390,-0.10466669729314845
Customer Id_H352,-0.10474029319426684
Customer Id_H4073,-0.10481357464386154
Customer Id_H18487,-0.10489139560732269
Customer Id_H3004,-0.10490217131647277
Customer Id_H19474,-0.10491665501221262
Customer Id_H4209,-0.10501119055069932
Customer Id_H6812,-0.10514891709625068
Customer Id_H18211,-0.10519098187026765
Customer Id_H2701,-0.1052103064813094
Customer Id_H584,-0.10524362885542551
Customer Id_H2412,-0.10527741372636923
Customer Id_H3894,-0.10541622853514454
Geo_Code_4166,-0.10542143491762218
Customer Id_H15998,-0.10542143491762218
Customer Id_H13173,-0.10545667195660578
Customer Id_H17898,-0.10548811102218474
Geo_Code_54188,-0.10548811102218474
Customer Id_H18813,-0.10567371781655514
Geo_Code_17094,-0.10568191169506545
Customer Id_H13390,-0.10568191169506545
Customer Id_H18210,-0.10573443547914436
Customer Id_H6936,-0.10577101553844137
Customer Id_H14779,-0.10593129661013569
Customer Id_H16814,-0.10606121034534373
Customer Id_H13400,-0.10611702183031747
Customer Id_H14134,-0.10624264529334408
Customer Id_H14549,-0.10626000455250179
Customer Id_H2600,-0.10655676583477322
Customer Id_H18513,-0.10657676379852925
Customer Id_H13191,-0.10663327685083834
Customer Id_H17032,-0.10666940355656329
Customer Id_H2204,-0.10670366038861105
Customer Id_H6359,-0.10672470622877032
Customer Id_H2656,-0.10682458641357889
Customer Id_H4566,-0.10698768431112107
Customer Id_H15533,-0.10706498030225368
Customer Id_H13882,-0.10709551922301401
Geo_Code_78015,-0.10710063423762725
Customer Id_H6772,-0.10710063423762725
Customer Id_H481,-0.10714687849753549
Customer Id_H16904,-0.10724339963215576
Customer Id_H14635,-0.10726841795668267
Geo_Code_1363,-0.10726841795668267
Customer Id_H5476,-0.10734579015618945
Customer Id_H602,-0.10739003688409221
Geo_Code_91345,-0.10739003688409221
Customer Id_H14003,-0.1074030088068868
Customer Id_H13861,-0.10741648703630041
Customer Id_H14776,-0.10750260400420082
Customer Id_H6372,-0.10756391609326398
Customer Id_H2284,-0.1075711804980912
Customer Id_H19023,-0.10779911220524907
Customer Id_H6694,-0.10781032757784091
Customer Id_H2995,-0.10784998075194009
Customer Id_H3285,-0.10788826085848412
Customer Id_H5792,-0.10790311017988599
Customer Id_H13985,-0.10798030459043009
Customer Id_H15879,-0.10798788363401121
Customer Id_H14517,-0.10800539253476749
Date_of_Occupancy,-0.10802260254065092
Customer Id_H4498,-0.10803019736374238
Customer Id_H3403,-0.10803401058893669
Customer Id_H5428,-0.10805416120195455
Customer Id_H14877,-0.10808088790599428
Geo_Code_62498,-0.10811886843688101
Customer Id_H2480,-0.10811886843688101
Customer Id_H3723,-0.10837040744636704
Customer Id_H13097,-0.10846143699049857
Geo_Code_49050,-0.10847001371339107
Customer Id_H19300,-0.10847001371339107
Customer Id_H324,-0.10847280038006818
Customer Id_H14481,-0.10848714164155597
Customer Id_H16192,-0.10849837784853898
Customer Id_H2124,-0.10851910080502107
Customer Id_H7396,-0.10866397073368728
Customer Id_H211,-0.10867566437722759
Geo_Code_93061,-0.10867566437722759
Customer Id_H168,-0.10873764740472416
Geo_Code_68118,-0.1087550025114241
Customer Id_H2162,-0.1087550025114241
Customer Id_H12747,-0.10877529573499244
Customer Id_H3512,-0.10879699555612321
Customer Id_H16333,-0.10898784506842805
Customer Id_H6602,-0.10899313229616
Customer Id_H3046,-0.10899536276480633
Customer Id_H18998,-0.10904283963673299
Customer Id_H14502,-0.1091225007147369
Customer Id_H179,-0.10912989090219544
Customer Id_H6530,-0.10923242329129457
Customer Id_H1637,-0.10927072341181801
Geo_Code_95219,-0.10938265726563041
Customer Id_H15222,-0.10938265726563041
Customer Id_H15112,-0.10939053900624898
Customer Id_H3509,-0.1095764383003751
Customer Id_H7386,-0.10960856699597234
Customer Id_H12934,-0.10974137990969986
Geo_Code_33550,-0.10974490491521394
Customer Id_H14123,-0.10988111748847555
Customer Id_H19773,-0.10988181246069248
Customer Id_H1532,-0.10990426659703624
Customer Id_H3032,-0.10991043857567202
Geo_Code_16292,-0.10992964184439523
Customer Id_H15274,-0.10992964184439523
Customer Id_H5932,-0.10998336891958874
Customer Id_H6649,-0.10999746836196297
Customer Id_H3913,-0.1100935076190749
Customer Id_H6670,-0.11013139210813755
Customer Id_H4537,-0.11014492095068042
Customer Id_H7164,-0.11014990720868242
Customer Id_H13715,-0.11019555493722757
Customer Id_H16167,-0.11019632463283895
Customer Id_H13126,-0.11028444137988623
Customer Id_H4882,-0.11033449762848874
Customer Id_H19958,-0.11034613862622777
Customer Id_H1816,-0.11036905508521858
Customer Id_H6313,-0.11052986101821764
Customer Id_H488,-0.11054336935530559
Customer Id_H3626,-0.11066699055828995
Customer Id_H1812,-0.11073834365276387
Geo_Code_83144,-0.11081508857059584
Customer Id_H4147,-0.11094118632954539
Customer Id_H12820,-0.11104342904144332
Customer Id_H6315,-0.11107514772055134
Customer Id_H3786,-0.11111166348391067
Customer Id_H4935,-0.11118467902023348
Customer Id_H12721,-0.11119155423389762
Geo_Code_93059,-0.11119155423389762
Customer Id_H14113,-0.11122271109236585
Customer Id_H13960,-0.11127182147524685
Geo_Code_23096,-0.1113398056729629
Customer Id_H410,-0.1113398056729629
Customer Id_H18600,-0.11144846916966934
Customer Id_H18160,-0.111501148692523
Customer Id_H4796,-0.11150546453295405
Customer Id_H3893,-0.11151605081314662
Customer Id_H15555,-0.11156454980991724
Customer Id_H599,-0.11162208266779008
Customer Id_H17405,-0.11168214129359932
Customer Id_H3938,-0.11170315741262528
Customer Id_H6308,-0.11172214430085113
Customer Id_H6304,-0.11182049660147754
Customer Id_H19557,-0.11187394729066243
Customer Id_H686,-0.11192415746567534
Geo_Code_55502,-0.11193281999816765
Customer Id_H14560,-0.11193281999816765
Customer Id_H19616,-0.11198748252259594
Geo_Code_95426,-0.11198748252259594
Customer Id_H15577,-0.11199822380648024
Geo_Code_34150,-0.11199822380648024
Customer Id_H18832,-0.11205328205677201
Customer Id_H5788,-0.11206610612099922
Geo_Code_21166,-0.11207650871525865
Customer Id_H18726,-0.11207650871525865
Customer Id_H5069,-0.11220427277955122
Customer Id_H3539,-0.1123304383134888
Customer Id_H14007,-0.11252729330832963
Customer Id_H3873,-0.1125385729599467
Customer Id_H14253,-0.11265342999523431
Customer Id_H500,-0.1127090475752807
Customer Id_H6296,-0.11279409280149608
Geo_Code_9029,-0.11279409280149608
Geo_Code_13042,-0.1128779303418869
Customer Id_H1735,-0.11292058648592095
Customer Id_H400,-0.11294833121249712
Customer Id_H17052,-0.11297971370968235
Customer Id_H1634,-0.11298598336014448
Geo_Code_92007,-0.11303944256175973
Customer Id_H15191,-0.11303944256175973
Customer Id_H15468,-0.1130928651325214
Customer Id_H15111,-0.11310448077510515
Customer Id_H4588,-0.11326722326302748
Geo_Code_56052,-0.11326722326302748
Customer Id_H2167,-0.11329603183705209
Customer Id_H7146,-0.11330402533178334
Customer Id_H6256,-0.11344139560115539
Customer Id_H16107,-0.11357899102577888
Customer Id_H13860,-0.11366820702639303
Customer Id_H13349,-0.11375703683593867
Geo_Code_59560,-0.11382185724467601
Customer Id_H14816,-0.11382185724467601
Customer Id_H7079,-0.11401217712364851
Customer Id_H15429,-0.11406236721486006
Customer Id_H13233,-0.11416587271819004
Customer Id_H14725,-0.11416791204754377
Customer Id_H2562,-0.11421533059460144
Customer Id_H2641,-0.11432012345207633
Customer Id_H3613,-0.11439793803206119
Customer Id_H15217,-0.11444753874566257
Customer Id_H4661,-0.11449209395963351
Customer Id_H18804,-0.11455256118903598
Geo_Code_69027,-0.11455256118903598
Customer Id_H5225,-0.1145544588484204
Customer Id_H2717,-0.1146180422043288
Customer Id_H323,-0.11461931735023492
Geo_Code_83112,-0.11470438810753766
Customer Id_H13296,-0.11470438810753766
Customer Id_H14901,-0.11473015938713196
Geo_Code_39097,-0.11474299334920718
Customer Id_H4083,-0.11474299334920718
Customer Id_H3921,-0.11475116928198756
Customer Id_H13462,-0.11481816708328668
Geo_Code_94004,-0.11491182910886037
Customer Id_H17349,-0.11494136159593105
Customer Id_H1412,-0.11495904882838567
Customer Id_H19278,-0.11501934035536342
Customer Id_H13101,-0.11506237374107045
Geo_Code_5145,-0.11507207864668596
Customer Id_H14149,-0.11507207864668596
Customer Id_H4526,-0.1150906434921563
Customer Id_H2571,-0.1150964972332963
Geo_Code_38565,-0.1152497119173609
Customer Id_H6153,-0.11530636778864188
Customer Id_H4657,-0.11532024061081324
Customer Id_H19502,-0.11535317160814967
Customer Id_H15312,-0.11538740746878993
Customer Id_H13541,-0.11548278368961971
Customer Id_H14558,-0.11549938005826263
Customer Id_H15173,-0.11558565980055545
Customer Id_H6502,-0.11563919632842377
Customer Id_H3826,-0.11574844764378528
Customer Id_H17632,-0.11581383474936344
Customer Id_H283,-0.11588836755960935
Customer Id_H18880,-0.1159333222501046
Customer Id_H7338,-0.11609955470661049
Customer Id_H3851,-0.11612562045552711
Customer Id_H17989,-0.11639511398463702
Customer Id_H18867,-0.11639775175515042
Customer Id_H5925,-0.11642749074063839
Geo_Code_77378,-0.1164393333743613
Customer Id_H19689,-0.1164393333743613
Customer Id_H14580,-0.11647916611179254
Customer Id_H14019,-0.11651351225230391
Geo_Code_38294,-0.11654119311505859
Customer Id_H18590,-0.11654119311505859
Customer Id_H7364,-0.11655480829544318
Customer Id_H2736,-0.11667355870079328
Geo_Code_66008,-0.11667355870079328
Customer Id_H3303,-0.11703865893183038
Customer Id_H13760,-0.11707664342299248
Customer Id_H17678,-0.11724036547923775
Customer Id_H5094,-0.11731892757136311
Customer Id_H17252,-0.11735583121222294
Customer Id_H6339,-0.11741175397118894
Customer Id_H2494,-0.11741661680254975
Customer Id_H14318,-0.1174307071951524
Customer Id_H14508,-0.11747051742414523
Customer Id_H5458,-0.11747587695475294
Customer Id_H6360,-0.11749493151680052
Customer Id_H13700,-0.11749572878527909
Customer Id_H1308,-0.11750240943594384
Customer Id_H13864,-0.1175378394481885
Customer Id_H18574,-0.11757303560592307
Customer Id_H14637,-0.1176621810362034
Geo_Code_74281,-0.11769743770397509
Customer Id_H14918,-0.11772489177450042
Customer Id_H19026,-0.1177756050157426
Customer Id_H6186,-0.1178164750258356
Customer Id_H5104,-0.1178672958763523
Customer Id_H14736,-0.11790968173960358
Customer Id_H17414,-0.11792377539671454
Customer Id_H13690,-0.1179671735464281
Customer Id_H17277,-0.11803549063957444
Customer Id_H5906,-0.11808981525879862
Customer Id_H2381,-0.11814490175907179
Customer Id_H18137,-0.118148545292456
Customer Id_H13428,-0.11816692278426293
Customer Id_H5101,-0.11818244198016477
Customer Id_H16002,-0.11818854939780911
Customer Id_H18975,-0.11828815466555238
Customer Id_H17530,-0.118421722427358
Customer Id_H13928,-0.11850616709682424
Customer Id_H5234,-0.11854492358809594
Geo_Code_69278,-0.11859957263710984
Customer Id_H30,-0.11859957263710984
Customer Id_H1577,-0.11862527566577476
Customer Id_H1929,-0.11868983678969823
Customer Id_H16330,-0.1187661148515761
Customer Id_H3741,-0.11883608657330533
Customer Id_H18761,-0.11889231652891082
Customer Id_H6836,-0.11889987213212103
Geo_Code_38930,-0.11889987213212103
Customer Id_H14006,-0.11894142257107426
Customer Id_H638,-0.11900095271611734
Customer Id_H2128,-0.11919417131481785
Customer Id_H3606,-0.11923491868864286
Customer Id_H3565,-0.1192388561087259
Customer Id_H17611,-0.11929493700812771
Geo_Code_62645,-0.11929493700812771
Customer Id_H17051,-0.11943381334553942
Customer Id_H5214,-0.11951739290034971
Customer Id_H16393,-0.11954660013653036
Geo_Code_66147,-0.11954660013653036
Customer Id_H15467,-0.1195587564690643
Geo_Code_94017,-0.11956077360202466
Customer Id_H7440,-0.11960625793722715
Customer Id_H19410,-0.11971381608399868
Customer Id_H5018,-0.11972515255686869
Customer Id_H4204,-0.11976285960630796
Customer Id_H2403,-0.11979750154881876
Customer Id_H4001,-0.11991076540980959
Customer Id_H5336,-0.12005960949529142
Customer Id_H4415,-0.12013641705771018
Customer Id_H7443,-0.12019919347805229
Customer Id_H19164,-0.12025669020733264
Customer Id_H17059,-0.12026202176712496
Geo_Code_13904,-0.12033844783815283
Customer Id_H14977,-0.12033844783815283
Customer Id_H16518,-0.12042660658612266
Customer Id_H14775,-0.12042668199838599
Customer Id_H3251,-0.12047015680416873
Customer Id_H3661,-0.12048412833012473
Customer Id_H18817,-0.12052336190168118
Customer Id_H7017,-0.12057395431444552
Customer Id_H6085,-0.12061429499130838
Customer Id_H13651,-0.12064968037411064
Geo_Code_77131,-0.12073318165182259
Customer Id_H301,-0.12073318165182259
Customer Id_H19484,-0.12074422612920058
Customer Id_H5400,-0.1207983154105578
Customer Id_H6332,-0.1208289069637943
Customer Id_H4110,-0.12086172051916345
Geo_Code_30075,-0.12092524971022854
Customer Id_H7243,-0.12092524971022854
Customer Id_H5944,-0.12093985973872938
Customer Id_H3583,-0.12094714123981472
Geo_Code_30062,-0.12094714123981472
Customer Id_H14227,-0.12106935672581103
Geo_Code_2173,-0.12110099710460631
Customer Id_H17764,-0.12110099710460631
Geo_Code_76231,-0.12118833925926309
Customer Id_H5747,-0.12118833925926309
Geo_Code_57017,-0.1212295949938425
Customer Id_H13659,-0.1212295949938425
Customer Id_H504,-0.12128642772689965
Customer Id_H12769,-0.12133073334817318
Customer Id_H286,-0.12139902234747278
Customer Id_H6960,-0.1214313010430579
Geo_Code_91511,-0.1214313010430579
Customer Id_H334,-0.12154969705445966
Customer Id_H4330,-0.12155503433474293
Customer Id_H16892,-0.12186115677843151
Geo_Code_94059,-0.12186115677843151
Customer Id_H1701,-0.12187282853747099
Customer Id_H5817,-0.12188255405978875
Customer Id_H3076,-0.1218973670255426
Customer Id_H16985,-0.12201602495786774
Customer Id_H6601,-0.12205679353287145
Geo_Code_66119,-0.1220901849654113
Customer Id_H5160,-0.1220901849654113
Customer Id_H1850,-0.122093292342163
Customer Id_H15432,-0.12219363764887141
Customer Id_H18434,-0.12225101005061163
Geo_Code_57430,-0.12225101005061163
Customer Id_H13764,-0.12226118908648761
Customer Id_H13523,-0.12236983774726963
Customer Id_H13465,-0.12251443786972135
Customer Id_H6079,-0.12252182526068119
Customer Id_H385,-0.12263535066839655
Customer Id_H2229,-0.12271968523054105
Geo_Code_28088,-0.12271968523054105
Customer Id_H14094,-0.12281920573690942
Customer Id_H4626,-0.1229379760410186
Customer Id_H3912,-0.12295063732599296
Customer Id_H6930,-0.12299057738286336
Customer Id_H4517,-0.12301451152687963
Customer Id_H3027,-0.12306382756222842
Geo_Code_76552,-0.12306382756222842
Customer Id_H2610,-0.12319868599694096
Customer Id_H397,-0.12323238241709784
Customer Id_H4720,-0.12323896563925721
Customer Id_H6050,-0.12324776673810228
Customer Id_H6428,-0.12325163795666337
Customer Id_H18866,-0.12327023627202857
Customer Id_H7267,-0.12345170356906457
Geo_Code_59355,-0.1234568888507055
Customer Id_H4735,-0.1234568888507055
Customer Id_H16550,-0.12356507621398546
Customer Id_H4519,-0.12364896645285327
Customer Id_H16777,-0.12366653948518949
Geo_Code_28134,-0.12366653948518949
Customer Id_H3153,-0.12366693747347772
Customer Id_H16415,-0.12384909284214345
Customer Id_H16824,-0.12387557087695002
Customer Id_H663,-0.12388587663385235
Customer Id_H17486,-0.12389961462018222
Customer Id_H1473,-0.12407754324323801
Customer Id_H18207,-0.12434485641335064
Customer Id_H6000,-0.12450170610957796
Geo_Code_62201,-0.12455243387774577
Customer Id_H19873,-0.1245732823545875
Geo_Code_25367,-0.12464499196685534
Customer Id_H3078,-0.12464499196685534
Customer Id_H13689,-0.12466185352921542
Customer Id_H4725,-0.12480064973600972
Customer Id_H15158,-0.12481401747233872
Customer Id_H13866,-0.12484024735066035
Customer Id_H12959,-0.12485186205813745
Customer Id_H18258,-0.12490612173082516
Customer Id_H1994,-0.1249276081472192
Customer Id_H6486,-0.12499922836664905
Customer Id_H2660,-0.12509230250228082
Customer Id_H19103,-0.12513257636413821
Customer Id_H4573,-0.12513893795469525
Customer Id_H17529,-0.1251421522545332
Geo_Code_32248,-0.1251484510355673
Customer Id_H13383,-0.1251484510355673
Customer Id_H18441,-0.12515826274991654
Geo_Code_77431,-0.12525505262277556
Customer Id_H4453,-0.12525505262277556
Customer Id_H6532,-0.12530077652738408
Customer Id_H16217,-0.1253041790481446
Customer Id_H19676,-0.12538548110797848
Geo_Code_62300,-0.12538548110797848
Customer Id_H17944,-0.12540774198087007
Customer Id_H5103,-0.12540954033733992
Customer Id_H5068,-0.12549724511392762
Customer Id_H16369,-0.12556775237015358
Customer Id_H5085,-0.12569383625657413
Geo_Code_69389,-0.12569383625657413
Customer Id_H13705,-0.12569383625657418
Geo_Code_40328,-0.12569383625657418
Customer Id_H18787,-0.12577256907058826
Customer Id_H18653,-0.1258744990420057
Customer Id_H16357,-0.12589567115220973
Customer Id_H357,-0.12600664683141616
Customer Id_H3449,-0.12601326005826977
Customer Id_H399,-0.12607771992506528
Customer Id_H6148,-0.12629779725449203
Customer Id_H16249,-0.12635219330212333
Customer Id_H4538,-0.1264123113247187
Customer Id_H5445,-0.12644605022230196
Customer Id_H4636,-0.1264703508039869
Customer Id_H14086,-0.12653883255045878
Customer Id_H18333,-0.1265519119894983
Customer Id_H16660,-0.12655295076123504
Geo_Code_74043,-0.12656697750867363
Customer Id_H12931,-0.12656697750867363
Customer Id_H4702,-0.1266282540679085
Customer Id_H14669,-0.1266773449963338
Geo_Code_22113,-0.1266773449963338
Geo_Code_32013,-0.12669248946936046
Customer Id_H425,-0.12669248946936046
Geo_Code_95313,-0.12671608142552593
Customer Id_H3579,-0.12683821974250697
Customer Id_H3711,-0.12685084229296814
Customer Id_H3243,-0.12688990608432962
Customer Id_H4016,-0.12698552092996662
Customer Id_H19316,-0.12699961994723707
Customer Id_H1773,-0.12700133170932307
Customer Id_H7442,-0.12705159372670954
Customer Id_H14596,-0.12708163116904825
Customer Id_H4214,-0.12716358368527136
Customer Id_H14774,-0.12717764651636826
Customer Id_H3792,-0.1274503230442418
Customer Id_H17329,-0.12756740143051354
Customer Id_H16603,-0.127617363274505
Customer Id_H16803,-0.12767805005886318
Customer Id_H1590,-0.1277527873225211
Customer Id_H7195,-0.127876128201498
Customer Id_H6403,-0.12787765499363032
Customer Id_H2112,-0.12792395024551811
Customer Id_H14899,-0.1280402566975271
Customer Id_H4210,-0.12825442545575028
Geo_Code_44069,-0.128291466247824
Customer Id_H18518,-0.128291466247824
Customer Id_H16899,-0.12829746232533212
Customer Id_H6967,-0.12832956772240348
Customer Id_H6116,-0.12838415354211855
Customer Id_H6297,-0.12854421133036367
Customer Id_H19620,-0.12856497553544635
Customer Id_H1399,-0.12864360202795416
Customer Id_H178,-0.12879843785372555
Customer Id_H17448,-0.1288437462776067
Customer Id_H38,-0.12895436897689808
Customer Id_H2929,-0.12901322239448612
Geo_Code_85194,-0.12904947780973222
Customer Id_H5833,-0.12905313687558292
Customer Id_H16844,-0.12923566174550175
Geo_Code_78165,-0.12923566174550175
Customer Id_H13014,-0.12924835899303053
Customer Id_H5758,-0.129310201515458
Customer Id_H18125,-0.1294355129983006
Customer Id_H6078,-0.12945508959090182
Customer Id_H5884,-0.12953738823992175
Customer Id_H6477,-0.12954037768067148
Customer Id_H16212,-0.12956810709994154
Customer Id_H4572,-0.12962062285087947
Geo_Code_59650,-0.12971875395355037
Customer Id_H14788,-0.12971875395355037
Customer Id_H7255,-0.12975855593906419
Customer Id_H5363,-0.12978635682252923
Geo_Code_57907,-0.12978635682252923
Customer Id_H7070,-0.12980784794176994
Customer Id_H15923,-0.12991968345135438
Customer Id_H13421,-0.13003336327825643
Customer Id_H2018,-0.13013154979041408
Customer Id_H3971,-0.13016851041432234
Customer Id_H321,-0.1302160352624275
Customer Id_H6049,-0.13024158515212142
Customer Id_H6663,-0.130316690457488
Customer Id_H7266,-0.1303337322677667
Customer Id_H16722,-0.13035937896179411
Customer Id_H7098,-0.13043355409823956
Customer Id_H7301,-0.13047141540021134
Customer Id_H16863,-0.1305697493416941
Customer Id_H4240,-0.13057660716931865
Customer Id_H14758,-0.13058899474252575
Geo_Code_2B096,-0.13058899474252575
Customer Id_H3558,-0.13070676786646077
Customer Id_H19615,-0.13070719630756183
Geo_Code_6044,-0.13070719630756183
Customer Id_H586,-0.13071672498182507
Customer Id_H6302,-0.13089444028136415
Customer Id_H1644,-0.13089544922055205
Customer Id_H5499,-0.13090802524785836
Customer Id_H3644,-0.13097254782773415
Customer Id_H3436,-0.13097264247878687
Customer Id_H12733,-0.13099283826442665
Customer Id_H5008,-0.13114108891902682
Customer Id_H16003,-0.13116516542265189
Customer Id_H14726,-0.1311925223165185
Customer Id_H6143,-0.1312873997897311
Customer Id_H431,-0.13132946076472166
Customer Id_H6455,-0.13151322109848174
Customer Id_H60,-0.13157506767566013
Geo_Code_12145,-0.13167193084861303
Customer Id_H15047,-0.1316882361192489
Geo_Code_8409,-0.13173782022272074
Customer Id_H1374,-0.13176022893309128
Customer Id_H1880,-0.1318082546753836
Customer Id_H19212,-0.13198840133184012
Geo_Code_66218,-0.13198840133184012
Customer Id_H18291,-0.13198914162174197
Customer Id_H5100,-0.1319981255920734
Customer Id_H134,-0.1321944985461973
Customer Id_H16385,-0.13224547458416394
Customer Id_H13348,-0.13230858993113162
Customer Id_H2292,-0.13234317995301365
Customer Id_H14995,-0.13239139554414547
Customer Id_H17995,-0.13241894298540471
Customer Id_H1928,-0.13245002685763493
Customer Id_H15640,-0.13245135146753118
Customer Id_H17138,-0.13248425269800648
Customer Id_H16179,-0.13248815316889773
Customer Id_H12968,-0.13249775223135613
Customer Id_H17028,-0.13269710284568093
Customer Id_H567,-0.13273467753984003
Customer Id_H19877,-0.1327452528267711
Customer Id_H15830,-0.13275872494881077
Customer Id_H15050,-0.13279664458068632
Customer Id_H3551,-0.13288671931200852
Customer Id_H3909,-0.1329564896343242
Geo_Code_38087,-0.1329564896343242
Customer Id_H15141,-0.13297776484163742
Customer Id_H17820,-0.1329812514566089
Customer Id_H18359,-0.13303275401828774
Customer Id_H13510,-0.13308388217503292
Customer Id_H4670,-0.13310172990362626
Geo_Code_17380,-0.13315762150785293
Customer Id_H4899,-0.13315762150785293
Customer Id_H17681,-0.1333119980457132
Customer Id_H16248,-0.1333814798830825
Geo_Code_69094,-0.1336046678593381
Customer Id_H1693,-0.1336046678593381
Customer Id_H2402,-0.13365753801980787
Customer Id_H13920,-0.13370554107096902
Customer Id_H23,-0.13370950278821758
Customer Id_H16143,-0.1338053292757823
Customer Id_H1908,-0.1338304376596249
Customer Id_H2047,-0.13385433401732844
Customer Id_H6005,-0.13399679180751653
Customer Id_H4417,-0.13404922770142205
Customer Id_H1515,-0.13405322909825593
Customer Id_H15558,-0.1340602404445087
Customer Id_H6456,-0.13411060325382085
Customer Id_H505,-0.13413482137210248
Customer Id_H17058,-0.1341458232805228
Customer Id_H14595,-0.1341824516155272
Customer Id_H5471,-0.134207999195167
Customer Id_H2507,-0.13436954127713646
Geo_Code_29259,-0.13440298046538507
Customer Id_H2818,-0.13440298046538507
Customer Id_H13693,-0.13441241242953123
Customer Id_H5040,-0.13446283730870048
Customer Id_H3311,-0.13448991608801183
Customer Id_H17328,-0.13459157301343141
Customer Id_H2804,-0.13463221870079425
Customer Id_H3588,-0.13473967223750472
Customer Id_H15184,-0.134803806818257
Geo_Code_34073,-0.1348082825549725
Customer Id_H15750,-0.1348082825549725
Customer Id_H14846,-0.13483605823806216
Customer Id_H18841,-0.13483669351781127
Customer Id_H16896,-0.13486358306133775
Customer Id_H13365,-0.13487077939509307
Customer Id_H13781,-0.13496671715582254
Customer Id_H18592,-0.13506209556186258
Customer Id_H6975,-0.1350701748825932
Customer Id_H3542,-0.13507306315066356
Geo_Code_38306,-0.13507306315066356
Customer Id_H2468,-0.13507561849846422
Customer Id_H2000,-0.13526807037518349
Geo_Code_42011,-0.1353338533324248
Customer Id_H15715,-0.1353338533324248
Customer Id_H1548,-0.13534536593844676
Customer Id_H4306,-0.1354592449083019
Customer Id_H503,-0.13548402728182937
Customer Id_H4913,-0.13554324158539008
Geo_Code_35236,-0.13554324158539008
Customer Id_H15145,-0.13563099326386352
Geo_Code_91421,-0.13563099326386352
Customer Id_H13620,-0.13563494696091213
Customer Id_H19105,-0.13568312363805973
Customer Id_H495,-0.1357180921617737
Customer Id_H16510,-0.13574306441894163
Customer Id_H1700,-0.13577217144576006
Customer Id_H16954,-0.13585415437522932
Customer Id_H17559,-0.13588198425832634
Customer Id_H344,-0.13617244987856789
Customer Id_H5452,-0.13619619857851045
Customer Id_H5487,-0.13625376486576368
Customer Id_H15380,-0.136315395973032
Customer Id_H15431,-0.136341570375509
Geo_Code_24322,-0.13635225827003564
Customer Id_H15576,-0.13635225827003564
Customer Id_H5972,-0.13642131036609284
Customer Id_H4137,-0.13643579955278667
Customer Id_H5883,-0.1364844608937237
Customer Id_H3584,-0.13655728620393928
Customer Id_H19635,-0.13662265264289764
Customer Id_H12663,-0.13667256302034136
Customer Id_H17987,-0.1367048585089071
Customer Id_H2362,-0.13690334581202532
Customer Id_H4507,-0.13693012371407406
Customer Id_H6255,-0.13695302491729322
Customer Id_H12625,-0.13699405019427124
Customer Id_H6377,-0.13700496643634513
Customer Id_H16835,-0.1370298035283333
Customer Id_H1438,-0.1370322097491625
Customer Id_H16750,-0.1371015895605879
Customer Id_H5332,-0.13712254269306925
Customer Id_H13344,-0.13720216869835727
Customer Id_H711,-0.13720352123519283
Customer Id_H20,-0.13722831843050678
Customer Id_H3967,-0.1372731007531001
Customer Id_H6566,-0.1372756434927367
Customer Id_H6945,-0.1372781324276442
Geo_Code_62318,-0.13736501083985728
Customer Id_H18525,-0.13736501083985728
Geo_Code_10362,-0.13737666215178654
Customer Id_H3791,-0.13746388721937344
Geo_Code_12176,-0.1377887867494116
Customer Id_H17288,-0.13780411920687724
Customer Id_H18735,-0.13795602842276256
Customer Id_H6489,-0.1379791210839304
Customer Id_H14493,-0.13799341647021654
Customer Id_H16351,-0.1381585495716385
Customer Id_H15170,-0.13825850536368975
Customer Id_H2516,-0.13828314948971077
Customer Id_H13698,-0.13830003400487523
Geo_Code_91679,-0.13831069044731348
Customer Id_H15827,-0.13831069044731348
Customer Id_H2006,-0.1383302997689111
Geo_Code_74182,-0.1383302997689111
Customer Id_H12622,-0.1383476659612963
Customer Id_H6314,-0.13839340416992119
Customer Id_H17485,-0.13839962247212753
Geo_Code_77268,-0.1384388557364821
Customer Id_H13799,-0.1384388557364821
Customer Id_H7013,-0.13846817300762748
Customer Id_H4865,-0.1385035680151166
Customer Id_H2435,-0.1385772887470183
Customer Id_H5868,-0.13860590188158586
Customer Id_H6765,-0.1387826934055989
Customer Id_H5899,-0.13879150572918592
Customer Id_H4220,-0.13894147388638983
Customer Id_H2714,-0.13902703582199089
Customer Id_H6637,-0.13919273921515884
Customer Id_H4581,-0.13932206460086305
Customer Id_H1830,-0.13933335395382318
Geo_Code_88408,-0.13933335395382318
Customer Id_H133,-0.13935280365049763
Customer Id_H3865,-0.13936493913948558
Customer Id_H487,-0.13938890452176195
Geo_Code_14366,-0.13941865674989676
Customer Id_H4778,-0.13941865674989676
Customer Id_H14374,-0.13952812166007178
Geo_Code_13027,-0.13967525294475458
Customer Id_H6592,-0.13968179378178924
Customer Id_H18512,-0.13974351449929695
Customer Id_H14252,-0.1397930048383533
Customer Id_H14587,-0.13981834709262653
Customer Id_H15476,-0.13983480355779138
Customer Id_H3280,-0.13999436209379026
Customer Id_H4381,-0.14004983594720874
Customer Id_H4117,-0.14007339836019594
Customer Id_H13410,-0.14009633102705843
Customer Id_H5763,-0.1401835235754541
Customer Id_H1544,-0.14023028904102697
Customer Id_H4789,-0.14033791025309408
Customer Id_H13039,-0.14033943692737716
Customer Id_H2127,-0.1403492672746291
Geo_Code_13206,-0.1404685089072409
Customer Id_H16263,-0.14053321136382518
Customer Id_H4245,-0.14061145126631627
Customer Id_H19124,-0.14064882067222295
Customer Id_H5825,-0.1406802498803837
Customer Id_H13003,-0.14073702854125056
Geo_Code_59599,-0.1407512954210351
Customer Id_H16414,-0.14078228105653867
Geo_Code_64125,-0.14081594878637385
Customer Id_H17817,-0.14081594878637385
Customer Id_H4765,-0.14081993025476564
Geo_Code_38095,-0.14081993025476564
Customer Id_H17125,-0.14086775616673677
Customer Id_H3274,-0.14100491859870107
Customer Id_H6569,-0.1410308755660355
Customer Id_H4539,-0.14113997211971704
Customer Id_H13057,-0.14117174037774366
Customer Id_H6686,-0.1412756214833246
Customer Id_H6878,-0.1412994338174629
Customer Id_H3242,-0.14131994384813504
Customer Id_H16788,-0.14137906590834273
Customer Id_H7236,-0.14137943128592376
Customer Id_H18449,-0.14149075957379087
Customer Id_H1594,-0.14151026790066168
Customer Id_H2927,-0.141529538410016
Customer Id_H13755,-0.14156726496758432
Customer Id_H5670,-0.1415707943551903
Customer Id_H7400,-0.1415910618102734
Geo_Code_60338,-0.1415910618102734
Customer Id_H16430,-0.14166300184719072
Geo_Code_91097,-0.14166300184719072
Customer Id_H16253,-0.1417734772598856
Customer Id_H3230,-0.14182565849714318
Customer Id_H5039,-0.14184486264814672
Customer Id_H2111,-0.14186073031187785
Customer Id_H3732,-0.14188240503665486
Customer Id_H2296,-0.14193431024169728
Customer Id_H14943,-0.14196270742338182
Customer Id_H18175,-0.14209896471259062
Customer Id_H16601,-0.1421574398174052
Customer Id_H5060,-0.14216353882406288
Customer Id_H7352,-0.14219137194991074
Customer Id_H17381,-0.1422684669057929
Customer Id_H19436,-0.14228263968552576
Customer Id_H16678,-0.14237642337831785
Customer Id_H4748,-0.14239787902118384
Customer Id_H1398,-0.14240871901153365
Customer Id_H4839,-0.14242354084189449
Geo_Code_68120,-0.14242354084189449
Customer Id_H3349,-0.1426869271724526
Geo_Code_67948,-0.1426869271724526
Customer Id_H462,-0.14268738654350743
Customer Id_H3628,-0.14279816241526214
Customer Id_H2156,-0.14282578589157877
Geo_Code_66210,-0.1429194801278565
Customer Id_H4262,-0.1429194801278565
Customer Id_H13276,-0.14293910324501283
Geo_Code_22050,-0.1429808639728247
Customer Id_H13789,-0.14300258170218438
Customer Id_H14356,-0.14306218644126484
Customer Id_H356,-0.14318010545413454
Geo_Code_1283,-0.14318010545413454
Geo_Code_35299,-0.14319337767458853
Customer Id_H5943,-0.14320289646841297
Customer Id_H4459,-0.1432083777495227
Customer Id_H14838,-0.14323584484468524
Customer Id_H396,-0.14327489492749257
Customer Id_H19601,-0.14331414339643234
Customer Id_H15826,-0.14341443133210627
Customer Id_H5274,-0.1434446627337756
Customer Id_H3494,-0.1434499603134733
Customer Id_H16798,-0.14347889773914052
Customer Id_H13461,-0.14347934879455032
Customer Id_H4298,-0.14350834383064925
Customer Id_H15072,-0.1435738898865433
Geo_Code_38394,-0.1435738898865433
Customer Id_H2570,-0.1435771488124394
Customer Id_H17558,-0.14358274057027745
Customer Id_H343,-0.14358488629731375
Customer Id_H18342,-0.14387174599670058
Geo_Code_34057,-0.1438859054602755
Customer Id_H17787,-0.1438859054602755
Geo_Code_14715,-0.14393443447510731
Geo_Code_74081,-0.14396322284616092
Customer Id_H3781,-0.14396322284616092
Customer Id_H6573,-0.14401019733574158
Geo_Code_76410,-0.14407624920731782
Customer Id_H6245,-0.14407624920731782
Customer Id_H7300,-0.14416158534717255
Customer Id_H4383,-0.14419023085107766
Customer Id_H16850,-0.14420126373883826
Customer Id_H14830,-0.14440786865846242
Customer Id_H6837,-0.14452395415037672
Customer Id_H13432,-0.14454086746098543
Customer Id_H710,-0.14455339598953346
Customer Id_H18930,-0.14455385702231724
Customer Id_H6661,-0.14461403375800413
Customer Id_H4024,-0.1446187367250865
Customer Id_H4061,-0.14465076945002536
Customer Id_H7019,-0.14465988612543762
Customer Id_H17423,-0.1447302260702144
Customer Id_H4625,-0.1447472377699531
Customer Id_H16558,-0.14492406944650818
Customer Id_H546,-0.14499134473551722
Customer Id_H4407,-0.1450084792522755
Geo_Code_68362,-0.14511942563260308
Customer Id_H16411,-0.14511942563260308
Customer Id_H217,-0.14516064445801036
Customer Id_H17373,-0.145180565419499
Customer Id_H16520,-0.14523796578229506
Geo_Code_32096,-0.14523796578229506
Customer Id_H15138,-0.1452700526706699
Customer Id_H2697,-0.1452869698245729
Customer Id_H4676,-0.14535743260125183
Customer Id_H13922,-0.14538771775178186
Customer Id_H16358,-0.14556250372445914
Customer Id_H5134,-0.14565339627186358
Customer Id_H4146,-0.14567196556836984
Customer Id_H15169,-0.14570849687344237
Customer Id_H2070,-0.14586704668586112
Customer Id_H1439,-0.14589191251871916
Customer Id_H6168,-0.14600707413818217
Customer Id_H3408,-0.146088076739437
Customer Id_H2228,-0.14609588275780158
Customer Id_H2282,-0.14609765148021953
Customer Id_H3962,-0.14618438120493782
Customer Id_H14500,-0.14620423843506467
Customer Id_H7141,-0.1462622837483423
Customer Id_H13153,-0.14628878060933376
Geo_Code_6152,-0.14628878060933376
Customer Id_H4399,-0.1463297818877254
Geo_Code_64189,-0.14637741071784185
Customer Id_H330,-0.1463866521553379
Customer Id_H15695,-0.14653073086144264
Customer Id_H18839,-0.1465673613316639
Customer Id_H7140,-0.14657570473362672
Customer Id_H4197,-0.14664698104199342
Customer Id_H2028,-0.14668270084058013
Customer Id_H325,-0.1466921291850761
Customer Id_H2363,-0.14677835644851106
Geo_Code_73006,-0.14677835644851106
Customer Id_H14373,-0.14692035395874434
Customer Id_H17129,-0.14692797995599244
Customer Id_H4100,-0.14695072857081026
Geo_Code_73285,-0.14695072857081026
Customer Id_H18917,-0.14706079041746759
Customer Id_H1879,-0.14718851613594222
Customer Id_H14544,-0.14726055690044798
Customer Id_H12800,-0.14736637634731906
Customer Id_H1265,-0.14738724074440662
Customer Id_H6264,-0.14745392657234768
Geo_Code_42305,-0.14748067250196717
Customer Id_H65,-0.14749093429266916
Customer Id_H5577,-0.1475902769764879
Customer Id_H13912,-0.14764006506574273
Customer Id_H12702,-0.14766900153520215
Customer Id_H6147,-0.1477236320912121
Customer Id_H2765,-0.14773977596430216
Customer Id_H6678,-0.14774488195853147
Customer Id_H5990,-0.14776385736541
Customer Id_H1465,-0.14782238772091608
Customer Id_H19558,-0.14782335624547357
Customer Id_H1676,-0.1478360050434782
Customer Id_H3038,-0.1478752457082887
Customer Id_H1576,-0.14791315532293076
Geo_Code_73296,-0.14791315532293076
Customer Id_H15712,-0.14797356162359243
Customer Id_H5843,-0.14810218818673865
Geo_Code_65195,-0.14820326792363833
Customer Id_H19003,-0.14820326792363833
Customer Id_H17374,-0.14825825367586512
Customer Id_H16051,-0.1483358792890165
Geo_Code_42005,-0.1483358792890165
Customer Id_H5017,-0.14834114448140112
Customer Id_H1989,-0.14846172741472033
Geo_Code_69256,-0.14846172741472033
Customer Id_H13679,-0.14848635894267734
Customer Id_H6596,-0.1485748969946706
Customer Id_H1267,-0.14858911431949534
Customer Id_H4760,-0.14859339908846322
Customer Id_H1513,-0.14873760727520532
Customer Id_H5470,-0.14878321217947918
Customer Id_H5455,-0.14889079414694598
Customer Id_H17231,-0.14890621881259267
Customer Id_H17563,-0.14891081907171017
Customer Id_H3949,-0.1490203247798045
Customer Id_H53,-0.14909689562991188
Geo_Code_38412,-0.14909689562991188
Customer Id_H3377,-0.14916021559763717
Geo_Code_25237,-0.1492107751267582
Customer Id_H17146,-0.1492107751267582
Customer Id_H13686,-0.149244185091076
Customer Id_H4863,-0.14927015252336134
Customer Id_H5423,-0.14927235971948577
Customer Id_H5224,-0.14928251422552052
Customer Id_H2370,-0.14928868040337848
Customer Id_H2293,-0.1493076822929682
Customer Id_H12975,-0.14938418757877212
Geo_Code_59295,-0.14938418757877212
Customer Id_H4781,-0.1495099704137093
Customer Id_H16093,-0.1495551927023454
Customer Id_H6729,-0.1497239128968064
Customer Id_H18715,-0.14996836851542497
Customer Id_H17354,-0.15006225654480077
Customer Id_H3871,-0.15006984699556836
Customer Id_H1999,-0.15010918889569058
Geo_Code_34120,-0.15025253082903753
Customer Id_H3844,-0.15025632447414217
Customer Id_H14883,-0.15032697003672377
Customer Id_H1400,-0.15039703150963124
Customer Id_H1290,-0.15047464369950425
Customer Id_H502,-0.15049778599954064
Customer Id_H13204,-0.15060505968263807
Geo_Code_77192,-0.15062276648509199
Customer Id_H17467,-0.15062276648509199
Customer Id_H13026,-0.15063218004325396
Geo_Code_4073,-0.15063218004325396
Customer Id_H4812,-0.1506387528681316
Geo_Code_22379,-0.150665782023701
Customer Id_H3501,-0.150665782023701
Customer Id_H3677,-0.1507732094873736
Customer Id_H3625,-0.15077533325646042
Customer Id_H5660,-0.1508631979335808
Customer Id_H4988,-0.15092137338083667
Customer Id_H14324,-0.15098258249037394
Customer Id_H3493,-0.15115107894998994
Customer Id_H1609,-0.15116570832968818
Customer Id_H2994,-0.15117624939044427
Customer Id_H18528,-0.151190742771058
Customer Id_H7069,-0.1512153534645426
Customer Id_H1619,-0.15126587176389872
Customer Id_H4972,-0.1512951459444278
Customer Id_H16908,-0.1513642337500631
Customer Id_H6405,-0.1513731926566426
Customer Id_H5318,-0.15139408151567638
Customer Id_H2122,-0.1515143623178136
Customer Id_H7251,-0.15162280298766928
Customer Id_H17999,-0.15162430804854057
Customer Id_H5209,-0.15165164506025347
Customer Id_H4906,-0.15181153325111044
Customer Id_H3708,-0.15191688451673557
Customer Id_H7346,-0.15195711677637366
Customer Id_H4455,-0.15202320448623008
Customer Id_H5128,-0.15218937163118257
Geo_Code_83923,-0.1522149402580752
Customer Id_H3330,-0.1522149402580752
Customer Id_H13695,-0.1522630535537195
Customer Id_H13522,-0.152315544694117
Customer Id_H676,-0.1525699606319417
Customer Id_H7430,-0.15259966093063518
Geo_Code_42225,-0.152652130879273
Customer Id_H17748,-0.152652130879273
Customer Id_H13580,-0.15268960719008778
Customer Id_H13896,-0.1526919663616715
Geo_Code_73186,-0.1527015286567545
Customer Id_H4563,-0.1527015286567545
Customer Id_H7080,-0.15270281246223347
Customer Id_H5399,-0.15287096143103487
Customer Id_H15137,-0.15289101691893126
Customer Id_H4985,-0.15290171051465387
Geo_Code_5168,-0.1529337608988914
Customer Id_H2418,-0.1529337608988914
Customer Id_H16023,-0.15316483116172355
Customer Id_H1625,-0.15318448337821483
Customer Id_H6542,-0.15319714441967522
Customer Id_H6454,-0.1532647126782001
Customer Id_H18450,-0.153367928969978
Customer Id_H3,-0.1533689607499531
Customer Id_H14445,-0.1534234343955767
Geo_Code_95582,-0.15347305433891636
Customer Id_H3057,-0.15352179393166182
Customer Id_H4058,-0.15365466917356113
Customer Id_H17325,-0.1537447140443958
Customer Id_H14189,-0.1538330562897337
Customer Id_H2859,-0.15389974017742125
Customer Id_H7133,-0.15393241766597032
Customer Id_H15359,-0.1539902027038859
Geo_Code_43112,-0.1540635889891143
Customer Id_H17099,-0.1540635889891143
Geo_Code_91027,-0.15411590105016051
Customer Id_H18838,-0.154275757239609
Customer Id_H15023,-0.154314004360971
Customer Id_H465,-0.15437291804620606
Customer Id_H15908,-0.15442892314913076
Geo_Code_13028,-0.15444098389272384
Customer Id_H12958,-0.15452342436847047
Customer Id_H2585,-0.15471788225586805
Customer Id_H14543,-0.15496116583476138
Customer Id_H4139,-0.15499742219579143
Customer Id_H13697,-0.15511506697518068
Customer Id_H16144,-0.15517887161689542
Customer Id_H19272,-0.15525745225680598
Customer Id_H2225,-0.15540669585332248
Customer Id_H13360,-0.15541702461538753
Customer Id_H3533,-0.15545231942972787
Customer Id_H6733,-0.15558255777649038
Customer Id_H14699,-0.15559905126705634
Geo_Code_2A090,-0.15559905126705634
Geo_Code_68249,-0.15561059775120237
Customer Id_H17425,-0.15561059775120237
Customer Id_H5842,-0.1556678601942647
Customer Id_H18076,-0.15567479742910692
Customer Id_H290,-0.15573966225159486
Customer Id_H16413,-0.1557687700612429
Customer Id_H5583,-0.15579348581339778
Customer Id_H14548,-0.15580819909168772
Geo_Code_64445,-0.15581758599996837
Customer Id_H18451,-0.1559152714903035
Geo_Code_93033,-0.1559152714903035
Customer Id_H18951,-0.15594054823719727
Geo_Code_78517,-0.15594054823719727
Customer Id_H15847,-0.1560381795612975
Geo_Code_78327,-0.1560381795612975
Customer Id_H6922,-0.1561211135637287
Customer Id_H6646,-0.15615761711246054
Geo_Code_93005,-0.15617825562037707
Customer Id_H1734,-0.15617825562037707
Customer Id_H14771,-0.15620837461888692
Customer Id_H2279,-0.15629789940024655
Customer Id_H1520,-0.1563235514205306
Customer Id_H17773,-0.15638604368712322
Customer Id_H230,-0.15639468816464697
Customer Id_H12713,-0.15640982569772668
Customer Id_H13352,-0.15650546143143768
Customer Id_H16740,-0.15652134328321185
Customer Id_H14063,-0.1568196920486125
Customer Id_H17497,-0.1568722466874489
Customer Id_H1958,-0.15688183147343313
Customer Id_H331,-0.15692428251526322
Customer Id_H13986,-0.15697031497273292
Customer Id_H16669,-0.1570097132386578
Customer Id_H5159,-0.15701742630039087
Customer Id_H19191,-0.15710619578861856
Customer Id_H14982,-0.15717804152698148
Customer Id_H16348,-0.15719993321980136
Customer Id_H3731,-0.1572230035535959
Customer Id_H16261,-0.157235193881577
Customer Id_H1470,-0.15733326631355155
Customer Id_H3932,-0.1574298125302867
Customer Id_H489,-0.15754640996535327
Customer Id_H5682,-0.15755333642271335
Customer Id_H13811,-0.15755795680856716
Customer Id_H563,-0.15756351077012096
Customer Id_H15087,-0.15757316420832337
Customer Id_H7052,-0.15762921908548794
Customer Id_H3552,-0.15776990428895918
Customer Id_H4029,-0.15779027980634797
Customer Id_H17353,-0.15781843250577315
Customer Id_H5678,-0.15783340258443157
Customer Id_H6202,-0.15783892417374182
Customer Id_H16567,-0.1578829695618141
Customer Id_H18313,-0.15788625397441491
Customer Id_H1949,-0.1578941179374024
Geo_Code_17218,-0.15789898459718868
Customer Id_H17081,-0.15789898459718868
Customer Id_H15100,-0.1579001046227474
Customer Id_H13780,-0.15790709559678923
Customer Id_H4172,-0.15806742421100936
Customer Id_H5739,-0.15812316406304927
Customer Id_H3180,-0.1582545327232074
Customer Id_H2155,-0.15833934931182506
Customer Id_H5061,-0.1583624213496708
Customer Id_H14850,-0.1583707083628479
Customer Id_H19265,-0.1583829204894049
Customer Id_H18406,-0.15838348202218103
Customer Id_H6762,-0.15839892788177984
Customer Id_H19574,-0.1584600963552623
Geo_Code_42285,-0.1584848145696174
Customer Id_H17861,-0.1584848145696174
Customer Id_H3175,-0.15856332829236922
Geo_Code_67434,-0.15857462178068266
Customer Id_H6640,-0.15857462178068266
Geo_Code_42222,-0.1585849312487097
Customer Id_H16983,-0.1585849312487097
Customer Id_H18671,-0.158671382407155
Customer Id_H3828,-0.1589260511641278
Customer Id_H12642,-0.15902519005392327
Customer Id_H651,-0.15903382628108018
Customer Id_H2928,-0.15908202664117857
Customer Id_H16574,-0.1591478898178226
Customer Id_H6858,-0.15917785633367756
Geo_Code_69072,-0.15917785633367756
Customer Id_H5486,-0.15929745350012217
Customer Id_H2043,-0.15988992056543308
Customer Id_H709,-0.16001057852052797
Customer Id_H7174,-0.1600646011346289
Customer Id_H6345,-0.16008338696022967
Customer Id_H15408,-0.1600865762481843
Customer Id_H15416,-0.16012033090393205
Customer Id_H4617,-0.16016478357668537
Customer Id_H277,-0.16017602961433422
Customer Id_H17653,-0.16033022156829804
Customer Id_H1947,-0.16041298981550214
Customer Id_H18632,-0.16043534031921186
Customer Id_H7429,-0.16058591268527814
Customer Id_H17372,-0.16060032649253925
Customer Id_H2700,-0.16064072617461114
Geo_Code_68138,-0.16064072617461114
Customer Id_H14938,-0.1606458832331017
Customer Id_H15662,-0.16065781329765086
Customer Id_H4120,-0.16067937291095236
Customer Id_H14574,-0.16068987926178033
Customer Id_H6152,-0.16069832697580436
Customer Id_H18878,-0.16085189318610607
Customer Id_H5525,-0.16091958082275945
Customer Id_H652,-0.16093004152432647
Geo_Code_77372,-0.16105033309970337
Customer Id_H2599,-0.16110543660138876
Customer Id_H3360,-0.1611144553810931
Customer Id_H5502,-0.16112593114034154
Customer Id_H19764,-0.16114460493888524
Customer Id_H1624,-0.16118486902932055
Customer Id_H13788,-0.16122371986622297
Customer Id_H17480,-0.16126505657569362
Customer Id_H6127,-0.1612724859448965
Geo_Code_73029,-0.1612724859448965
Geo_Code_74208,-0.16129433612997585
Geo_Code_68066,-0.16130280334552957
Customer Id_H12731,-0.16134694710942293
Customer Id_H3056,-0.16141157382193103
Customer Id_H13590,-0.16151178364418764
Customer Id_H7456,-0.16157512518719858
Customer Id_H17060,-0.16168543132638122
Customer Id_H14499,-0.16170754440672808
Customer Id_H17324,-0.1617167573974029
Customer Id_H7190,-0.16174593938497112
Customer Id_H430,-0.1618287397611378
Customer Id_H13604,-0.16185961259968568
Customer Id_H1460,-0.16194628586721133
Customer Id_H14790,-0.1620013202513825
Customer Id_H13542,-0.162053838500025
Customer Id_H13183,-0.16206189779051097
Customer Id_H7444,-0.16207202545235044
Geo_Code_82033,-0.16207202545235044
Customer Id_H3745,-0.1620957858703335
Customer Id_H19678,-0.1621291472085318
Geo_Code_5052,-0.1621929550631387
Customer Id_H1756,-0.1621964567887047
Geo_Code_93013,-0.1621964567887047
Customer Id_H14922,-0.1623711939895569
Customer Id_H2584,-0.16254061040610782
Customer Id_H620,-0.16261876714543488
Customer Id_H12811,-0.16263200964960664
Customer Id_H17341,-0.16264256816407274
Customer Id_H16015,-0.16269222990760862
Customer Id_H15878,-0.16279176306824944
Customer Id_H12701,-0.16286327006702025
Customer Id_H5795,-0.16289090246432464
Geo_Code_67010,-0.16293544295500934
Customer Id_H13199,-0.16293544295500934
Customer Id_H5917,-0.16298382809185202
Customer Id_H2524,-0.16298422670566035
Customer Id_H14327,-0.16300815526749995
Customer Id_H18749,-0.16317019000640387
Customer Id_H5575,-0.16318746557609942
Geo_Code_91657,-0.16319864838981316
Customer Id_H15955,-0.16323619311621027
Customer Id_H14586,-0.16330921430117917
Customer Id_H6973,-0.16337230523093804
Customer Id_H3532,-0.16339678658268214
Geo_Code_80228,-0.16341965195690236
Customer Id_H16836,-0.16344055829074297
Customer Id_H16185,-0.16368850698614038
Customer Id_H17846,-0.16371421653220444
Customer Id_H15005,-0.163756829801494
Customer Id_H15711,-0.16401057517550172
Geo_Code_83050,-0.16405323608931555
Customer Id_H16142,-0.1641634732917638
Customer Id_H1425,-0.16416705607636764
Customer Id_H3518,-0.16422144520522625
Geo_Code_21292,-0.1642233891799581
Customer Id_H15025,-0.1642233891799581
Customer Id_H6525,-0.16423917624617004
Customer Id_H3845,-0.16431805739873834
Geo_Code_75115,-0.1643546140372253
Customer Id_H4759,-0.1643551508961318
Customer Id_H6344,-0.1644527435806782
Geo_Code_64453,-0.1644527435806782
Customer Id_H3779,-0.1644592926205429
Customer Id_H16984,-0.16447133030207908
Geo_Code_74264,-0.1645425927652896
Customer Id_H4609,-0.1645425927652896
Customer Id_H13056,-0.16455350227142196
Customer Id_H3396,-0.16457918960662474
Customer Id_H13940,-0.16458017476049877
Customer Id_H2015,-0.16466389695262582
Customer Id_H18008,-0.16476840778312987
Customer Id_H14062,-0.1649297860081353
Customer Id_H18279,-0.16494698653462997
Customer Id_H16668,-0.16499355319627268
Customer Id_H4104,-0.16500042198425205
Customer Id_H2863,-0.16502859327811537
Customer Id_H13727,-0.16503142683432068
Customer Id_H4862,-0.1650493495884801
Customer Id_H7226,-0.16505856013146392
Geo_Code_67389,-0.16505856013146392
Geo_Code_14079,-0.16509766750895416
Customer Id_H2911,-0.16509766750895416
Customer Id_H4276,-0.16515570712405217
Customer Id_H4213,-0.16516866812242273
Customer Id_H14514,-0.16517308211980167
Customer Id_H13932,-0.16521552119031158
Customer Id_H3215,-0.16526993224482764
Customer Id_H1660,-0.16529089877646788
Customer Id_H14285,-0.16550023906857314
Customer Id_H5289,-0.16550883051134654
Customer Id_H13399,-0.16554780242960435
Customer Id_H15055,-0.16555323008295653
Customer Id_H13581,-0.1655888770772064
Customer Id_H17031,-0.16567970016717537
Customer Id_H562,-0.16573085837716744
Customer Id_H18819,-0.16576911561069765
Customer Id_H18675,-0.16591762439940275
Customer Id_H14934,-0.16598186308628957
Customer Id_H1948,-0.16600532539252086
Customer Id_H14453,-0.16603043506633616
Customer Id_H4469,-0.16606047514106725
Customer Id_H1289,-0.16607562040920817
Customer Id_H14111,-0.1661022927524436
Customer Id_H16037,-0.1661100592501262
Customer Id_H3147,-0.16621766884505523
Customer Id_H5122,-0.16628251445770195
Geo_Code_69136,-0.16630193868438964
Customer Id_H19850,-0.16630193868438964
Customer Id_H15769,-0.1663063794492144
Customer Id_H5007,-0.16637649900675675
Customer Id_H13582,-0.166379730850021
Customer Id_H461,-0.16640633881401246
Customer Id_H2458,-0.16647261283926926
Customer Id_H17626,-0.16652322818673918
Customer Id_H2867,-0.1665449682416472
Customer Id_H16846,-0.1666103668225608
Customer Id_H13155,-0.16662793612080004
Customer Id_H1529,-0.1668035000012493
Customer Id_H5091,-0.16682451320341163
Customer Id_H6277,-0.1668365614206667
Geo_Code_54043,-0.1668365614206667
Customer Id_H3298,-0.16691556056802279
Customer Id_H13855,-0.16692253626617753
Customer Id_H35,-0.16701617742104236
Customer Id_H17618,-0.16704253986874323
Customer Id_H14936,-0.1670984001561111
Customer Id_H1419,-0.16716251224731699
Customer Id_H17112,-0.16721263515613163
Customer Id_H15915,-0.16731088390556847
Customer Id_H17998,-0.1675118559606424
Customer Id_H15534,-0.167607119570127
Customer Id_H15211,-0.16772258966358197
Customer Id_H1613,-0.16778961335019377
Customer Id_H4536,-0.16779162054076213
Customer Id_H14842,-0.16779583723552582
Customer Id_H4998,-0.16781986296562318
Customer Id_H19598,-0.16789616665942128
Customer Id_H4718,-0.16797755113171217
Geo_Code_22186,-0.16801554133998647
Customer Id_H19723,-0.16801554133998647
Geo_Code_77390,-0.16811948175182698
Customer Id_H6094,-0.16811948175182698
Customer Id_H5872,-0.1682037601236442
Customer Id_H5949,-0.16826416757038695
Geo_Code_84054,-0.16826546048444613
Customer Id_H4414,-0.16827498159470483
Customer Id_H14946,-0.16830591956086827
Customer Id_H654,-0.16837573301372463
Customer Id_H12848,-0.1684024249867347
Customer Id_H18371,-0.16843993454672074
Customer Id_H3347,-0.16860044333596813
Customer Id_H2071,-0.16860343757031665
Customer Id_H13962,-0.1686105908589331
Geo_Code_88465,-0.1686105908589331
Customer Id_H15948,-0.16862686634701188
Customer Id_H14829,-0.1687071487747835
Geo_Code_59508,-0.1687071487747835
Geo_Code_43051,-0.1687969088582111
Geo_Code_44154,-0.16881323262307896
Customer Id_H13001,-0.16881323262307896
Customer Id_H5524,-0.16890252263466837
Customer Id_H13579,-0.16893532129211097
Customer Id_H16021,-0.16895217770031767
Customer Id_H5276,-0.16900888098688596
Customer Id_H5410,-0.16903124917044526
Geo_Code_91223,-0.16912222618818037
Customer Id_H17789,-0.1691425421131367
Customer Id_H12963,-0.16916125562458606
Geo_Code_73021,-0.169202462343548
Customer Id_H17197,-0.169202462343548
Geo_Code_38527,-0.1692467240378252
Customer Id_H3293,-0.1692467240378252
Customer Id_H6859,-0.16926656115925237
Customer Id_H7196,-0.16931843617606532
Customer Id_H6816,-0.16940018185072725
Customer Id_H5765,-0.1694049140813759
Geo_Code_73176,-0.16941964462158055
Customer Id_H13800,-0.16941964462158055
Customer Id_H272,-0.1694596979783047
Customer Id_H15209,-0.16948384600022193
Customer Id_H16203,-0.1695293238175282
Geo_Code_94019,-0.16954751053268738
Customer Id_H5937,-0.16960901928523855
Customer Id_H5894,-0.16963663323510408
Customer Id_H6884,-0.16990854896264518
Customer Id_H16736,-0.1699472548423744
Customer Id_H1843,-0.1700099348337155
Customer Id_H14966,-0.17007262126905454
Customer Id_H5292,-0.17014229402282227
Customer Id_H442,-0.1703028704261105
Customer Id_H5148,-0.17033602923418847
Customer Id_H18837,-0.17043042966067629
Customer Id_H6040,-0.17043366153081357
Customer Id_H4382,-0.17044546326924984
Customer Id_H5867,-0.17048847077049334
Customer Id_H2042,-0.1704888459634266
Customer Id_H1933,-0.17052427245044213
Customer Id_H3477,-0.170527895526692
Customer Id_H18433,-0.17061699466519992
Customer Id_H15268,-0.170724286969438
Customer Id_H15445,-0.1707648461186566
Geo_Code_66164,-0.1707648461186566
Customer Id_H5218,-0.17082230025701375
Customer Id_H18484,-0.17083234983785456
Customer Id_H18814,-0.17086383274434247
Customer Id_H18650,-0.1709014348370501
Customer Id_H19765,-0.17090232990298704
Customer Id_H15877,-0.1709038860584015
Customer Id_H14793,-0.17091430194952684
Customer Id_H18811,-0.1709169268068247
Customer Id_H3689,-0.1709899210257191
Customer Id_H19932,-0.17101052179062098
Customer Id_H5367,-0.1710401303384563
Customer Id_H19167,-0.17113181651988243
Customer Id_H13773,-0.17114922959152196
Customer Id_H5794,-0.17120568623273633
Customer Id_H5512,-0.17132799691220155
Customer Id_H4354,-0.1713596623189773
Customer Id_H13696,-0.17136573265076327
Customer Id_H14856,-0.1713722744688579
Geo_Code_6148,-0.17141519706529484
Customer Id_H13751,-0.17141519706529484
Geo_Code_21295,-0.17148194907405964
Customer Id_H19439,-0.17148194907405964
Customer Id_H5841,-0.17150205209071043
Customer Id_H6706,-0.1715042307998766
Customer Id_H13397,-0.17156650688209163
Customer Id_H17499,-0.17158790224799486
Customer Id_H2732,-0.17160606140595422
Customer Id_H18713,-0.17163181534247554
Customer Id_H14159,-0.17163371358725457
Customer Id_H3352,-0.17165875014226173
Geo_Code_57663,-0.17165875014226173
Customer Id_H4984,-0.17172618410885554
Customer Id_H19510,-0.17178445398514214
Customer Id_H15526,-0.17191944111875251
Customer Id_H19286,-0.17193803748434985
Customer Id_H17975,-0.17194773636203226
Customer Id_H6159,-0.17195567590274985
Customer Id_H13170,-0.17204940930353754
Customer Id_H6478,-0.17208265156913605
Geo_Code_59043,-0.17213940337545308
Customer Id_H15710,-0.17226157375149206
Geo_Code_73116,-0.172294575066002
Customer Id_H14267,-0.17231531124108135
Customer Id_H16071,-0.17232851484762948
Customer Id_H4486,-0.1723691777699334
Geo_Code_66004,-0.17243917865526234
Customer Id_H14051,-0.17243917865526234
Customer Id_H7339,-0.17250324930301214
Geo_Code_4088,-0.1725409040910199
Customer Id_H16387,-0.1725409040910199
Customer Id_H1600,-0.1725760802420222
Geo_Code_38317,-0.1725760802420222
Customer Id_H14211,-0.17259536752035445
Geo_Code_74238,-0.1726040376306797
Customer Id_H4141,-0.1726040376306797
Customer Id_H6435,-0.1726043767580529
Customer Id_H1863,-0.1726101325129632
Customer Id_H4243,-0.17264370098283213
Customer Id_H14463,-0.17271264848935428
Customer Id_H5801,-0.17278803259379807
Customer Id_H229,-0.17282822584917584
Geo_Code_74123,-0.17292905020753938
Customer Id_H12828,-0.17292905020753938
Customer Id_H16699,-0.17302136933698906
Geo_Code_31022,-0.17302136933698906
Customer Id_H14593,-0.17309592966025344
Customer Id_H15459,-0.17313875943693732
Customer Id_H3603,-0.1731956307822423
Customer Id_H17194,-0.17323260402914425
Customer Id_H2369,-0.17329223839386504
Customer Id_H17805,-0.173299512932434
Customer Id_H306,-0.1733557980047284
Geo_Code_95488,-0.1733557980047284
Customer Id_H5516,-0.17338198818659326
Customer Id_H17130,-0.17354697210931425
Customer Id_H1661,-0.17357277829396325
Customer Id_H1897,-0.17361646253139987
Customer Id_H2779,-0.17363425092137763
Customer Id_H4398,-0.17373098205466495
Customer Id_H15095,-0.17374821222306822
Customer Id_H2540,-0.17382330806323262
Customer Id_H6698,-0.17385310087957395
Customer Id_H4312,-0.17387633528972604
Customer Id_H15661,-0.1741038192734988
Customer Id_H4813,-0.1741394742090269
Customer Id_H13926,-0.17415267018776195
Customer Id_H15283,-0.17428063706871197
Customer Id_H12988,-0.1743201622904206
Geo_Code_57631,-0.1743201622904206
Customer Id_H3815,-0.17432748673655757
Customer Id_H5568,-0.17438529579441667
Customer Id_H1692,-0.17443353035354484
Customer Id_H6969,-0.17447003463681124
Customer Id_H18315,-0.17447480874410629
Customer Id_H2116,-0.1745627601109347
Customer Id_H4884,-0.17465746406369398
Customer Id_H18818,-0.17471539081616164
Customer Id_H3746,-0.17482884100816154
Customer Id_H13443,-0.17483229153868848
Customer Id_H16621,-0.17488391188845917
Customer Id_H14435,-0.17497206828586026
Customer Id_H5602,-0.1750905925006169
Geo_Code_61006,-0.1750905925006169
Customer Id_H17680,-0.17509897015939
Customer Id_H17592,-0.17512073003245668
Customer Id_H18725,-0.17518215702272452
Geo_Code_33366,-0.17518215702272452
Customer Id_H2027,-0.1751831241649383
Customer Id_H5609,-0.17527994818699513
Customer Id_H16702,-0.1752951569948241
Customer Id_H3297,-0.17532332845354553
Customer Id_H15954,-0.17545653724899626
Geo_Code_44131,-0.1755117326795806
Customer Id_H7249,-0.1756230712429228
Customer Id_H13874,-0.17563013537467959
Customer Id_H3385,-0.17563308750515208
Customer Id_H15388,-0.17571346990045228
Geo_Code_5026,-0.17593880075873808
Customer Id_H17919,-0.1761699091840987
Customer Id_H19312,-0.17632008493927245
Geo_Code_24037,-0.17632038201975486
Geo_Code_17028,-0.17637250467725585
Customer Id_H18535,-0.17644847958580645
Customer Id_H5130,-0.17646867671759497
Customer Id_H2423,-0.17656092470730098
Customer Id_H13407,-0.17658874678119676
Customer Id_H14380,-0.17665129226857687
Customer Id_H5871,-0.17666991894394543
Customer Id_H4423,-0.17669298143177742
Customer Id_H1932,-0.17674001111396134
Customer Id_H15584,-0.1768500068599269
Customer Id_H6411,-0.17686541803842737
Customer Id_H17652,-0.176913255123716
Customer Id_H6110,-0.17695346273917706
Customer Id_H14202,-0.17696848353999411
Customer Id_H4352,-0.176993935026499
Customer Id_H3235,-0.17702724500804293
Customer Id_H5255,-0.1770794909620427
Customer Id_H14043,-0.1770875659488903
Customer Id_H4253,-0.1771778528000266
Customer Id_H13596,-0.17723648057222166
Customer Id_H5004,-0.17727460585556984
Customer Id_H7428,-0.17728594689645336
Customer Id_H14983,-0.17736691120422482
Customer Id_H14405,-0.177397440465706
Customer Id_H5151,-0.17750512064366725
Customer Id_H14834,-0.17760984372260782
Customer Id_H4377,-0.17762332060376726
Geo_Code_6128,-0.17766065945859863
Customer Id_H6833,-0.17766065945859863
Customer Id_H4119,-0.1776790725935793
Customer Id_H6410,-0.1777912080671186
Geo_Code_73087,-0.1777912080671186
Customer Id_H17395,-0.17781152250797047
Customer Id_H5893,-0.17782619314829393
Geo_Code_29085,-0.1778329033313156
Customer Id_H4991,-0.1778329033313156
Customer Id_H6135,-0.17813385797921846
Customer Id_H7455,-0.17817937519714996
Customer Id_H7084,-0.17828678456012262
Customer Id_H5376,-0.17832294851709582
Customer Id_H3079,-0.1783684041982857
Customer Id_H15377,-0.17837843786497226
Customer Id_H13925,-0.17846283797004425
Customer Id_H7135,-0.17848991367821979
Customer Id_H12792,-0.17850011089216397
Customer Id_H5291,-0.17858671304050788
Customer Id_H5036,-0.17863078606323818
Customer Id_H18810,-0.17872502892311498
Customer Id_H16223,-0.17874582689317636
Customer Id_H18082,-0.178761324371525
Customer Id_H12668,-0.1787729020672389
Customer Id_H1463,-0.17885791531778228
Customer Id_H4745,-0.178944937043794
Geo_Code_10333,-0.17900228624726663
Geo_Code_83130,-0.17904893775897454
Customer Id_H12621,-0.17904893775897454
Customer Id_H18931,-0.17912981821604154
Geo_Code_10297,-0.17912981821604154
Customer Id_H16868,-0.1791416850658898
Geo_Code_78073,-0.1791416850658898
Customer Id_H15232,-0.1791513275833007
Customer Id_H13648,-0.1791825979605163
Geo_Code_54329,-0.1791825979605163
Customer Id_H14792,-0.17922871650476827
Customer Id_H7470,-0.17926490177483506
Customer Id_H16538,-0.17929693956310666
Customer Id_H680,-0.17929833720322902
Customer Id_H16822,-0.17934099075559654
Customer Id_H18884,-0.17940191240817557
Customer Id_H18623,-0.1794022744590384
Customer Id_H7184,-0.17943240336557423
Customer Id_H6238,-0.17954868065038873
Customer Id_H18345,-0.17958186129068224
Customer Id_H6790,-0.17970677582758898
Customer Id_H16545,-0.1797987017965873
Customer Id_H14855,-0.17987152919230628
Customer Id_H15334,-0.17990711465812995
Customer Id_H2791,-0.17992852634884185
Customer Id_H4230,-0.18000372019210156
Customer Id_H19313,-0.18011645579710486
Geo_Code_6906,-0.18013594789930673
Customer Id_H5537,-0.18013594789930673
Geo_Code_6094,-0.18025928007605888
Customer Id_H5531,-0.18025928007605888
Customer Id_H7217,-0.18026121890220803
Customer Id_H6341,-0.18030059998790296
Customer Id_H15124,-0.18034988015258407
Geo_Code_12096,-0.18041772017614657
Customer Id_H19813,-0.18042085209788908
Customer Id_H3849,-0.1805387788680518
Customer Id_H13027,-0.1805610287921174
Customer Id_H14984,-0.18073845470650826
Customer Id_H6761,-0.18080691109101713
Geo_Code_30131,-0.18084136406336776
Customer Id_H14026,-0.18084136406336776
Customer Id_H18180,-0.18085246823481324
Customer Id_H2221,-0.18094803841681847
Customer Id_H3944,-0.1809970422672314
Customer Id_H16408,-0.18106805435925505
Customer Id_H15842,-0.18107301984662627
Customer Id_H7015,-0.1811227224293863
Customer Id_H16443,-0.18120295306321774
Customer Id_H18833,-0.1812315409556431
Customer Id_H2214,-0.18127763271999606
Customer Id_H1893,-0.18135843469138802
Customer Id_H14569,-0.1813598880961716
Customer Id_H18102,-0.18138404791520454
Customer Id_H7451,-0.18141825499446645
Geo_Code_38068,-0.18141825499446645
Customer Id_H6771,-0.18146784061623286
Customer Id_H15808,-0.1816007745620457
Customer Id_H3820,-0.18167652400761058
Customer Id_H14266,-0.18176202120649104
Customer Id_H1511,-0.18177206497575865
Customer Id_H1533,-0.1818281639277422
Customer Id_H14061,-0.18186475884198292
Customer Id_H329,-0.18192915833264786
Customer Id_H14037,-0.18208309390884175
Customer Id_H6393,-0.18220970930632874
Geo_Code_63103,-0.18220970930632874
Customer Id_H19928,-0.18233544365476032
Customer Id_H12771,-0.18238639862270642
Customer Id_H16775,-0.1825083311827427
Customer Id_H15625,-0.18252434242324092
Customer Id_H282,-0.1825398947026758
Customer Id_H3668,-0.18255138411505237
Geo_Code_68300,-0.18256732266521578
Customer Id_H7265,-0.18256732266521578
Customer Id_H18146,-0.1826703440589354
Geo_Code_68067,-0.1826703440589354
Customer Id_H5049,-0.18275484558257124
Customer Id_H6840,-0.18281091951862735
Customer Id_H14997,-0.18283490955736026
Customer Id_H17588,-0.18284830279127287
Customer Id_H6383,-0.18303679952712487
Geo_Code_67414,-0.18304118936896463
Customer Id_H14727,-0.18304118936896463
Customer Id_H19815,-0.18309523560267163
Customer Id_H392,-0.18315157269721208
Customer Id_H2566,-0.18315705007535274
Customer Id_H18447,-0.18320343710148398
Geo_Code_34157,-0.18320343710148398
Customer Id_H361,-0.18322160969191129
Customer Id_H14773,-0.18322786911128203
Customer Id_H6949,-0.18325220630831385
Customer Id_H13673,-0.1832824465457239
Customer Id_H18197,-0.18334107251017046
Customer Id_H447,-0.1834288852372939
Customer Id_H18843,-0.18344531668697872
Customer Id_H19213,-0.18350224808689333
Customer Id_H14748,-0.18352205189654527
Customer Id_H1461,-0.18352326139098626
Geo_Code_5161,-0.18370936039022717
Customer Id_H12996,-0.18370936039022717
Customer Id_H12909,-0.1837203323257806
Customer Id_H2188,-0.18374536309819092
Customer Id_H6535,-0.18375406651111914
Customer Id_H2234,-0.1838323797290607
Geo_Code_57143,-0.1838323797290607
Customer Id_H12759,-0.1838574936145991
Customer Id_H17612,-0.183880106582453
Customer Id_H13262,-0.1839257909563909
Customer Id_H7412,-0.18393687188075458
Geo_Code_91215,-0.18393687188075458
Geo_Code_61001,-0.18397432688748597
Customer Id_H6117,-0.18404045837974117
Customer Id_H33,-0.18410322724678
Customer Id_H1737,-0.18416845458720668
Customer Id_H15387,-0.18434107041461342
Customer Id_H2401,-0.18443147480291008
Customer Id_H14695,-0.18444917976243475
Customer Id_H16783,-0.18451311745103527
Customer Id_H15233,-0.18456130775554566
Customer Id_H5090,-0.18456409131946705
Customer Id_H6155,-0.18456582352881507
Geo_Code_29185,-0.184648552519815
Customer Id_H2447,-0.184648552519815
Customer Id_H17831,-0.1846857121047345
Customer Id_H16996,-0.18470391464128144
Geo_Code_77294,-0.18470391464128144
Customer Id_H4747,-0.18473003721176734
Customer Id_H12808,-0.1847851566233831
Customer Id_H6250,-0.18485804680688755
Customer Id_H1855,-0.1848597629723976
Customer Id_H12767,-0.18488116641554114
Geo_Code_22215,-0.18488116641554114
Customer Id_H2406,-0.18494624302649157
Geo_Code_6036,-0.1850774317573197
Customer Id_H18071,-0.185302551238586
Customer Id_H18378,-0.18530573531345576
Customer Id_H4051,-0.1853169455410625
Customer Id_H15583,-0.18538316614178502
Customer Id_H3346,-0.1854650901858686
Customer Id_H15325,-0.18551587450441678
Customer Id_H16588,-0.1855246946352187
Customer Id_H4351,-0.18554898531577457
Customer Id_H1778,-0.1855945376057737
Geo_Code_78190,-0.1855945376057737
Customer Id_H15906,-0.18563032639738666
Customer Id_H16871,-0.18573587537476383
Customer Id_H12940,-0.18577245359921407
Customer Id_H2678,-0.18587999732081867
Customer Id_H3238,-0.18595550923518067
Customer Id_H17859,-0.1859873515146432
Geo_Code_5065,-0.1861604916112772
Customer Id_H3500,-0.1861604916112772
Customer Id_H15872,-0.18639128226089513
Customer Id_H17774,-0.18639837839481704
Customer Id_H7031,-0.1864360569868124
Customer Id_H2568,-0.18659355450207696
Customer Id_H17394,-0.18665692035026982
Customer Id_H16764,-0.1866632945751598
Customer Id_H18617,-0.1867088110435951
Customer Id_H18927,-0.18672559296178973
Customer Id_H16078,-0.186821040242474
Customer Id_H1674,-0.18685212993977704
Geo_Code_88351,-0.18685453150135042
Customer Id_H4773,-0.18685453150135042
Geo_Code_78245,-0.1868736706909744
Customer Id_H14338,-0.1868736706909744
Customer Id_H15392,-0.18693636700848232
Customer Id_H5341,-0.18700215975509726
Customer Id_H3229,-0.1870171245190268
Geo_Code_34332,-0.18709673249880734
Customer Id_H1620,-0.18709673249880734
Customer Id_H17658,-0.18711261322514858
Customer Id_H7051,-0.18719272988903266
Customer Id_H1682,-0.18721577323068073
Customer Id_H13322,-0.18722382268798726
Customer Id_H4123,-0.1872693912745535
Customer Id_H3308,-0.1874282816120145
Geo_Code_54273,-0.1874282816120145
Customer Id_H6099,-0.18746129656378308
Customer Id_H17340,-0.18751900572000396
Customer Id_H19319,-0.18757660360768316
Customer Id_H13899,-0.18764739053895557
Customer Id_H17206,-0.1878381412190224
Customer Id_H13190,-0.1879163650563476
Customer Id_H4815,-0.18803018102033575
Customer Id_H13131,-0.18804048137258322
Customer Id_H14749,-0.1881171822436948
Customer Id_H6034,-0.1881790948144966
Customer Id_H6260,-0.18827846832962641
Customer Id_H7334,-0.18828275690123483
Customer Id_H516,-0.188488653199508
Customer Id_H3902,-0.1885196356842458
Customer Id_H3701,-0.18856034238358324
Customer Id_H14589,-0.18860636324829944
Customer Id_H13396,-0.1886289337762584
Customer Id_H3859,-0.1887070840863847
Customer Id_H295,-0.1887116435901579
Customer Id_H12872,-0.1888721398389275
Customer Id_H17203,-0.18894479288071445
Customer Id_H3607,-0.18897522206291412
Geo_Code_7181,-0.18897522206291412
Customer Id_H7228,-0.18900294849048513
Customer Id_H6916,-0.1890919877775334
Customer Id_H3981,-0.18912326440722776
Customer Id_H6503,-0.1892483637895671
Customer Id_H13303,-0.18925268429257358
Geo_Code_33069,-0.1894015372731583
Customer Id_H17621,-0.18956784063138887
Customer Id_H18483,-0.18964818954739188
Customer Id_H16407,-0.1897378488569727
Customer Id_H4256,-0.18983598773200427
Customer Id_H3266,-0.1899234503107522
Geo_Code_30937,-0.1899234503107522
Customer Id_H3770,-0.1899363556951948
Customer Id_H6375,-0.19006448832810785
Customer Id_H15411,-0.19011700290643255
Customer Id_H6636,-0.19015775082501574
Customer Id_H16615,-0.1901836334450093
Customer Id_H15697,-0.19020722562218473
Customer Id_H14852,-0.190288889470105
Customer Id_H14696,-0.19032719721262603
Customer Id_H15958,-0.19035900649389093
Customer Id_H14131,-0.19037962425348046
Customer Id_H16988,-0.1904619327488144
Customer Id_H17912,-0.19047805796462738
Customer Id_H1329,-0.19057156924318688
Customer Id_H1944,-0.19061474984284643
Customer Id_H2794,-0.190635105166162
Geo_Code_77305,-0.19071351299500333
Customer Id_H13616,-0.19072533313155704
Customer Id_H19432,-0.19083511416062945
Customer Id_H19774,-0.19089610088957304
Customer Id_H14110,-0.19093398966819417
Geo_Code_95127,-0.19098510593706278
Customer Id_H14174,-0.19105655214358314
Customer Id_H2862,-0.19105750091119741
Customer Id_H5461,-0.1910850616236024
Customer Id_H13388,-0.19119090963359847
Customer Id_H12619,-0.19121628450924616
Customer Id_H17148,-0.19124204552653562
Customer Id_H16305,-0.19129891430770785
Customer Id_H3788,-0.19151953742342748
Customer Id_H16990,-0.19154015916316383
Customer Id_H5048,-0.1915727864110545
Customer Id_H16546,-0.19168530787383015
Customer Id_H14097,-0.19170528708360002
Geo_Code_82173,-0.19170528708360002
Customer Id_H1881,-0.19180988054384485
Customer Id_H4956,-0.19184286098591943
Customer Id_H6797,-0.1919327524671312
Customer Id_H16821,-0.1921160868085508
Geo_Code_67169,-0.1921160868085508
Customer Id_H18634,-0.19215202591362196
Geo_Code_54321,-0.19218403295312508
Customer Id_H15386,-0.19219051669372636
Customer Id_H3629,-0.19220083289927842
Customer Id_H1617,-0.19227743696847027
Customer Id_H394,-0.1923305939111602
Customer Id_H2974,-0.1924282406375376
Customer Id_H18830,-0.19243995344127648
Customer Id_H4716,-0.1924415302686134
Customer Id_H19724,-0.19251986358376746
Customer Id_H6944,-0.19252759361227584
Customer Id_H15623,-0.19262095961721024
Customer Id_H14728,-0.19273590930145607
Customer Id_H15356,-0.1929044112422938
Customer Id_H16067,-0.19293108113036075
Geo_Code_38315,-0.19293108113036075
Customer Id_H15784,-0.19304882473662688
Customer Id_H5199,-0.19335038201467714
Customer Id_H3600,-0.19343294962033264
Customer Id_H15794,-0.19348912481917563
Geo_Code_77296,-0.19348912481917563
Customer Id_H15028,-0.1935059689643465
Customer Id_H3214,-0.19352195689534196
Customer Id_H199,-0.19361123182233245
Customer Id_H13555,-0.19365861772961093
Geo_Code_69244,-0.1937931128108706
Customer Id_H19126,-0.19395157870725932
Customer Id_H16682,-0.19395835880248313
Customer Id_H5290,-0.19409207907106918
Customer Id_H17367,-0.19412033905537127
Customer Id_H406,-0.1941356573233074
Customer Id_H5888,-0.19418161951451623
Customer Id_H15324,-0.19436879512691663
Customer Id_H15099,-0.19441242481549423
Customer Id_H12939,-0.19442929092463662
Customer Id_H16830,-0.1944842564581489
Customer Id_H4380,-0.1944893239742986
Customer Id_H4050,-0.19450202819997467
Customer Id_H5254,-0.19452175152523488
Customer Id_H15905,-0.1946218341762039
Geo_Code_73094,-0.19463054160406282
Customer Id_H1605,-0.19463054160406282
Customer Id_H15185,-0.19473473820301296
Customer Id_H16485,-0.19474334888637596
Customer Id_H1864,-0.19475322036249584
Customer Id_H16356,-0.1947918448820007
Customer Id_H3162,-0.19492676314752302
Geo_Code_73128,-0.19506662503010483
Customer Id_H18783,-0.19506662503010483
Customer Id_H4687,-0.1951999475378757
Customer Id_H12817,-0.19520744012886854
Customer Id_H15812,-0.19521029724573039
Geo_Code_33555,-0.1952340197817355
Customer Id_H15871,-0.19523475071749014
Customer Id_H16269,-0.19528755722454974
Customer Id_H14346,-0.19535254858124557
Customer Id_H2192,-0.19535702402831254
Customer Id_H18902,-0.19541749981083553
Customer Id_H3950,-0.19546557009773646
Customer Id_H17788,-0.19548103910596543
Customer Id_H4564,-0.19565003534679315
Customer Id_H7239,-0.19570565077249252
Customer Id_H6604,-0.19573670885382197
Customer Id_H18037,-0.19574849089273408
Customer Id_H2050,-0.19592750690304042
Customer Id_H15289,-0.1959571004340415
Customer Id_H7318,-0.19601018878638643
Customer Id_H5087,-0.19601941458040295
Customer Id_H17056,-0.19611821779843916
Customer Id_H2561,-0.19614554217600008
Customer Id_H16481,-0.19619805316873393
Customer Id_H6676,-0.1962041078769563
Customer Id_H4122,-0.19620574323695963
Customer Id_H201,-0.19629597143937058
Customer Id_H1510,-0.19631707509417373
Customer Id_H276,-0.19638912025556704
Customer Id_H4156,-0.19647917001931836
Customer Id_H18947,-0.1965262641175863
Geo_Code_17274,-0.19723255825597466
Customer Id_H16342,-0.19725794361742774
Customer Id_H4952,-0.19731516381247824
Customer Id_H4938,-0.19735818395428809
Customer Id_H19266,-0.19735930428808263
Customer Id_H1493,-0.19737066447270948
Customer Id_H7439,-0.1973814673999936
Customer Id_H6987,-0.19755523443654782
Customer Id_H15393,-0.1975637332321381
Customer Id_H3341,-0.19768971178160985
Customer Id_H19076,-0.197756449697052
Customer Id_H12871,-0.19776727357112725
Customer Id_H14528,-0.19779286681219924
Customer Id_H18182,-0.19784840386589203
Customer Id_H12659,-0.1979428090862128
Customer Id_H5003,-0.19809795979812314
Customer Id_H14317,-0.19809914288181057
Geo_Code_77075,-0.19813914571005195
Customer Id_H2753,-0.19813914571005195
Customer Id_H4353,-0.1981562355191405
Customer Id_H17382,-0.1981712997894509
Customer Id_H3358,-0.1982705397286887
Customer Id_H13759,-0.1983410510780256
Customer Id_H5526,-0.198350391739503
Customer Id_H6206,-0.19836164665811404
Customer Id_H3957,-0.19838844649991108
Customer Id_H17070,-0.19839652032060587
Customer Id_H15574,-0.19856619785421975
Customer Id_H14393,-0.19857053819530937
Customer Id_H14392,-0.19857053819530937
Customer Id_H15638,-0.198605929369517
Customer Id_H3205,-0.19862849596395327
Customer Id_H15713,-0.1987143193709988
Customer Id_H14210,-0.19872033394653735
Customer Id_H7246,-0.19876066166452647
Customer Id_H17311,-0.19878807104992496
Customer Id_H7471,-0.19885597564020366
Customer Id_H1892,-0.19888437554925117
Customer Id_H5388,-0.1989349522806333
Customer Id_H6537,-0.19904817678613343
Customer Id_H2066,-0.19915542890565957
Customer Id_H16345,-0.19921917126163388
Customer Id_H14851,-0.19922164948251211
Customer Id_H16943,-0.19951070245127697
Customer Id_H6891,-0.19963316174871265
Garden_V,-0.19967553014571754
Customer Id_H18314,-0.19970026241048888
Customer Id_H13746,-0.19972800989248887
Customer Id_H18405,-0.1997656363332958
Customer Id_H14109,-0.19982239628116533
Customer Id_H1777,-0.19992248435282234
Customer Id_H19015,-0.20015148217675763
Customer Id_H3787,-0.20049689064332948
Customer Id_H6022,-0.20058188290564846
Customer Id_H18882,-0.20070333162507
Customer Id_H1394,-0.20076994996206152
Customer Id_H2961,-0.20085269218222296
Geo_Code_44009,-0.2010248874442751
Customer Id_H18241,-0.2010248874442751
Customer Id_H3593,-0.2010379545622864
Customer Id_H18633,-0.20105370616631907
Customer Id_H17248,-0.2012155127347858
Customer Id_H18762,-0.20132744876733047
Customer Id_H391,-0.2013925564831809
Customer Id_H14340,-0.20141874475428206
Customer Id_H6927,-0.20143493835639747
Customer Id_H4186,-0.20145473881413073
Customer Id_H6164,-0.20151462632501713
Geo_Code_6007,-0.20151462632501713
Customer Id_H3682,-0.2016174238920745
Customer Id_H13414,-0.20169523094033937
Customer Id_H15975,-0.20172921033307215
Customer Id_H3767,-0.20173340309503582
Customer Id_H15096,-0.20180651090617258
Geo_Code_31033,-0.20190369210899822
Customer Id_H15649,-0.20190369210899822
Customer Id_H14354,-0.2019309751331789
Customer Id_H17616,-0.20206165908147358
Customer Id_H6709,-0.20216391700042716
Customer Id_H19154,-0.20226173861090505
Customer Id_H14440,-0.20237025768422706
Customer Id_H6791,-0.20248339793942088
Geo_Code_40046,-0.20256358944339647
Customer Id_H5083,-0.20265096178572956
Customer Id_H13554,-0.20269114224423335
Customer Id_H16339,-0.20270721709536332
Customer Id_H5382,-0.20270992636089238
Customer Id_H5865,-0.20278520841066253
Customer Id_H13720,-0.20283420551280473
Customer Id_H19181,-0.20284894300965092
Customer Id_H13446,-0.20286754883003313
Customer Id_H1772,-0.2030817532906338
Customer Id_H17366,-0.20311174422184794
Geo_Code_6149,-0.2032172502530523
Customer Id_H16283,-0.2032172502530523
Customer Id_H15335,-0.2032767389655392
Customer Id_H18645,-0.20353264087763392
Geo_Code_22094,-0.20353283833057828
Customer Id_H16452,-0.20353283833057828
Customer Id_H17625,-0.20360892431147568
Customer Id_H17351,-0.20365865551774373
Customer Id_H17163,-0.20370175425311515
Customer Id_H594,-0.2037076690966095
Customer Id_H13327,-0.20371126754152977
Customer Id_H18209,-0.20388559079274104
Geo_Code_74217,-0.2038891667420155
Geo_Code_38140,-0.20392045821488136
Customer Id_H13881,-0.20393712239535172
Customer Id_H18588,-0.2039976902209112
Customer Id_H3680,-0.20404288237445778
Customer Id_H4296,-0.2041595996438279
Customer Id_H6603,-0.20426164431380928
Customer Id_H16666,-0.20431732695100166
Customer Id_H16052,-0.20443471558191617
Customer Id_H4848,-0.20447583713438455
Customer Id_H1639,-0.20450997730397896
Customer Id_H3952,-0.20456829153671952
Customer Id_H5340,-0.20495739600388801
Customer Id_H1572,-0.20503704939266992
Customer Id_H6401,-0.20509308778339455
Customer Id_H17657,-0.2050933205570092
Customer Id_H2560,-0.2052850701663533
Customer Id_H5288,-0.20547089808433147
Customer Id_H18292,-0.20558569176139163
Customer Id_H14142,-0.20563472563474158
Customer Id_H17268,-0.20567374727162843
Customer Id_H18657,-0.20569539773796489
Geo_Code_21575,-0.20571106390494168
Customer Id_H3941,-0.2057176717669926
Customer Id_H16825,-0.2057991408836638
Customer Id_H2191,-0.20606075202278018
Customer Id_H1870,-0.20609219760950523
Customer Id_H14236,-0.20622473712031322
Geo_Code_30028,-0.20622473712031322
Customer Id_H14270,-0.2062938008590589
Customer Id_H7183,-0.20631046194346173
Customer Id_H15333,-0.2065331931686209
Customer Id_H2687,-0.2065383708648479
Customer Id_H7438,-0.20655111538529247
Customer Id_H2990,-0.20663096541035242
Customer Id_H16763,-0.20670100385495818
Customer Id_H7131,-0.20673353955638504
Customer Id_H16477,-0.20679200425291486
Customer Id_H13467,-0.20688803815999687
Customer Id_H13110,-0.206889946727227
Geo_Code_66072,-0.20690367675105323
Customer Id_H17202,-0.20702916479367683
Customer Id_H1937,-0.20707402023976892
Customer Id_H14678,-0.20716027993819636
Geo_Code_13103,-0.2071602887414634
Customer Id_H5307,-0.2072896842868981
Customer Id_H538,-0.2073371294458062
Customer Id_H14192,-0.2073737247713241
Customer Id_H6365,-0.207398624319615
Customer Id_H4722,-0.20743609877141525
Customer Id_H19449,-0.20747926996167518
Customer Id_H7245,-0.207492297142324
Customer Id_H6208,-0.20759117258323853
Customer Id_H13980,-0.20779809325591006
Customer Id_H2255,-0.2078700322344749
Customer Id_H14302,-0.2078817337552157
Customer Id_H14597,-0.20808876028459064
Customer Id_H3508,-0.20808910655150772
Customer Id_H3197,-0.20830122915298366
Customer Id_H14529,-0.20832241098846685
Customer Id_H659,-0.208370993425104
Customer Id_H273,-0.20862980734915768
Customer Id_H15956,-0.20863329738837932
Customer Id_H13106,-0.20871644184105898
Customer Id_H13745,-0.20892269298757207
Customer Id_H15366,-0.2089240415505138
Customer Id_H18404,-0.20897040780467438
Geo_Code_60139,-0.20901159991802182
Geo_Code_54483,-0.20903927779408443
Customer Id_H13010,-0.20903927779408443
Customer Id_H16139,-0.2090434556574953
Customer Id_H1776,-0.20905529545995322
Customer Id_H13370,-0.20916749512590363
Geo_Code_5061,-0.20921965071507612
Customer Id_H6668,-0.20927326469580748
Customer Id_H18384,-0.20927708424403446
Customer Id_H1884,-0.20928403628184303
Customer Id_H1697,-0.2093667439435252
Customer Id_H5063,-0.20945138086720436
Customer Id_H13548,-0.20957144471500347
Geo_Code_34028,-0.20957144471500347
Customer Id_H14396,-0.20961252411719483
Geo_Code_13031,-0.20961252411719483
Customer Id_H6021,-0.20980340992085733
Customer Id_H16787,-0.2098273665017442
Customer Id_H16025,-0.20986307276153893
Customer Id_H6562,-0.2100171826711263
Customer Id_H7136,-0.21005612507065682
Customer Id_H17218,-0.21021291192731775
Geo_Code_6163,-0.21021291192731775
Customer Id_H16465,-0.2103131316332418
Customer Id_H4101,-0.2103214427074658
Customer Id_H2877,-0.21046957008089487
Customer Id_H12758,-0.21060617495822323
Customer Id_H13783,-0.21075281860014886
Customer Id_H3803,-0.2109356500799803
Customer Id_H13471,-0.2112834006895997
Customer Id_H4711,-0.21145017641256844
Geo_Code_91228,-0.21145017641256844
Geo_Code_83101,-0.2117745970590139
Customer Id_H147,-0.2117745970590139
Customer Id_H3599,-0.21179244561329857
Customer Id_H12782,-0.21183553812227873
Customer Id_H18836,-0.21185127628945277
Customer Id_H12766,-0.21189362950037285
Customer Id_H1952,-0.21193574452249866
Customer Id_H19788,-0.21197414104753717
Geo_Code_6027,-0.2119939125353212
Customer Id_H16502,-0.21209048885931533
Geo_Code_74278,-0.21211508755811698
Customer Id_H5497,-0.21211508755811698
Customer Id_H15910,-0.21211872472680376
Customer Id_H15000,-0.21216923532497567
Customer Id_H1854,-0.2122146675707995
Customer Id_H13769,-0.21227221543104924
Customer Id_H13460,-0.21229349894107546
Customer Id_H15161,-0.21233987094614676
Customer Id_H4758,-0.21236149434007992
Geo_Code_27229,-0.21245687830212018
Customer Id_H5956,-0.21245884153360253
Customer Id_H14082,-0.21248305517372945
Customer Id_H18361,-0.21251184302352133
Geo_Code_6077,-0.21252747448900985
Customer Id_H18343,-0.21252747448900985
Customer Id_H17348,-0.21265191568699096
Geo_Code_91691,-0.21265191568699096
Customer Id_H13356,-0.21296505519779332
Geo_Code_15900,-0.21296505519779332
Customer Id_H4313,-0.21303110181340731
Customer Id_H16704,-0.213208092802594
Customer Id_H2089,-0.21322232051889042
Customer Id_H13880,-0.21323989745485147
Customer Id_H186,-0.21327623494451303
Customer Id_H6711,-0.213393300786794
Geo_Code_40284,-0.21357082893319274
Customer Id_H1874,-0.21361361236116727
Customer Id_H437,-0.2136547138333307
Customer Id_H15488,-0.21393817078970928
Geo_Code_94043,-0.21394852654260696
Customer Id_H7269,-0.21394852654260696
Customer Id_H2971,-0.2139886245542229
Geo_Code_88516,-0.2139886245542229
Customer Id_H16206,-0.21412729026844118
Customer Id_H3997,-0.21414103921434186
Customer Id_H16469,-0.21414552415505217
Customer Id_H18458,-0.21417659531280864
Customer Id_H13338,-0.2141995458109994
Customer Id_H15799,-0.2142019061162058
Customer Id_H446,-0.21441754400463808
Customer Id_H2721,-0.21442308511410318
Customer Id_H13973,-0.21458880766374608
Customer Id_H12660,-0.21466214560487162
Customer Id_H19461,-0.21470736756439862
Geo_Code_2059,-0.21470736756439862
Customer Id_H2586,-0.2147122798200877
Customer Id_H15669,-0.21474550129603642
Customer Id_H2179,-0.2147473358638171
Customer Id_H1956,-0.21487543501073625
Customer Id_H1718,-0.21498655782996362
Customer Id_H6069,-0.2150051637416737
Customer Id_H16106,-0.21500778886761882
Customer Id_H17226,-0.21513475906813584
Customer Id_H2769,-0.21513502847612992
Customer Id_H14645,-0.21519284063986907
Customer Id_H4263,-0.21524576680036328
Customer Id_H4238,-0.21527815018460142
Geo_Code_91386,-0.21540689812554006
Customer Id_H14766,-0.21540689812554006
Customer Id_H5552,-0.2155924800348195
Customer Id_H19402,-0.21559402623688478
Customer Id_H14239,-0.21564680768589334
Customer Id_H15973,-0.21567017876635777
Customer Id_H17622,-0.21570056063918175
Geo_Code_11441,-0.21576721318808997
Customer Id_H13426,-0.21576721318808997
Customer Id_H210,-0.2157728467283221
Customer Id_H19334,-0.21578900444161306
Geo_Code_92075,-0.2158792762599148
Customer Id_H16444,-0.2159948741850092
Customer Id_H5099,-0.2161235874279263
Geo_Code_92033,-0.21642847701721973
Customer Id_H15741,-0.21642847701721973
Customer Id_H4359,-0.21642913023562907
Customer Id_H16137,-0.21651647068077895
Customer Id_H14175,-0.21656442643121976
Customer Id_H17897,-0.2165786496376574
Customer Id_H14316,-0.21666513064204615
Customer Id_H3269,-0.2166766148249032
Geo_Code_67204,-0.2166766148249032
Customer Id_H12947,-0.21667928751982524
Customer Id_H17043,-0.21676448698920284
Customer Id_H16987,-0.21680413466965617
Customer Id_H5021,-0.21688421214138456
Customer Id_H19252,-0.2168900078228936
Customer Id_H3300,-0.21702993009105878
Geo_Code_12174,-0.21706574766761072
Customer Id_H18602,-0.217100617414926
Customer Id_H13018,-0.21712562784256964
Customer Id_H14023,-0.21714179393814034
Customer Id_H15066,-0.21740287282486406
Customer Id_H17162,-0.2174373090213245
Customer Id_H4491,-0.21748248055583205
Customer Id_H6564,-0.21754991108394822
Customer Id_H5807,-0.21764316100214195
Geo_Code_42110,-0.21764316100214195
Customer Id_H13978,-0.217678358534771
Customer Id_H372,-0.21776303378406944
Customer Id_H14690,-0.21791181955540848
Customer Id_H18966,-0.21815095926885678
Customer Id_H19694,-0.21815869205018776
Customer Id_H6763,-0.2181911435372136
Customer Id_H4145,-0.2182317720956856
Customer Id_H1476,-0.21823186021396226
Customer Id_H13744,-0.21829744067069243
Customer Id_H3649,-0.21830265893109566
Customer Id_H6643,-0.21832305941772526
Customer Id_H2650,-0.21852952461079406
Customer Id_H429,-0.21860210468140195
Customer Id_H5764,-0.21862456991971427
Customer Id_H17739,-0.21868602105239598
Customer Id_H14449,-0.2187498781947635
Customer Id_H3085,-0.21884669251580632
Customer Id_H5436,-0.2189161813603899
Customer Id_H4632,-0.218923223232426
Customer Id_H16635,-0.2189601142684216
Customer Id_H13152,-0.2190779763397759
Customer Id_H12844,-0.2192415701967324
Customer Id_H14583,-0.21970022602712352
Customer Id_H14345,-0.21975033925497064
Customer Id_H14904,-0.2199199995898034
Customer Id_H1301,-0.21997975958592578
Customer Id_H4500,-0.2202954746520008
Customer Id_H13623,-0.2202973258056069
Customer Id_H18945,-0.22038353245846756
Customer Id_H6966,-0.22039272701894186
Customer Id_H1547,-0.2203950397791389
Customer Id_H4800,-0.2204093345142488
Customer Id_H426,-0.2204418031021053
Customer Id_H530,-0.22045524474374803
Customer Id_H5440,-0.22056853937894141
Geo_Code_26114,-0.22056853937894141
Customer Id_H14284,-0.22070194338103966
Geo_Code_30011,-0.22070194338103966
Customer Id_H17173,-0.22070218164202055
Customer Id_H16918,-0.22086076309249356
Customer Id_H3695,-0.22092937467230336
Geo_Code_12084,-0.22099828715500006
Customer Id_H14195,-0.22099828715500006
Geo_Code_42119,-0.22108469406269218
Customer Id_H1339,-0.22117691123045186
Customer Id_H6015,-0.221201632402926
Customer Id_H14401,-0.22126885268904692
Customer Id_H15828,-0.22130603481969827
Customer Id_H19914,-0.22131175508554246
Customer Id_H3108,-0.22133702230424465
Customer Id_H15187,-0.22139042907300585
Customer Id_H13739,-0.22144407371840905
Customer Id_H16020,-0.221505164015882
Customer Id_H3080,-0.22152603728512515
Geo_Code_68908,-0.22152603728512515
Customer Id_H5606,-0.22158603097154736
Customer Id_H3317,-0.22170494544082683
Customer Id_H2359,-0.22173748500286036
Geo_Code_38057,-0.22173748500286036
Customer Id_H5955,-0.22178226095258943
Customer Id_H17022,-0.22191671592629136
Customer Id_H14454,-0.221951343319619
Customer Id_H2004,-0.22199707315337147
Customer Id_H6285,-0.22201651984888107
Customer Id_H13287,-0.22207953754380974
Customer Id_H15904,-0.22220702260880104
Customer Id_H19257,-0.22234478674207914
Customer Id_H15079,-0.2223697549613207
Customer Id_H2711,-0.2224071163444128
Customer Id_H1918,-0.22246129186657432
Geo_Code_4126,-0.2224827391877574
Customer Id_H4286,-0.2224827391877574
Customer Id_H13823,-0.22248297412701917
Geo_Code_74180,-0.2225132291518607
Geo_Code_42095,-0.2226103320861835
Customer Id_H7342,-0.22266859605615164
Customer Id_H2088,-0.22270688028685107
Customer Id_H1542,-0.2227092109967257
Customer Id_H4731,-0.22275229586372108
Customer Id_H18396,-0.2229216610795339
Customer Id_H18567,-0.22305533292284935
Customer Id_H13578,-0.22305974463782574
Customer Id_H5386,-0.2231520891818995
Customer Id_H412,-0.22317698397012897
Customer Id_H18018,-0.22322094788850289
Customer Id_H18614,-0.2232695937647247
Customer Id_H18272,-0.22327482537233637
Customer Id_H3446,-0.22339381654361065
Customer Id_H13305,-0.22359626101209837
Customer Id_H14092,-0.22359846200445352
Customer Id_H1423,-0.22363566555694428
Customer Id_H5387,-0.2236883073456079
Customer Id_H4666,-0.22373651873826225
Customer Id_H2259,-0.2237523069673281
Customer Id_H19130,-0.2237705522597299
Customer Id_H19966,-0.22379760088393644
Geo_Code_5077,-0.22383085519525026
Customer Id_H6370,-0.22384804773576433
Customer Id_H3485,-0.22388367589154945
Customer Id_H6177,-0.22392651488087562
Customer Id_H1845,-0.2240796383694777
Customer Id_H6675,-0.22412201977922352
Customer Id_H19681,-0.22421199496277544
Customer Id_H3375,-0.2242387936214267
Customer Id_H5215,-0.2243973195230565
Customer Id_H14366,-0.22452547385646424
Customer Id_H14651,-0.224566359894686
Customer Id_H13612,-0.22457594930058217
Customer Id_H15351,-0.22457900773607994
Geo_Code_74014,-0.22457900773607994
Customer Id_H17225,-0.2246041746129135
Customer Id_H4128,-0.22466171136459334
Customer Id_H626,-0.2247849111540122
Geo_Code_92071,-0.22481354592669678
Customer Id_H3254,-0.22501676649225597
Customer Id_H15271,-0.22506863904874214
Customer Id_H4697,-0.22533908934213603
Customer Id_H7223,-0.22538715996185263
Customer Id_H5281,-0.22540950521415207
Customer Id_H5935,-0.22553174632269504
Customer Id_H14588,-0.22582873106822557
Geo_Code_13019,-0.22586485537552806
Customer Id_H16136,-0.22588854058105423
Customer Id_H15643,-0.22594038357732016
Customer Id_H6792,-0.2260924646765185
Customer Id_H6925,-0.22611259269830342
Customer Id_H18719,-0.2261737786995842
Customer Id_H6207,-0.22620432129503018
Customer Id_H12658,-0.22634664970312052
Customer Id_H3344,-0.22646648145915552
Customer Id_H7359,-0.226727362249988
Customer Id_H3716,-0.22678290211213842
Customer Id_H3217,-0.22682838144436254
Customer Id_H15247,-0.22694281183526546
Customer Id_H17161,-0.22694824172632866
Customer Id_H2090,-0.2270166913262864
Customer Id_H4273,-0.22706139911090445
Customer Id_H15636,-0.22706614166828126
Customer Id_H16688,-0.22732771372334942
Geo_Code_74040,-0.22732771372334942
Customer Id_H13084,-0.2273448496398962
Geo_Code_75103,-0.22739652043830375
Customer Id_H14011,-0.2274183993608535
Customer Id_H6606,-0.22754277977545795
Geo_Code_76259,-0.22754861638920765
Customer Id_H14872,-0.22763260144215758
Customer Id_H6866,-0.22763959374649365
Customer Id_H4468,-0.22773403453368232
Geo_Code_77445,-0.2280327419435378
Customer Id_H17455,-0.2280327419435378
Customer Id_H279,-0.2280671326029336
Customer Id_H7083,-0.22813135917993124
Customer Id_H14969,-0.22820005857503403
Customer Id_H17412,-0.22822419950376982
Customer Id_H16186,-0.22828520691206255
Geo_Code_7349,-0.22877016169251613
Customer Id_H3712,-0.22877016169251613
Customer Id_H19759,-0.228784949092657
Customer Id_H7172,-0.2287952941290263
Customer Id_H14957,-0.2288699901246736
Customer Id_H18104,-0.22896409408600904
Customer Id_H13735,-0.22900938874315188
Customer Id_H15748,-0.2290149164867868
Customer Id_H16464,-0.2291394530921446
Customer Id_H5333,-0.22925821070675909
Customer Id_H2893,-0.22932752714645793
Customer Id_H17983,-0.22941419049392073
Customer Id_H16499,-0.229465436062675
Geo_Code_14762,-0.22972801355941222
Customer Id_H3857,-0.22972801355941222
Customer Id_H441,-0.22980798987630677
Customer Id_H15519,-0.22998404164022335
Customer Id_H564,-0.22999720631333925
Customer Id_H13821,-0.23004713351881723
Customer Id_H17925,-0.2301400338308052
Customer Id_H5976,-0.23020596410286095
Customer Id_H5814,-0.23021204635897416
Customer Id_H6934,-0.23025301685615854
Customer Id_H3669,-0.23025335650226025
Customer Id_H1491,-0.23039386256024688
Geo_Code_43002,-0.23042281347436436
Customer Id_H3698,-0.23042281347436436
Customer Id_H17791,-0.23052431680871913
Customer Id_H14926,-0.23056052949321754
Customer Id_H17842,-0.23059583735509623
Customer Id_H17272,-0.23059868873185746
Customer Id_H17906,-0.23068344729000673
Customer Id_H16350,-0.2308263449923488
Customer Id_H18649,-0.23091594179389666
Customer Id_H4529,-0.23095950217872926
Customer Id_H16537,-0.2309901903258828
Customer Id_H16019,-0.23108255868666644
Customer Id_H15021,-0.23113772184702067
Customer Id_H5605,-0.23119743579679639
Customer Id_H15909,-0.23120312352391365
Customer Id_H19143,-0.23123305430727367
Customer Id_H18471,-0.23128547002835895
Customer Id_H16681,-0.2314090707546265
Customer Id_H13393,-0.2314599815213964
Customer Id_H7110,-0.23163284890996208
Customer Id_H13051,-0.23170367142386822
Geo_Code_86066,-0.2318615223901335
Customer Id_H18386,-0.2318615223901335
Customer Id_H15450,-0.23197120167482324
Customer Id_H6758,-0.23210041582821736
Customer Id_H6281,-0.2322486551466032
Customer Id_H4010,-0.23227556907106398
Customer Id_H5727,-0.2324093491300637
Customer Id_H4194,-0.2324776289527711
Customer Id_H14836,-0.23262305167387123
Customer Id_H18271,-0.2327019911242719
Customer Id_H6841,-0.232725669375743
Customer Id_H19897,-0.23290059344167807
Customer Id_H6652,-0.2331482696174641
Customer Id_H15989,-0.23315025650613555
Customer Id_H3946,-0.2331852764985365
Customer Id_H12696,-0.23321290091783808
Customer Id_H2121,-0.23327560732147187
Customer Id_H4665,-0.233283061957246
Customer Id_H4203,-0.23331794205980336
Customer Id_H3581,-0.23333074513278007
Customer Id_H17892,-0.23339640731220784
Customer Id_H6834,-0.23341467573987695
Customer Id_H7310,-0.23353478216226223
Customer Id_H18929,-0.23358278886624256
Customer Id_H3728,-0.23364085322298264
Customer Id_H216,-0.23368631746586888
Customer Id_H13889,-0.2338948623325995
Customer Id_H13662,-0.23405367365188387
Customer Id_H6071,-0.23419195909476032
Customer Id_H5618,-0.23419869524424836
Customer Id_H15568,-0.23422697162551642
Customer Id_H16532,-0.23424648807817766
Customer Id_H4293,-0.23451681456463083
Customer Id_H4090,-0.2345289084335769
Customer Id_H19027,-0.2345664183584867
Customer Id_H17260,-0.2345972216225646
Customer Id_H4637,-0.2346822426903106
Customer Id_H18070,-0.23476764420035837
Customer Id_H15972,-0.2348230440633718
Customer Id_H6555,-0.23486230854475093
Customer Id_H6531,-0.23488311915239074
Customer Id_H189,-0.23502593317605325
Customer Id_H4215,-0.23504054907747216
Customer Id_H5162,-0.2351003449488166
Customer Id_H18864,-0.23512323415024242
Customer Id_H14524,-0.2351718896821999
Customer Id_H5615,-0.23517615920491328
Customer Id_H19426,-0.23529471054393628
Customer Id_H19070,-0.2353957887872818
Geo_Code_54323,-0.2353957887872818
Customer Id_H132,-0.23540287059637038
Customer Id_H16662,-0.23544279652000136
Customer Id_H16183,-0.23550791114554928
Geo_Code_33018,-0.23550791114554928
Customer Id_H17359,-0.23561140825434623
Customer Id_H17763,-0.2356371208539899
Customer Id_H7144,-0.23593292237301183
Customer Id_H13758,-0.23594084087432807
Customer Id_H1571,-0.23597988461005195
Geo_Code_88158,-0.23606881943589964
Customer Id_H4495,-0.23606881943589964
Customer Id_H7029,-0.23608178278589387
Customer Id_H17571,-0.23611136818595913
Customer Id_H6617,-0.2362945690997172
Customer Id_H17067,-0.2364126656122222
Customer Id_H13395,-0.23654220861106204
Customer Id_H16162,-0.23666269280398108
Geo_Code_31561,-0.23666269280398108
Customer Id_H12740,-0.23682169659425764
Customer Id_H3963,-0.23685936833940444
Customer Id_H14867,-0.23687894234423137
Customer Id_H15115,-0.23687894234423137
Customer Id_H16831,-0.23692325259447858
Customer Id_H5088,-0.23693868647013341
Customer Id_H3334,-0.23704181886970468
Customer Id_H6037,-0.23707153540816714
Customer Id_H19239,-0.23709215991390806
Customer Id_H17969,-0.23719614995272795
Customer Id_H6605,-0.23725246161400343
Customer Id_H16748,-0.23741973159717727
Customer Id_H13468,-0.2374565425607389
Customer Id_H5164,-0.23754165590229312
Geo_Code_13004,-0.23757576381689172
Customer Id_H5741,-0.2375777502969032
Customer Id_H17021,-0.23761958515134748
Customer Id_H4289,-0.23770880789920762
Customer Id_H14796,-0.23777307336933268
Geo_Code_91377,-0.2378629489616094
Customer Id_H17740,-0.23791129663180288
Customer Id_H12901,-0.23796651550251685
Customer Id_H1606,-0.23811269212276182
Geo_Code_29233,-0.23821664247829327
Customer Id_H4035,-0.23821664247829327
Customer Id_H2960,-0.2384112087635125
Customer Id_H16240,-0.2384305593005952
Customer Id_H15129,-0.23854309487014058
Geo_Code_73303,-0.23854309487014058
Customer Id_H14173,-0.23866851437700287
Customer Id_H19888,-0.23874939068235013
Geo_Code_83086,-0.23874939068235013
Customer Id_H18150,-0.23893654112591783
Customer Id_H1478,-0.23895761545524893
Customer Id_H6145,-0.23895769142838671
Customer Id_H3569,-0.2390326677993601
Customer Id_H5197,-0.2392017324197654
Geo_Code_38517,-0.23920700904821504
Customer Id_H15575,-0.23920700904821504
Customer Id_H16498,-0.23920789086175825
Customer Id_H15622,-0.23949473428818907
Customer Id_H15071,-0.23956487834744286
Customer Id_H2009,-0.23959700346920676
Customer Id_H14862,-0.23962072201390974
Customer Id_H18132,-0.23969294914801537
Customer Id_H16138,-0.23979933500029094
Customer Id_H17298,-0.2398025004070044
Customer Id_H7142,-0.23987551644656147
Customer Id_H6271,-0.2398847874752139
Customer Id_H2365,-0.23988610223398066
Customer Id_H5170,-0.2399122142780397
Customer Id_H6933,-0.2399951297037773
Customer Id_H13724,-0.2400335260206197
Customer Id_H14217,-0.24003541550121987
Customer Id_H13791,-0.24021851892552604
Customer Id_H1549,-0.2402914831610456
Customer Id_H7390,-0.2404001333277874
Geo_Code_1143,-0.2404001333277874
Customer Id_H6162,-0.2405897538675662
Customer Id_H4918,-0.24062731237992135
Customer Id_H1869,-0.24065183121668285
Geo_Code_74241,-0.24065183121668285
Customer Id_H6043,-0.24095165707894053
Customer Id_H1771,-0.24096035649698894
Customer Id_H2005,-0.24098420411300803
Customer Id_H616,-0.24110759710074242
Customer Id_H15491,-0.241224868058354
Geo_Code_62041,-0.2414416207855597
Customer Id_H19085,-0.24152829298616355
Customer Id_H17475,-0.24160441189388648
Geo_Code_91044,-0.24160441189388648
Customer Id_H18750,-0.24165199760756845
Customer Id_H6214,-0.2416538896228907
Geo_Code_35049,-0.24172162780189974
Customer Id_H4260,-0.24178082655488653
Geo_Code_73179,-0.24180692973975798
Customer Id_H18743,-0.24202480839178206
Customer Id_H4389,-0.24206239200094623
Customer Id_H2389,-0.24215676811614262
Customer Id_H2151,-0.24218526897142756
Geo_Code_75110,-0.2423590224497491
Geo_Code_10081,-0.2425354975088961
Customer Id_H18845,-0.2425354975088961
Geo_Code_68013,-0.24256289057261662
Customer Id_H6108,-0.24266969589079282
Customer Id_H17170,-0.2427047036002396
Geo_Code_88413,-0.24293988680636613
Customer Id_H16530,-0.24298208802250096
Customer Id_H3033,-0.24314093679410168
Customer Id_H2198,-0.24333332876986544
Customer Id_H627,-0.2434308869678484
Customer Id_H13634,-0.2435337519008907
Geo_Code_26057,-0.2435337519008907
Customer Id_H3220,-0.24363711861013618
Customer Id_H16670,-0.24364505544922643
Customer Id_H4057,-0.24371781018760402
Customer Id_H1717,-0.24374246610891115
Customer Id_H14812,-0.24374524342026366
Customer Id_H14365,-0.24376120265566628
Customer Id_H3340,-0.24394604273963155
Customer Id_H13038,-0.2439567964565765
Customer Id_H13511,-0.24401384225241093
Customer Id_H13079,-0.2440237080214509
Customer Id_H16119,-0.24407998838993286
Customer Id_H7290,-0.24412192543690447
Customer Id_H16576,-0.2442072423177441
Customer Id_H17865,-0.24441509487125093
Customer Id_H15270,-0.24455073919081793
Customer Id_H6554,-0.24468149380269721
Customer Id_H13528,-0.24469811897938956
Customer Id_H2079,-0.24473704607986033
Customer Id_H5078,-0.24483553465413793
Customer Id_H17498,-0.24497531410348952
Customer Id_H284,-0.244997969099931
Customer Id_H1901,-0.2450310485955806
Customer Id_H1452,-0.24525282353544947
Customer Id_H16661,-0.24525282353544947
Customer Id_H18577,-0.24527635030671185
Customer Id_H14523,-0.2453307951036009
Customer Id_H2240,-0.2455462341893902
Customer Id_H1372,-0.2455516698848038
Customer Id_H2276,-0.24566534330770848
Customer Id_H13728,-0.24568213437599273
Customer Id_H13638,-0.24568920047520781
Customer Id_H13538,-0.24573259506759784
Geo_Code_1053,-0.24577334179866
Customer Id_H13368,-0.24583346066822248
Customer Id_H3923,-0.24586547496898373
Customer Id_H1483,-0.245878617470984
Customer Id_H4341,-0.24598954876787726
Customer Id_H4613,-0.2461446710428939
Customer Id_H4803,-0.246218267397454
Customer Id_H1597,-0.24637753004222196
Customer Id_H288,-0.24646377009303855
Customer Id_H19802,-0.24648098546700534
Customer Id_H7103,-0.2465690921133629
Geo_Code_73003,-0.24658833879903266
Customer Id_H15754,-0.246598914892676
Customer Id_H16474,-0.24665668426769674
Customer Id_H6634,-0.24673297180815856
Customer Id_H15406,-0.24676551626736362
Customer Id_H18140,-0.24681067561637018
Geo_Code_62571,-0.2468717776416318
Customer Id_H14009,-0.24701075778436107
Customer Id_H17459,-0.24703710526409814
Customer Id_H5355,-0.24706856813208175
Customer Id_H13624,-0.2470699634276649
Geo_Code_95394,-0.2470699634276649
Geo_Code_13041,-0.2473498053655409
Customer Id_H5000,-0.24739449953562567
Geo_Code_94003,-0.247740262909466
Customer Id_H19991,-0.24775099961600805
Customer Id_H14945,-0.24782027961794112
Customer Id_H16193,-0.24789942182164673
Customer Id_H13611,-0.24792926547665828
Customer Id_H13023,-0.24793999902577532
Customer Id_H5244,-0.2480630682538971
Geo_Code_26347,-0.24840901898078843
Customer Id_H16633,-0.24846205964920398
Geo_Code_69034,-0.24847446663353234
Geo_Code_39198,-0.24871795265101285
Customer Id_H13992,-0.24871795265101285
Customer Id_H18149,-0.2487372091329375
Customer Id_H17900,-0.24874753587427648
Customer Id_H4384,-0.24876668122453843
Geo_Code_83115,-0.24886202534790244
Customer Id_H14532,-0.24903447100217974
Geo_Code_60346,-0.2490607939226733
Customer Id_H15160,-0.2490607939226733
Customer Id_H2142,-0.24920922238286208
Customer Id_H14921,-0.24922185389222795
Customer Id_H1415,-0.24927754372216948
Customer Id_H3208,-0.24934146219012818
Customer Id_H14903,-0.24945785852637253
Customer Id_H3709,-0.24957434150262583
Customer Id_H5600,-0.24958453225498167
Customer Id_H15518,-0.249656574800065
Geo_Code_94041,-0.2496961116060023
Customer Id_H7257,-0.24974553867086155
Customer Id_H5521,-0.24976684743853458
Customer Id_H1846,-0.24990429492454108
Customer Id_H1545,-0.2499508395619823
Customer Id_H19798,-0.2500799900891424
Customer Id_H4856,-0.25020264298516776
Customer Id_H3635,-0.25022703531591683
Customer Id_H18432,-0.2503249378154669
Customer Id_H7312,-0.25039690228294414
Customer Id_H1891,-0.2504064009688191
Customer Id_H14300,-0.25074454907309934
Geo_Code_50147,-0.2507786936639562
Customer Id_H18086,-0.2507786936639562
Geo_Code_59367,-0.25078801576919496
Customer Id_H19090,-0.25078801576919496
Customer Id_H4651,-0.2509821815140735
Customer Id_H16560,-0.25104007072317785
Customer Id_H2253,-0.251091504795546
Customer Id_H12906,-0.2510978806600466
Customer Id_H14931,-0.2511183839229165
Customer Id_H4372,-0.2513046669478518
Geo_Code_78311,-0.25136832108048274
Customer Id_H6280,-0.2516067782839053
Customer Id_H13938,-0.2517320262254532
Customer Id_H13470,-0.2518817268808792
Customer Id_H5773,-0.25194932238598966
Customer Id_H7341,-0.2519497934550515
Customer Id_H18564,-0.2520612151135043
Customer Id_H3939,-0.25211085439007974
Customer Id_H14065,-0.2522054893861677
Customer Id_H14250,-0.25222605955894223
Customer Id_H3489,-0.25237535225968794
Customer Id_H16250,-0.25264856216550247
Customer Id_H12751,-0.2526904485943472
Customer Id_H7138,-0.2527141477713887
Customer Id_H12631,-0.25282630563954034
Customer Id_H4842,-0.25287520579380857
Customer Id_H18938,-0.2530090244203318
Customer Id_H2718,-0.25302800897442657
Customer Id_H16516,-0.2531139275094763
Customer Id_H4487,-0.2533133935678516
Customer Id_H14986,-0.2533695667258609
Customer Id_H6184,-0.25337744046737326
Customer Id_H3969,-0.2533925427329922
Customer Id_H3762,-0.2535272986520456
Customer Id_H265,-0.25356811283846337
Geo_Code_38386,-0.25378543583683055
Customer Id_H4678,-0.2539057433487151
Customer Id_H15336,-0.25403791336880843
Customer Id_H14103,-0.2540482159923224
Geo_Code_38239,-0.2540932147956703
Customer Id_H15772,-0.2542204440097678
Customer Id_H5129,-0.25422345895680554
Customer Id_H3339,-0.2542439682851179
Customer Id_H305,-0.25431897670150966
Customer Id_H6612,-0.254423418665674
Geo_Code_83071,-0.254423418665674
Customer Id_H1841,-0.254546592475137
Customer Id_H3123,-0.25472502382097395
Customer Id_H3245,-0.2549992199625667
Geo_Code_95183,-0.2550152542431013
Customer Id_H4219,-0.2550152542431013
Customer Id_H17249,-0.2551881775656065
Customer Id_H1487,-0.25533745790440465
Customer Id_H6387,-0.25536355761116347
Customer Id_H387,-0.25574922572165354
Geo_Code_72132,-0.25574922572165354
Customer Id_H4559,-0.2557674188833896
Customer Id_H241,-0.2557894398785048
Geo_Code_74279,-0.2558026257804298
Customer Id_H4873,-0.25586241295802387
Customer Id_H19303,-0.2558840677899882
Customer Id_H3968,-0.25602516334862596
Customer Id_H5316,-0.2560773345243673
Customer Id_H16018,-0.2560907029235019
Customer Id_H6627,-0.25628272146294645
Customer Id_H235,-0.25633956463183044
Customer Id_H376,-0.25640335968942846
Customer Id_H5809,-0.25645524877476245
Customer Id_H17894,-0.2566596684957514
Customer Id_H4041,-0.25666378899286496
Customer Id_H14504,-0.25705230505039933
Geo_Code_95607,-0.25705384372169066
Customer Id_H13083,-0.2570626954057338
Customer Id_H1501,-0.25707243536856644
Geo_Code_74063,-0.2570863844723517
Customer Id_H19025,-0.25723126823939785
Geo_Code_69260,-0.25764499998323087
Customer Id_H16972,-0.25770825718958096
Customer Id_H5256,-0.25782667906607865
Customer Id_H18744,-0.25785323574857005
Geo_Code_88531,-0.2578656435349771
Customer Id_H1278,-0.2578656435349771
Customer Id_H3990,-0.2579234904085362
Customer Id_H4596,-0.25798440490467034
Customer Id_H6093,-0.25804384365443406
Geo_Code_43041,-0.25804384365443406
Customer Id_H1502,-0.25838940952012873
Customer Id_H6032,-0.2585864256226664
Customer Id_H15988,-0.25859342056045276
Customer Id_H6270,-0.2587291383595133
Customer Id_H15543,-0.2587733490657291
Customer Id_H16862,-0.25882763552412064
Customer Id_H4013,-0.2589623717434321
Customer Id_H18374,-0.25897305550780486
Customer Id_H6963,-0.25898601468739685
Customer Id_H5065,-0.2590764992012733
Customer Id_H13622,-0.25918558837731276
Customer Id_H17924,-0.2592960492330391
Customer Id_H12995,-0.25948064762536166
Customer Id_H13836,-0.2595048455167848
Geo_Code_7281,-0.2595434385894469
Customer Id_H14118,-0.2595707812302989
Geo_Code_44204,-0.25969730353613646
Customer Id_H15515,-0.25975694650817216
Customer Id_H18041,-0.2597583001012034
Customer Id_H19769,-0.2598206604231974
Customer Id_H17243,-0.25984347873650737
Customer Id_H18970,-0.25989601717248184
Customer Id_H18383,-0.25990539792542394
Customer Id_H1546,-0.25994166566090393
Customer Id_H274,-0.26011015673251175
Customer Id_H5228,-0.2602754496402228
Customer Id_H18825,-0.2603138033821445
Customer Id_H16349,-0.2603254215207668
Customer Id_H5047,-0.26041350820184506
Geo_Code_78621,-0.26053479360375303
Customer Id_H18700,-0.26053479360375303
Customer Id_H18238,-0.26054112786505773
Geo_Code_7019,-0.26054112786505773
Customer Id_H3752,-0.2607596214382957
Customer Id_H18921,-0.260815237573317
Customer Id_H18648,-0.2609222804439952
Customer Id_H2902,-0.2610313419371151
Customer Id_H5319,-0.2610476123640813
Customer Id_H13311,-0.26120685837219276
Customer Id_H2492,-0.26129322300657293
Customer Id_H12616,-0.26131770655671
Customer Id_H4149,-0.2613479308787726
Geo_Code_25197,-0.2613479308787726
Geo_Code_54304,-0.2614452421299237
Customer Id_H4031,-0.2614452421299237
Customer Id_H15524,-0.26145335362054795
Customer Id_H417,-0.2616207009506268
Customer Id_H5480,-0.26165255281279115
Customer Id_H12935,-0.26182804448747643
Customer Id_H3690,-0.26186749655261793
Customer Id_H5772,-0.26197999564792945
Customer Id_H15774,-0.26211308194572747
Customer Id_H2709,-0.2622903102129333
Customer Id_H4653,-0.2625383180410699
Customer Id_H14602,-0.2625393446506565
Customer Id_H5969,-0.26259002339057264
Customer Id_H13964,-0.2626071695927475
Customer Id_H4152,-0.26264807902299786
Customer Id_H15011,-0.2628554954630212
Customer Id_H16800,-0.2628688953157248
Customer Id_H12887,-0.26308539764925537
Geo_Code_95252,-0.26308539764925537
Customer Id_H17089,-0.2630943146700633
Customer Id_H6175,-0.2631907870496552
Customer Id_H18189,-0.263205830239871
Customer Id_H3113,-0.2635262833873582
Customer Id_H17682,-0.26361085734216294
Customer Id_H15839,-0.2636813199332278
Customer Id_H1457,-0.2637838518545541
Customer Id_H2983,-0.26405335836883354
Customer Id_H535,-0.2641453695839946
Customer Id_H15686,-0.26423328697063386
Customer Id_H13186,-0.26433466437607417
Customer Id_H18925,-0.2644847439046557
Customer Id_H403,-0.2647703079968902
Customer Id_H4699,-0.2648925118306605
Customer Id_H16802,-0.2649059224527586
Customer Id_H16024,-0.26496175599793564
Customer Id_H4480,-0.26503712782323186
Geo_Code_86137,-0.26504806442405315
Customer Id_H15176,-0.26504806442405315
Geo_Code_62916,-0.26507892250350534
Customer Id_H13394,-0.26510746964143966
Customer Id_H18655,-0.2653335337503419
Customer Id_H16563,-0.2653613949568481
Customer Id_H2242,-0.2653822287713161
Customer Id_H5934,-0.26538463642694815
Customer Id_H6551,-0.2653950572950458
Customer Id_H14243,-0.2654139452634272
Customer Id_H16515,-0.2654323835695261
Customer Id_H4951,-0.2655567582721078
Customer Id_H13637,-0.26568479817224655
Customer Id_H15484,-0.2657439764587393
Customer Id_H4340,-0.26582387794995926
Customer Id_H16299,-0.2659568938204462
Customer Id_H17697,-0.2660448396770231
Customer Id_H12893,-0.26623541569906667
Customer Id_H6327,-0.2662768692438335
Customer Id_H12856,-0.2664579332601826
Customer Id_H7102,-0.2666052405751523
Customer Id_H17429,-0.26661418096130846
Customer Id_H3699,-0.26672051633588834
Customer Id_H13193,-0.26701173378740767
Customer Id_H3571,-0.26741440090343543
Customer Id_H14241,-0.26777138038083087
Customer Id_H3121,-0.26782544922730456
Customer Id_H4595,-0.26803820492519925
Customer Id_H3646,-0.2681219714160112
Customer Id_H16125,-0.2683265192360088
Customer Id_H6964,-0.26839083776426614
Customer Id_H610,-0.26844178646308053
Customer Id_H17463,-0.26848977019933556
Customer Id_H7237,-0.26850450006456195
Customer Id_H13785,-0.2686716266667734
Customer Id_H18481,-0.26871498100531793
Customer Id_H304,-0.26884946557074424
Geo_Code_37122,-0.26887210789445803
Customer Id_H16697,-0.26887210789445803
Customer Id_H17120,-0.2689085275069586
Customer Id_H16861,-0.2690774311635998
Customer Id_H16876,-0.26914955724657813
Geo_Code_69238,-0.26914955724657813
Customer Id_H6520,-0.26926253079574825
Customer Id_H6796,-0.2693172541275395
Customer Id_H15523,-0.26935067026976733
Customer Id_H15896,-0.2693815601984949
Customer Id_H17954,-0.2696113490278664
Geo_Code_6070,-0.2698938660875732
Customer Id_H15787,-0.2699643619412465
Customer Id_H2301,-0.2701787202755712
Geo_Code_77333,-0.2702423324811484
Customer Id_H17468,-0.2704407482554832
Customer Id_H15946,-0.270650516443473
Geo_Code_6011,-0.2707659062617354
Customer Id_H3985,-0.27095301899398255
Customer Id_H17151,-0.27105672416937066
Customer Id_H6427,-0.2710805621526422
Customer Id_H13767,-0.2711959875670217
Customer Id_H6474,-0.2714140691963702
Customer Id_H14565,-0.2714715185575777
Customer Id_H2812,-0.27149394778908054
Geo_Code_91687,-0.27149394778908054
Customer Id_H5965,-0.2715019176451538
Customer Id_H6087,-0.2717875704261884
Customer Id_H69,-0.27186127706390034
Customer Id_H4067,-0.27200056900571273
Customer Id_H3653,-0.27208224479983506
Customer Id_H2939,-0.2721692031634243
Customer Id_H15610,-0.2721910709780069
Customer Id_H13558,-0.27220843783229026
Customer Id_H2008,-0.2722862631679994
Customer Id_H14488,-0.27232259106833623
Geo_Code_1160,-0.27232259106833623
Customer Id_H4285,-0.27233456757158203
Customer Id_H17094,-0.27239736589316604
Customer Id_H7011,-0.27249827326118364
Customer Id_H4151,-0.2726475573055177
Customer Id_H2959,-0.27266146302221433
Customer Id_H5968,-0.2727063445500811
Customer Id_H17292,-0.27286026294004756
Customer Id_H14871,-0.27301814366242416
Geo_Code_68224,-0.27311928828386084
Customer Id_H16924,-0.2731430125443188
Customer Id_H5987,-0.27320050469351365
Geo_Code_69381,-0.27320050469351365
Customer Id_H18759,-0.2732864217909362
Customer Id_H673,-0.27340960373380696
Customer Id_H15728,-0.27347787093341924
Customer Id_H5051,-0.27381666980794184
Customer Id_H15676,-0.2738207732097412
Customer Id_H215,-0.2738247192057755
Customer Id_H14770,-0.273829875977717
Customer Id_H6552,-0.2741907886932077
Customer Id_H17866,-0.27434251712972924
Customer Id_H3748,-0.27460036218391787
Customer Id_H7189,-0.2746937866282468
Customer Id_H3674,-0.2747901254398473
Customer Id_H6509,-0.274851579692257
Customer Id_H2186,-0.27488731521637877
Customer Id_H18011,-0.2749887700021597
Geo_Code_7010,-0.2751118612877371
Customer Id_H18558,-0.2753520586406139
Customer Id_H18949,-0.275387816201455
Customer Id_H5080,-0.275726878032408
Customer Id_H17246,-0.2758027400980469
Geo_Code_27643,-0.276051437133686
Customer Id_H17726,-0.276051437133686
Customer Id_H13498,-0.27629677767749106
Customer Id_H3602,-0.27634146824494377
Geo_Code_38075,-0.2766719666242718
Customer Id_H5217,-0.2767435271193786
Customer Id_H4369,-0.2770686119473194
Customer Id_H6943,-0.2771675478696881
Geo_Code_83933,-0.2771675478696881
Customer Id_H2604,-0.27717660418940615
Customer Id_H17257,-0.27718734402044737
Customer Id_H1500,-0.2772483809257904
Customer Id_H16483,-0.27733958629273586
Customer Id_H17920,-0.2774511973164037
Customer Id_H14314,-0.27747346112715754
Customer Id_H15306,-0.2774869884575703
Customer Id_H17761,-0.2775935155166208
Customer Id_H18233,-0.27762815099076255
Customer Id_H17627,-0.27770995080993066
Customer Id_H4764,-0.27780482636369547
Customer Id_H17228,-0.2779534611677443
Geo_Code_80688,-0.27798135315710254
Customer Id_H18510,-0.278021407300214
Geo_Code_6153,-0.2783290308780944
Customer Id_H2898,-0.2783290308780944
Customer Id_H16196,-0.2783667018706008
Customer Id_H5527,-0.27839598932349824
Customer Id_H2181,-0.27848297097713565
Customer Id_H6198,-0.2784859373566279
Customer Id_H2750,-0.2785767645475366
Customer Id_H18186,-0.2788803884232528
Customer Id_H17053,-0.2788875280466171
Customer Id_H16080,-0.27903050849027294
Customer Id_H13934,-0.27915648504850793
Customer Id_H15793,-0.27928439973747177
Customer Id_H302,-0.27940060334090083
Customer Id_H19058,-0.279413134690444
Customer Id_H6795,-0.27948370809406003
Customer Id_H16016,-0.279591977360256
Customer Id_H13937,-0.2797291065278205
Customer Id_H1322,-0.2798436075152222
Customer Id_H15317,-0.2798564188354941
Geo_Code_33249,-0.27995281779894565
Customer Id_H16757,-0.28008570043889686
Customer Id_H15786,-0.28013782938482995
Customer Id_H18758,-0.28020566523003776
Customer Id_H6481,-0.2803501196391177
Customer Id_H14232,-0.28044359986063877
Customer Id_H2094,-0.28094138408737984
Customer Id_H16291,-0.2811100737539066
Geo_Code_66172,-0.2811100737539066
Customer Id_H17250,-0.28117338858454966
Customer Id_H18912,-0.28129646717168033
Customer Id_H16559,-0.28130704541667745
Geo_Code_13081,-0.28172589710852836
Customer Id_H18013,-0.28178364190543587
Customer Id_H18695,-0.2818006761278944
Customer Id_H13017,-0.28217369701476575
Customer Id_H15874,-0.28248071705688566
Customer Id_H4284,-0.2825188430840111
Customer Id_H17090,-0.28259782926648885
Customer Id_H19862,-0.2826105478432525
Customer Id_H3929,-0.2826376024082713
Customer Id_H17962,-0.2827269292857071
Customer Id_H14084,-0.2829973369990761
Customer Id_H5601,-0.2830713370941014
Geo_Code_44926,-0.2830713370941014
Customer Id_H14261,-0.28312263317712594
Customer Id_H6009,-0.28319653462187805
Customer Id_H13505,-0.28323362085173476
Customer Id_H14870,-0.2833359918994608
Customer Id_H13633,-0.2834128574514183
Customer Id_H15235,-0.28348308106386066
Customer Id_H15600,-0.28352163402819786
Customer Id_H2861,-0.2835997405007368
Customer Id_H4451,-0.2837626680012979
Customer Id_H17752,-0.28378977943962963
Customer Id_H337,-0.2840318287865753
Customer Id_H15114,-0.284191592580519
Customer Id_H19429,-0.2847682963640772
Customer Id_H7178,-0.2848643993870823
Geo_Code_38298,-0.2848643993870823
Customer Id_H18854,-0.2849672299604333
Customer Id_H4974,-0.2849858195665162
Customer Id_H16898,-0.2850018553405773
Customer Id_H17819,-0.2850595569087811
Customer Id_H4447,-0.28544380510336437
Customer Id_H14105,-0.2854849216973206
Customer Id_H12786,-0.28560550327389644
Customer Id_H7058,-0.28579426721885676
Customer Id_H18376,-0.2858259115437906
Customer Id_H16086,-0.28601163632762017
Customer Id_H3915,-0.2860457272580504
Geo_Code_77258,-0.286056243926849
Customer Id_H4314,-0.286056243926849
Customer Id_H18298,-0.2860928274092149
Customer Id_H18293,-0.2866019219528442
Customer Id_H12889,-0.28661691061980027
Customer Id_H7038,-0.2867227479158053
Customer Id_H3789,-0.28678827518707384
Customer Id_H19080,-0.2869454537151302
Customer Id_H15038,-0.2870624450250455
Customer Id_H267,-0.2870946397851115
Geo_Code_42207,-0.28712575040456023
Customer Id_H1651,-0.2871544374738322
Customer Id_H1499,-0.2874470727489046
Customer Id_H14527,-0.2875125883944459
Customer Id_H4064,-0.28776889231416775
Customer Id_H18674,-0.2878685851174017
Customer Id_H19306,-0.28787637382773207
Customer Id_H2525,-0.2880929996181057
Customer Id_H5243,-0.2881390774677617
Customer Id_H18268,-0.28826760173340377
Customer Id_H6830,-0.2884290286326326
Customer Id_H17935,-0.2884616822754278
Customer Id_H3989,-0.2884768950229314
Customer Id_H3554,-0.2885807221978112
Customer Id_H18215,-0.28860899574688237
Customer Id_H2060,-0.2887234183712328
Customer Id_H15941,-0.28873821678582284
Geo_Code_95563,-0.28877966657850734
Customer Id_H17119,-0.289065326400117
Customer Id_H3927,-0.2890992306996586
Customer Id_H15876,-0.28910152409613615
Customer Id_H303,-0.2891602980747378
Customer Id_H3271,-0.2893286336771751
Customer Id_H249,-0.2893820928995665
Customer Id_H18570,-0.28945581470149967
Customer Id_H19970,-0.2894840305427215
Customer Id_H5081,-0.28951492185061944
Customer Id_H18445,-0.28977614523567324
Customer Id_H4784,-0.29044588417947886
Customer Id_H1588,-0.2906421598459118
Customer Id_H14231,-0.2906667314608753
Customer Id_H5268,-0.290668698620489
Geo_Code_73920,-0.2906746849693147
Customer Id_H3827,-0.29076038791864633
Customer Id_H12670,-0.29102928815327184
Customer Id_H536,-0.2910872869274871
Customer Id_H15475,-0.29116169336066944
Customer Id_H4136,-0.29126766383010244
Customer Id_H2815,-0.29145211505087837
Geo_Code_34003,-0.29149497731122126
Geo_Code_28140,-0.29165586456092946
Customer Id_H5406,-0.2917265940144978
Customer Id_H5327,-0.2918031877593874
Customer Id_H12905,-0.29180650741769815
Customer Id_H5154,-0.29180908142274037
Customer Id_H4037,-0.2919431814366478
Customer Id_H4556,-0.2920311879178847
Customer Id_H6665,-0.292138334839218
Customer Id_H12991,-0.2921876238962415
Customer Id_H18414,-0.29221391040081474
Customer Id_H14249,-0.29226876258154183
Customer Id_H328,-0.29230906597078843
Customer Id_H6267,-0.2923373824457236
Customer Id_H18023,-0.2927415774209661
Customer Id_H18620,-0.29278127239259055
Customer Id_H17093,-0.29279195803231695
Customer Id_H14521,-0.29285276348790096
Customer Id_H17808,-0.2928820543925979
Customer Id_H16570,-0.29309128140037716
Customer Id_H7295,-0.29320827558790863
Customer Id_H16012,-0.2935776189614392
Customer Id_H2055,-0.29362796587740814
Customer Id_H4103,-0.2936899381800228
Geo_Code_74276,-0.2937790739451203
Customer Id_H15245,-0.2937790739451203
Customer Id_H5153,-0.29383069438971793
Customer Id_H2751,-0.29406408026819547
Customer Id_H148,-0.29411009660452836
Customer Id_H3691,-0.2941506378853567
Customer Id_H14907,-0.29451250673919305
Customer Id_H15791,-0.29484836601421094
Customer Id_H13347,-0.2949733737612943
Geo_Code_9261,-0.2949733737612943
Customer Id_H4905,-0.29501519913136776
Customer Id_H13945,-0.2950499071291011
Geo_Code_77118,-0.2951611895753418
Customer Id_H13516,-0.2951611895753418
Geo_Code_69264,-0.2951836112049749
Customer Id_H2313,-0.2952125762128577
Customer Id_H3673,-0.29524389294323417
Customer Id_H6657,-0.29529864000801026
Customer Id_H5634,-0.2952998889833536
Customer Id_H16045,-0.2953218516239054
Customer Id_H14640,-0.29542962070897155
Customer Id_H451,-0.2954897270001101
Customer Id_H14436,-0.29553679122852555
Customer Id_H18557,-0.29559315685009624
Customer Id_H6688,-0.2955983558738227
Customer Id_H4549,-0.2957439332192216
Customer Id_H3260,-0.29578493455558724
Customer Id_H2817,-0.2958349116730944
Customer Id_H18078,-0.29585000933481
Customer Id_H13725,-0.29603979953795895
Customer Id_H14948,-0.29618718217251244
Customer Id_H16298,-0.2964439476542398
Customer Id_H2415,-0.2964632154529572
Customer Id_H6988,-0.29672118076217924
Customer Id_H12635,-0.29676877431713056
Customer Id_H18794,-0.2972833316247436
Customer Id_H7263,-0.2974798014339957
Geo_Code_68166,-0.2974798014339957
Customer Id_H14980,-0.29752536489081605
Customer Id_H5279,-0.2975885348585884
Customer Id_H1632,-0.2976749833422956
Customer Id_H6516,-0.2978210983885106
Customer Id_H4189,-0.29794068003475477
Customer Id_H5216,-0.29803378635906647
Customer Id_H5844,-0.29809364237508595
Customer Id_H18594,-0.298102139279081
Customer Id_H19305,-0.29812071466872614
Customer Id_H12868,-0.29830365193428576
Customer Id_H678,-0.29842914732230075
Customer Id_H3053,-0.29873280651801726
Customer Id_H2745,-0.2989191703646858
Geo_Code_90039,-0.2991054085902517
Geo_Code_57751,-0.2991242542475546
Customer Id_H12883,-0.2991242542475546
Customer Id_H16902,-0.29913806593976666
Customer Id_H15229,-0.299242560105711
Customer Id_H15820,-0.299493026225514
Customer Id_H16276,-0.2995353080013071
Customer Id_H1526,-0.29954754413700757
Customer Id_H6505,-0.29955044064027836
Customer Id_H15379,-0.29961570871893184
Customer Id_H14032,-0.29962708021476797
Customer Id_H16860,-0.29962845183515324
Customer Id_H6563,-0.29964012150434455
Customer Id_H15067,-0.2998355871956536
Customer Id_H15315,-0.3001094080566775
Customer Id_H13984,-0.3001729545173073
Customer Id_H17271,-0.3002228296059897
Customer Id_H18698,-0.3004822524344257
Customer Id_H3106,-0.30052507068391937
Customer Id_H17649,-0.3007155992509932
Customer Id_H5267,-0.3008661100871473
Geo_Code_46102,-0.30088123565867353
Customer Id_H5782,-0.3009117490118962
Customer Id_H4783,-0.3009279746866366
Customer Id_H374,-0.3009926100943687
Customer Id_H16816,-0.30102149887569973
Geo_Code_57160,-0.30102149887569973
Customer Id_H3740,-0.30106178163009545
Customer Id_H4282,-0.3012333650008438
Customer Id_H1584,-0.3015297879689297
Customer Id_H15510,-0.3020936314053808
Geo_Code_34113,-0.30243421506800816
Customer Id_H7327,-0.3025553261521071
Customer Id_H18046,-0.3025703790148829
Geo_Code_13096,-0.3025901099635651
Customer Id_H16841,-0.30288159897765504
Geo_Code_92046,-0.3028996038079212
Customer Id_H4512,-0.3029458389657988
Customer Id_H3850,-0.30312843399530837
Customer Id_H17876,-0.30316038944711576
Customer Id_H7068,-0.30328081830937026
Geo_Code_77470,-0.30355155866630806
Customer Id_H16923,-0.3035554891869845
Customer Id_H234,-0.3036591404560992
Customer Id_H14258,-0.3038828493929963
Geo_Code_38400,-0.3041846879983474
Geo_Code_56121,-0.3042730642710237
Customer Id_H4953,-0.3044926081958078
Customer Id_H16292,-0.30454597556282087
Geo_Code_38085,-0.3045589580401222
Customer Id_H7256,-0.3046027826912476
Geo_Code_90075,-0.30462285049950616
Customer Id_H14349,-0.3047850025392883
Customer Id_H1926,-0.3050755567422089
Customer Id_H6620,-0.30512198662008844
Customer Id_H13849,-0.305335206627613
Customer Id_H15085,-0.3055112004630128
Geo_Code_87085,-0.3056880654344266
Customer Id_H5839,-0.30574292648575563
Geo_Code_31203,-0.3057808919120372
Customer Id_H17560,-0.30590325877658164
Customer Id_H3958,-0.30595185386862284
Customer Id_H13469,-0.3059592912032312
Customer Id_H15375,-0.30598672029445984
Geo_Code_14338,-0.3063382571246188
Customer Id_H14408,-0.30637295900341543
Customer Id_H17544,-0.30642575190213905
Customer Id_H15811,-0.30654129105671657
Customer Id_H14648,-0.30706845685103723
Customer Id_H13649,-0.30708171424854364
Geo_Code_63308,-0.3071129962731682
Customer Id_H17318,-0.3071129962731682
Customer Id_H17293,-0.30718177415434367
Geo_Code_38006,-0.30718177415434367
Customer Id_H14402,-0.30718213677856027
Customer Id_H16600,-0.307253881427387
Geo_Code_74236,-0.30745983362008494
Geo_Code_78650,-0.30792551934820694
Customer Id_H3596,-0.30794635773634144
Customer Id_H444,-0.30828963559980255
Customer Id_H677,-0.30871233063283804
Customer Id_H3249,-0.30872665445830655
Customer Id_H16694,-0.30876063519133495
Customer Id_H17132,-0.30876849260194716
Customer Id_H3094,-0.3088513278395559
Customer Id_H17690,-0.3089351173517243
Customer Id_H13271,-0.30895594646109187
Customer Id_H17264,-0.30897941359448294
Customer Id_H7210,-0.30913987379056923
Customer Id_H18906,-0.30918544233192635
Geo_Code_2B353,-0.30945364782238527
Customer Id_H13900,-0.30945364782238527
Customer Id_H12886,-0.30959212979989487
Customer Id_H18228,-0.30963396274479205
Customer Id_H5712,-0.3098009995236372
Geo_Code_1305,-0.30981450600955796
Customer Id_H18765,-0.3103111849370378
Customer Id_H19857,-0.3106132038283469
Geo_Code_73304,-0.31062060347750087
Geo_Code_74104,-0.3106835417920605
Customer Id_H5655,-0.31089317708919584
Customer Id_H7372,-0.3111098782211452
Customer Id_H1355,-0.31134202219320634
Customer Id_H7299,-0.31139763891544964
Customer Id_H18581,-0.3115943993731032
Geo_Code_57757,-0.3115943993731032
Customer Id_H4022,-0.3118434675530848
Customer Id_H4184,-0.3118649854649998
Customer Id_H16848,-0.3119486119565817
Customer Id_H17783,-0.31212284289252085
Customer Id_H18865,-0.31238901198184615
Customer Id_H13685,-0.3125621987398636
Geo_Code_40273,-0.3127182896367487
Customer Id_H13251,-0.3127182896367487
Customer Id_H7279,-0.31278661424903054
Customer Id_H7169,-0.31282846814565723
Customer Id_H7422,-0.3128650102300901
Customer Id_H15864,-0.3128699628802607
Customer Id_H3189,-0.31288004298951694
Customer Id_H18045,-0.31288288627492894
Customer Id_H18676,-0.31292678815422503
Geo_Code_57412,-0.3129485499845965
Customer Id_H19221,-0.3129546563044587
Customer Id_H15709,-0.31315782626776617
Customer Id_H14909,-0.31324122233404605
Customer Id_H6585,-0.31342509228679677
Customer Id_H5030,-0.31351551767430275
Customer Id_H18022,-0.3135738254611873
Geo_Code_64160,-0.31379091547955595
Customer Id_H17338,-0.3138565721955607
Customer Id_H19433,-0.31393445309867246
Geo_Code_93007,-0.31393445309867246
Geo_Code_94071,-0.3139397780314192
Customer Id_H233,-0.31394685728527405
Customer Id_H4336,-0.3139683857980309
Customer Id_H6432,-0.3146416041241406
Customer Id_H3751,-0.3147154434220446
Customer Id_H15054,-0.31491305363200645
Customer Id_H6865,-0.3149843774275994
Geo_Code_74169,-0.3151922527061701
Customer Id_H17981,-0.31521688097481265
Customer Id_H6231,-0.3154803009688243
Geo_Code_13097,-0.31568475527658196
Customer Id_H17400,-0.31583552625231637
Customer Id_H16718,-0.31589274906169035
Customer Id_H2914,-0.31635845334921564
Customer Id_H16057,-0.31686205756391556
Customer Id_H18052,-0.31697761595296065
Customer Id_H18230,-0.31700882825818094
Customer Id_H6846,-0.31721994154762473
Customer Id_H5013,-0.31727544973062427
Customer Id_H6914,-0.3176707398998165
Customer Id_H14701,-0.3178323423626926
Customer Id_H14857,-0.3178674166566575
Customer Id_H7036,-0.31791945542085914
Customer Id_H3361,-0.3180497069869852
Customer Id_H15613,-0.3180834113485154
Customer Id_H1995,-0.3182437345414851
Geo_Code_77183,-0.3183334257763904
Customer Id_H6515,-0.31836805603991636
Customer Id_H19077,-0.3184544275250486
Customer Id_H6622,-0.3185659965735609
Customer Id_H5481,-0.31861505365306925
Geo_Code_43089,-0.31884910601241023
Customer Id_H3520,-0.3189136460845934
Customer Id_H17181,-0.3189265322150924
Customer Id_H18667,-0.31910043747962274
Customer Id_H5507,-0.3192598815053657
Customer Id_H350,-0.3192812566675795
Customer Id_H1849,-0.31937301096775295
Customer Id_H2748,-0.31937691175078325
Customer Id_H2749,-0.31937691175078325
Customer Id_H6229,-0.31975480631850134
Geo_Code_66171,-0.3198169917645017
Customer Id_H12661,-0.3198169917645017
Customer Id_H16275,-0.32011426150285843
Customer Id_H19094,-0.3201434903746231
Customer Id_H14031,-0.32018425843665543
Customer Id_H4587,-0.3201925074913379
Customer Id_H16007,-0.3202878105258929
Customer Id_H18612,-0.32062008648929374
Customer Id_H6316,-0.320887642500307
Customer Id_H13519,-0.32106298247433884
Customer Id_H18790,-0.3211104788258118
Customer Id_H13595,-0.3212176293143115
Customer Id_H18554,-0.3213698855981106
Customer Id_H3688,-0.3214080727736397
Geo_Code_80182,-0.3220032664349304
Customer Id_H7216,-0.3222242998233187
Customer Id_H18319,-0.3223898579602591
Geo_Code_54482,-0.3225809187972419
Customer Id_H17908,-0.3226294625600914
Customer Id_H12916,-0.3227917414210763
Customer Id_H15727,-0.322896030220133
Customer Id_H17578,-0.32312700325543653
Customer Id_H1530,-0.32330871654841836
Customer Id_H18778,-0.3234319993503412
Customer Id_H19565,-0.32362581836439375
Customer Id_H13809,-0.3239170794477558
Customer Id_H15606,-0.3239476698934676
Customer Id_H3362,-0.3240336507533944
Customer Id_H1805,-0.32414018274922607
Customer Id_H4026,-0.32421514658204925
Customer Id_H15549,-0.32425520805637637
Customer Id_H19485,-0.3244749850189613
Customer Id_H5425,-0.3244881375595662
Customer Id_H5456,-0.3245319048133586
Geo_Code_74119,-0.3246126602265925
Customer Id_H17306,-0.32468980857264756
Customer Id_H3089,-0.32478903676604126
Customer Id_H6896,-0.32482429652981354
Customer Id_H17216,-0.32507917269483144
Customer Id_H4087,-0.3252008512377047
Customer Id_H18284,-0.3255222022057882
Customer Id_H1927,-0.32566083026221565
Customer Id_H15942,-0.32566799019562614
Customer Id_H17950,-0.3257769320841161
Customer Id_H6230,-0.32579168089551513
Customer Id_H13124,-0.3260938321637693
Customer Id_H16717,-0.3261359650676944
Customer Id_H6586,-0.3261567295405298
Customer Id_H4548,-0.3266408075300738
Customer Id_H7028,-0.32668524557771905
Customer Id_H3687,-0.3269455159544258
Customer Id_H1902,-0.327116414151462
Geo_Code_2408,-0.32718920441750987
Customer Id_H401,-0.32719692705822745
Customer Id_H5019,-0.32744019858300755
Customer Id_H13080,-0.3274758077238483
Customer Id_H5012,-0.3274924562140165
Customer Id_H18797,-0.3276597112558232
Customer Id_H6913,-0.3279561431064016
Customer Id_H2684,-0.32802898259712115
Customer Id_H7007,-0.3280517378169133
Geo_Code_30125,-0.3280517378169133
Customer Id_H13065,-0.3280850860235872
Geo_Code_13022,-0.3280850860235872
Customer Id_H14040,-0.3281618323379929
Customer Id_H1552,-0.328217728297429
Customer Id_H16646,-0.3284685822057388
Customer Id_H3595,-0.32854595329736225
Customer Id_H2185,-0.3286380127084627
Customer Id_H17069,-0.3291644781337079
Customer Id_H6621,-0.32917743538884586
Customer Id_H17535,-0.329216979774341
Customer Id_H13398,-0.32954733680923926
Customer Id_H18619,-0.3296505726168813
Customer Id_H2630,-0.3297155285502917
Geo_Code_58095,-0.32980572603991837
Customer Id_H3543,-0.32983973662287724
Customer Id_H6954,-0.33028715775062456
Geo_Code_13209,-0.330371835405698
Geo_Code_6030,-0.33047983919152124
Customer Id_H6067,-0.3310927495570734
Customer Id_H18789,-0.33127785860712045
Customer Id_H5422,-0.33138635562467084
Customer Id_H2210,-0.33140210475244236
Customer Id_H13594,-0.33148904004136615
Customer Id_H531,-0.33151810294405526
Geo_Code_74243,-0.3318976059859657
Geo_Code_64140,-0.33193290743233267
Customer Id_H7450,-0.3321048644512127
Customer Id_H2858,-0.33238035402194305
Customer Id_H2946,-0.33257388373649555
Customer Id_H14015,-0.33280860873517987
Customer Id_H15895,-0.332948735937981
Geo_Code_73054,-0.33297959986489384
Customer Id_H13143,-0.33313994094859795
Geo_Code_31417,-0.33313994094859795
Geo_Code_74016,-0.3332868197373023
Customer Id_H14873,-0.33354913119355073
Customer Id_H19161,-0.3335920581391406
Customer Id_H16714,-0.3337286864686866
Geo_Code_41018,-0.3341702915946595
Customer Id_H16622,-0.3342700191510244
Customer Id_H16423,-0.33435773669994107
Customer Id_H7425,-0.33446106285720656
Customer Id_H5424,-0.334731920549295
Customer Id_H4942,-0.3348530612558887
Customer Id_H18956,-0.3350759188154496
Customer Id_H14747,-0.3352014389415668
Customer Id_H4755,-0.3352547954249183
Customer Id_H1367,-0.33554301935961905
Geo_Code_42279,-0.33585082215299406
Customer Id_H14350,-0.3360537523537871
Customer Id_H7276,-0.33605423698754217
Geo_Code_74083,-0.3361551028292939
Customer Id_H19725,-0.33624764269042656
Customer Id_H18283,-0.3363844932310712
Geo_Code_30341,-0.3366071461291632
Customer Id_H6710,-0.3368524606376864
Customer Id_H15422,-0.33707646631278876
Customer Id_H17097,-0.3371187179244795
Customer Id_H18002,-0.33724585188351425
Customer Id_H7027,-0.3373061674898529
Customer Id_H1369,-0.33796734424018293
Customer Id_H601,-0.33805210667825086
Customer Id_H13515,-0.3380717480067761
Customer Id_H4602,-0.33818644204933135
Customer Id_H16957,-0.3383621550153891
Customer Id_H18317,-0.3384370129328043
Customer Id_H543,-0.3388432847320473
Geo_Code_94060,-0.3389262216917728
Customer Id_H17155,-0.3389262216917728
Customer Id_H1900,-0.3390506428610293
Geo_Code_25388,-0.3391835118577807
Customer Id_H13091,-0.33924736465207445
Customer Id_H4878,-0.3393491910333793
Customer Id_H15656,-0.33945845433496596
Customer Id_H14116,-0.3395697386848144
Customer Id_H13435,-0.3396807986470483
Customer Id_H18948,-0.33998431886263797
Geo_Code_74033,-0.3399961126646914
Customer Id_H6228,-0.3400519454997544
Customer Id_H16540,-0.34008963914407403
Customer Id_H50,-0.3402559019870987
Customer Id_H1593,-0.340310190020881
Customer Id_H15337,-0.34052636387494384
Customer Id_H18493,-0.3405767100471226
Customer Id_H455,-0.3407436655884039
Customer Id_H2528,-0.3409766045821655
Customer Id_H17365,-0.34099850920358865
Customer Id_H16061,-0.3410471169117107
Customer Id_H12908,-0.34112570175223544
Customer Id_H6089,-0.3413115361347503
Customer Id_H5421,-0.3416277626503447
Customer Id_H5554,-0.3417110939489358
Customer Id_H6598,-0.34197447981931756
Customer Id_H7046,-0.34215883393231755
Geo_Code_67130,-0.3422295428002102
Customer Id_H7244,-0.34229692430206526
Customer Id_H17317,-0.3423220655801431
Customer Id_H7049,-0.3425325046503186
Customer Id_H6472,-0.3426430752352512
Geo_Code_78646,-0.3428249739641856
Customer Id_H15221,-0.34284017664807676
Customer Id_H4433,-0.342842644377922
Customer Id_H15894,-0.3430905459058248
Customer Id_H17009,-0.34309709842129776
Geo_Code_13078,-0.3436401045093417
Customer Id_H17984,-0.3437236764644374
Customer Id_H16399,-0.34414802090424723
Customer Id_H14292,-0.34417269567626607
Customer Id_H2144,-0.34424328412090494
Customer Id_H415,-0.34427440756249056
Customer Id_H18615,-0.3442927193996983
Geo_Code_95042,-0.3442927193996983
Customer Id_H17445,-0.3443400521590671
Geo_Code_73143,-0.3443400521590671
Customer Id_H14483,-0.3444000562456199
Customer Id_H1283,-0.34452432494272345
Customer Id_H17973,-0.34465429100332245
Customer Id_H16364,-0.3447865678617886
Customer Id_H18058,-0.3448222188466832
Customer Id_H14237,-0.34494352478539314
Customer Id_H4941,-0.34506587940617306
Geo_Code_83118,-0.3452552728617101
Customer Id_H4754,-0.34546193965577876
Customer Id_H4889,-0.3455584050173615
Customer Id_H16812,-0.34564483939996316
Customer Id_H15726,-0.34575858850910823
Customer Id_H6222,-0.34595099465326995
Customer Id_H1763,-0.34601771892894356
Customer Id_H15968,-0.34623549796279673
Customer Id_H16631,-0.346595639418254
Geo_Code_83152,-0.34687257161828094
Customer Id_H15410,-0.34688571352915365
Customer Id_H7325,-0.34714323069622116
Customer Id_H2086,-0.3475479436841734
Customer Id_H5420,-0.34802689323680047
Customer Id_H5715,-0.3483125662740075
Geo_Code_93015,-0.3483490196041795
Customer Id_H15985,-0.3487006219956774
Geo_Code_30007,-0.34873316696018125
Customer Id_H4571,-0.3487869734927439
Geo_Code_92026,-0.34905739139317216
Customer Id_H15860,-0.34983262486212796
Customer Id_H5838,-0.3501867706109456
Customer Id_H2755,-0.35023023044107204
Customer Id_H18661,-0.35023235003173175
Customer Id_H15698,-0.35042787243730084
Customer Id_H17812,-0.3505722535786501
Customer Id_H2083,-0.3507908207083126
Customer Id_H454,-0.35084132598118734
Customer Id_H16810,-0.3508484429020853
Customer Id_H18806,-0.3510596118650724
Customer Id_H4259,-0.35111322460548183
Customer Id_H5467,-0.3512868444649274
Customer Id_H5472,-0.35134078663267115
Customer Id_H16475,-0.3518214180184175
Geo_Code_74258,-0.3523125294382413
Customer Id_H3633,-0.35231602125112876
Customer Id_H17316,-0.35250434132220204
Customer Id_H18611,-0.3528691301167423
Customer Id_H16128,-0.35289018626154883
Customer Id_H19820,-0.3529693190421884
Customer Id_H15993,-0.3531380081956631
Customer Id_H18366,-0.3531663892814675
Customer Id_H18165,-0.3531998627376009
Customer Id_H13906,-0.3532007736826565
Customer Id_H18625,-0.3532325802675169
Customer Id_H18235,-0.35376148306797006
Geo_Code_3310,-0.3542335894272073
Customer Id_H6907,-0.35424928474379036
Customer Id_H2913,-0.3544088681831812
Customer Id_H12992,-0.3544490620756424
Customer Id_H6908,-0.3549467973272322
Customer Id_H2311,-0.3550044640029289
Customer Id_H5026,-0.35520136454738177
Customer Id_H13427,-0.3552024763067637
Customer Id_H7086,-0.3552477375307227
Customer Id_H7016,-0.35531896025745274
Customer Id_H728,-0.35540781872319194
Customer Id_H18995,-0.35548191610409186
Customer Id_H13501,-0.35656820877107304
Customer Id_H4378,-0.35675714248465357
Customer Id_H6581,-0.3572808138025384
Customer Id_H1522,-0.35759976838425894
Customer Id_H19946,-0.35771913807539907
Customer Id_H3528,-0.3577288904022211
Customer Id_H19112,-0.35781495650580886
Customer Id_H14941,-0.35782135284642985
Customer Id_H291,-0.35786789278112885
Customer Id_H13068,-0.35822819542474754
Customer Id_H3654,-0.3583488233353867
Customer Id_H14659,-0.35860639789678894
Customer Id_H6251,-0.3588408186741256
Customer Id_H6213,-0.35894481575898607
Customer Id_H17710,-0.3589984078536727
Customer Id_H1886,-0.35900531863084517
Customer Id_H15323,-0.3592919066739639
Geo_Code_94033,-0.3595881496402693
Customer Id_H5776,-0.35970964860710275
Customer Id_H62,-0.35970964860710275
Geo_Code_84089,-0.35976448080570445
Customer Id_H16689,-0.36015996773675235
Geo_Code_2B050,-0.36019544065834863
Customer Id_H6961,-0.3603934773909288
Customer Id_H4055,-0.36049981637044215
Customer Id_H4218,-0.36062611051694304
Customer Id_H6459,-0.36064988229793515
Geo_Code_92050,-0.36085797587751567
Customer Id_H19211,-0.36117195562421084
Customer Id_H17411,-0.36130761772878306
Customer Id_H5466,-0.3613970266574141
Geo_Code_57606,-0.3616792057386843
Customer Id_H17084,-0.36174885175126
Geo_Code_65282,-0.361874292032259
Customer Id_H16742,-0.3618903287391006
Customer Id_H15630,-0.36201437199346576
Geo_Code_42299,-0.36223317300171215
Customer Id_H2295,-0.36228460577874455
Customer Id_H6985,-0.36237534134278554
Geo_Code_11069,-0.36237534134278554
Customer Id_H4591,-0.3624695998875342
Customer Id_H4955,-0.3625178442055553
Customer Id_H6203,-0.3626854587656986
Customer Id_H5010,-0.3627713560880674
Geo_Code_36006,-0.36293950003775466
Customer Id_H17768,-0.3636477455120721
Customer Id_H17798,-0.36367606994999874
Customer Id_H3100,-0.36378061418720975
Geo_Code_64129,-0.3639073014855947
Customer Id_H4043,-0.3639291684186256
Customer Id_H14331,-0.36428834377405866
Customer Id_H14017,-0.3643391377486298
Customer Id_H16679,-0.36440799673817437
Customer Id_H16556,-0.3644172004167333
Customer Id_H13842,-0.36443783342481656
Geo_Code_91249,-0.36446844285824026
Geo_Code_35284,-0.3644728669624255
Customer Id_H18185,-0.3644936066797251
Customer Id_H15747,-0.3647919633407011
Customer Id_H6436,-0.3649360590701564
Customer Id_H4400,-0.3651557077220798
Customer Id_H14557,-0.36538790744614774
Customer Id_H16159,-0.3654674216384405
Customer Id_H5626,-0.36547762910586473
Customer Id_H18555,-0.3656298981949981
Customer Id_H15598,-0.3656355447388152
Customer Id_H1710,-0.36576436145382124
Customer Id_H15196,-0.36627330518577866
Geo_Code_93006,-0.3662784233487315
Customer Id_H14450,-0.3665655127446872
Customer Id_H19008,-0.3665916847601051
Geo_Code_75108,-0.3666545939441209
Customer Id_H14999,-0.3671142556433469
Customer Id_H15401,-0.3673244632084031
Customer Id_H4752,-0.36765297522564555
Customer Id_H18365,-0.3678336175225068
Customer Id_H2325,-0.3682625675269731
Customer Id_H15683,-0.3685575379443686
Customer Id_H16432,-0.36874569705032473
Customer Id_H13489,-0.3690606564459884
Customer Id_H15322,-0.369317734763439
Customer Id_H1509,-0.3693239489959093
Customer Id_H16916,-0.37059481369814284
Customer Id_H1354,-0.37065265714820256
Customer Id_H2422,-0.37089071965232423
Customer Id_H15438,-0.3709338871583546
Customer Id_H17937,-0.37125148074678155
Customer Id_H18969,-0.3713083474660287
Customer Id_H12907,-0.3713670489235231
Customer Id_H3926,-0.37178286702234525
NumberOfWindows_2,-0.37198873423522955
Geo_Code_5085,-0.3721677770952065
Geo_Code_13100,-0.3723452343358734
Customer Id_H15398,-0.37239276181098574
Customer Id_H2618,-0.37286170245432104
Customer Id_H16087,-0.3729126646618979
Customer Id_H15012,-0.3730608387639996
Geo_Code_69266,-0.3731804323251423
Customer Id_H4855,-0.3732617612789949
Geo_Code_59431,-0.3732617612789949
Customer Id_H16995,-0.3736206648546167
Customer Id_H4792,-0.3736422431809043
Customer Id_H15821,-0.37415346502442914
Geo_Code_89291,-0.37415346502442914
Customer Id_H16543,-0.3742557012747662
Customer Id_H15578,-0.3747611093112496
Customer Id_H16676,-0.37506450690988896
Customer Id_H15746,-0.3750941631068389
Customer Id_H17985,-0.375808492321145
Customer Id_H2158,-0.3759426576872194
Customer Id_H1494,-0.37615007189784117
Customer Id_H4034,-0.3763638372535685
Geo_Code_34037,-0.3768126019784475
Customer Id_H14191,-0.3768126019784475
Customer Id_H17655,-0.3772324628017885
Customer Id_H14428,-0.3776376250832408
Customer Id_H14108,-0.3779915575195568
Customer Id_H2324,-0.3781081823363734
Customer Id_H3567,-0.37815770475149396
Customer Id_H4937,-0.37824492537380544
Geo_Code_34172,-0.3785666338424723
Customer Id_H19175,-0.3791131721830537
Customer Id_H5180,-0.3794691612663304
Customer Id_H15042,-0.3797725532719538
Customer Id_H16081,-0.38023538077055646
Geo_Code_21171,-0.38024281024063833
Customer Id_H7381,-0.3803895832804059
Customer Id_H13210,-0.3804289457774082
Customer Id_H12718,-0.3809456369429447
Customer Id_H13048,-0.380956524408751
Customer Id_H17409,-0.3812122556438142
Geo_Code_74143,-0.3814432834633763
Customer Id_H5139,-0.3814911919008731
Geo_Code_78172,-0.3816072604903944
Customer Id_H12664,-0.3820055989979832
Customer Id_H2137,-0.38202408639668284
Geo_Code_74137,-0.3820706857352652
Customer Id_H6279,-0.3824642743278029
Customer Id_H13765,-0.3825056690388255
Geo_Code_53130,-0.3829179475596703
Customer Id_H5818,-0.38337634644196156
Customer Id_H15493,-0.38372523808606457
Customer Id_H15935,-0.3837523363727376
Customer Id_H13830,-0.38459255235402684
Customer Id_H13149,-0.384624017767353
Customer Id_H15745,-0.3849329121912807
Customer Id_H13341,-0.3850183928083256
Customer Id_H15294,-0.3851898617003271
Customer Id_H1353,-0.38555077983562597
Customer Id_H15041,-0.38596735729015197
Geo_Code_74298,-0.38606806705737745
Customer Id_H18499,-0.3862104051302141
Geo_Code_51108,-0.38630557243664526
Geo_Code_13207,-0.3863413008925589
Customer Id_H13607,-0.3864434196241755
Customer Id_H16808,-0.38672700524852943
Customer Id_H18828,-0.38672758987560324
Customer Id_H7234,-0.3868262605459672
Customer Id_H15281,-0.3869339750741031
Geo_Code_83090,-0.38704755504309163
Customer Id_H18242,-0.38705190529477546
Customer Id_H14791,-0.38722745480872633
Geo_Code_69385,-0.3873659860166035
Customer Id_H13509,-0.3879354304311848
Customer Id_H17931,-0.3883265249289392
Customer Id_H17419,-0.3884606829169266
Customer Id_H1508,-0.3887214385983154
Customer Id_H14412,-0.389264204513056
Customer Id_H13883,-0.389971417099571
Customer Id_H13209,-0.3901995683608617
Geo_Code_31186,-0.39034338823002235
Customer Id_H18054,-0.3904098790204735
Customer Id_H16428,-0.39043867133658466
Geo_Code_43137,-0.3904907760206777
Customer Id_H15436,-0.3906479316440711
Customer Id_H14916,-0.39102141881638086
Customer Id_H18968,-0.39125930011396176
Geo_Code_38547,-0.3913084051050077
Customer Id_H13526,-0.39148347281702756
Geo_Code_73132,-0.391520866011979
Customer Id_H18394,-0.3915749085079222
Geo_Code_40184,-0.3919820180646564
Customer Id_H2786,-0.392828969399482
Customer Id_H320,-0.39285069663548683
Customer Id_H18514,-0.392860302303646
Customer Id_H13022,-0.39295372491526676
Geo_Code_16374,-0.3932057320799421
Customer Id_H2919,-0.39349832528007184
Customer Id_H6141,-0.3936110848368227
Customer Id_H1586,-0.3940015964738401
Customer Id_H3833,-0.3941667246129459
Geo_Code_83047,-0.39446366857282317
Customer Id_H5188,-0.3947416317973759
Customer Id_H3281,-0.39489848811776784
Customer Id_H4825,-0.3953647418880739
Customer Id_H3564,-0.39544868200485395
Customer Id_H2157,-0.39548078007194865
Customer Id_H13129,-0.3955727209330311
Customer Id_H15194,-0.3956803607839238
Customer Id_H6064,-0.3959363637658273
Customer Id_H7274,-0.39649602018147695
Customer Id_H18221,-0.3965709931621048
Customer Id_H18491,-0.3970530233530017
Customer Id_H2708,-0.3976070125831243
Geo_Code_63014,-0.3976748487023707
Customer Id_H15978,-0.397972713874106
Customer Id_H2809,-0.3983027356858733
Customer Id_H3863,-0.398467665799447
Customer Id_H17816,-0.398472571648741
Customer Id_H17928,-0.39859080550811804
Customer Id_H14411,-0.3988415771443522
Customer Id_H1704,-0.3993225704758492
Customer Id_H17110,-0.3993459860433772
Customer Id_H17184,-0.39941273024169544
Customer Id_H18821,-0.39966451192399544
Customer Id_H16427,-0.40006944031769437
Customer Id_H4224,-0.40015645580085596
Customer Id_H16828,-0.40016677472086953
Customer Id_H15435,-0.40024943984066386
Customer Id_H13104,-0.40054826225951995
Geo_Code_26108,-0.400783331483919
Customer Id_H5744,-0.400783331483919
Customer Id_H6653,-0.40101500699806414
Customer Id_H15052,-0.4010361648867085
Customer Id_H18203,-0.40114641219280317
Customer Id_H17198,-0.4013544453789214
Customer Id_H5439,-0.40218468473506086
Customer Id_H15417,-0.40240628622396923
Geo_Code_5177,-0.40254134459224244
Customer Id_H3291,-0.40332672808664244
Customer Id_H13506,-0.40369530060612907
Customer Id_H16893,-0.4046211135985792
Geo_Code_89387,-0.4050031843563024
Customer Id_H6538,-0.40572915723475766
Customer Id_H1615,-0.406191778437537
Geo_Code_40209,-0.40625295880685214
Customer Id_H4751,-0.40632416639297503
Geo_Code_69091,-0.40683015244939524
Geo_Code_78490,-0.40717724663088506
Geo_Code_94015,-0.4073013646355773
Customer Id_H18312,-0.4073528306820393
Customer Id_H16959,-0.40748396101579043
Customer Id_H13674,-0.40858704505349835
Customer Id_H16343,-0.40864571943896133
Geo_Code_57283,-0.40923076299033706
Customer Id_H6163,-0.4096484958513033
Geo_Code_17299,-0.4097274783105607
Customer Id_H16797,-0.41053193767604135
Customer Id_H18935,-0.4109759889561508
Customer Id_H5438,-0.41161103645958436
Customer Id_H5241,-0.4122609498394024
Customer Id_H19204,-0.4122815490135483
Customer Id_H6440,-0.41237599556862586
Customer Id_H576,-0.4124054553707784
Geo_Code_21054,-0.41250917867208114
Customer Id_H6140,-0.4125896471036383
Customer Id_H18106,-0.4128559712459616
Customer Id_H4097,-0.41303498199475985
Customer Id_H15644,-0.4134157154481135
Customer Id_H18500,-0.4136444431435198
Customer Id_H14156,-0.4136908083100618
Customer Id_H6444,-0.41375969690526887
Customer Id_H16675,-0.4138677155006803
Customer Id_H14757,-0.4139642718158674
Geo_Code_42094,-0.4145263251876309
Geo_Code_64407,-0.41555749953243687
Customer Id_H13493,-0.4159263278643832
Customer Id_H13546,-0.4167475846097425
Customer Id_H18201,-0.41752620857996786
Customer Id_H18942,-0.4178984134731065
Customer Id_H16695,-0.4186793429281729
Customer Id_H17723,-0.418779731271704
Geo_Code_11266,-0.4191061287845118
Customer Id_H18202,-0.41986055557154317
Customer Id_H5014,-0.4202948136356258
Customer Id_H5816,-0.4205232082379327
Customer Id_H18059,-0.42102559410298995
Customer Id_H15505,-0.42104032229204064
Geo_Code_66124,-0.4210515499118898
Customer Id_H4488,-0.42139218603520495
Geo_Code_94042,-0.42153387878153065
Customer Id_H13871,-0.4217785046358442
Customer Id_H13709,-0.4220581974561779
Customer Id_H4096,-0.4222468189273516
Customer Id_H16246,-0.4223403074431912
Customer Id_H18438,-0.4224005288743825
Customer Id_H6507,-0.4224491624090183
Customer Id_H2309,-0.4239468186481839
Customer Id_H16255,-0.42398712343909845
Customer Id_H14552,-0.4240496564674895
Customer Id_H16011,-0.4258345189968019
Customer Id_H15635,-0.4260390693931361
Customer Id_H14287,-0.42647213814187857
Customer Id_H13485,-0.4266545152339823
Customer Id_H617,-0.4283487205262926
Customer Id_H17879,-0.42849365252993543
Customer Id_H204,-0.42852834517343247
Customer Id_H13550,-0.43015063891545496
Geo_Code_38269,-0.43018234412750583
Geo_Code_77152,-0.4310611999277795
Geo_Code_59368,-0.4311388344312364
Geo_Code_92064,-0.4315638462902765
Customer Id_H13381,-0.4316173096825436
Customer Id_H16112,-0.43175906135177994
Customer Id_H13552,-0.4320844609859933
Geo_Code_59340,-0.4321406995197074
Customer Id_H5308,-0.43263417907290874
Customer Id_H15457,-0.4329508196913078
Customer Id_H14046,-0.43318916457370077
Customer Id_H14551,-0.4333041918752393
Geo_Code_73013,-0.43379549387826716
Geo_Code_7324,-0.43398888366231253
Geo_Code_11202,-0.4342411024861914
Customer Id_H6647,-0.43468289018668727
Customer Id_H6275,-0.4347186083744203
Customer Id_H18934,-0.4347263504164619
Customer Id_H2317,-0.43505253563619034
Geo_Code_67180,-0.43532291545203095
Customer Id_H4736,-0.43536914904756263
Customer Id_H6660,-0.4353774042615008
Customer Id_H5529,-0.43584913184237795
Customer Id_H17990,-0.4364652494285877
Customer Id_H4429,-0.4366510599352624
Customer Id_H13499,-0.43715727464931986
Customer Id_H16113,-0.4383426781697987
Customer Id_H17263,-0.43888697081230943
Customer Id_H17086,-0.43889950990415844
Geo_Code_45232,-0.43889950990415844
Customer Id_H19065,-0.43896859258322035
Customer Id_H18263,-0.43941152056513716
Customer Id_H12679,-0.439757138321171
Geo_Code_66020,-0.4402714852317104
Customer Id_H1642,-0.4413905189909317
Customer Id_H15838,-0.44141282760635214
Geo_Code_92044,-0.4417986102042626
Customer Id_H3832,-0.44312802990557265
Geo_Code_94028,-0.4431674391772626
Customer Id_H13645,-0.4433144410353703
Customer Id_H15797,-0.44364188158237233
Customer Id_H16010,-0.4437246240594646
Customer Id_H4428,-0.44531877465811526
Geo_Code_25056,-0.44545080253750036
Customer Id_H16795,-0.4460983646203293
Geo_Code_74058,-0.4469701452908019
Customer Id_H16672,-0.44746731838130743
Customer Id_H5513,-0.44773428200320925
Customer Id_H18217,-0.44837312720555805
Geo_Code_38179,-0.4487010531017416
Customer Id_H1708,-0.44899638826952293
Geo_Code_83123,-0.44926868485404936
Customer Id_H5196,-0.4508523874863195
Customer Id_H17018,-0.4517218601428917
Customer Id_H15901,-0.45175468681827613
Customer Id_H17776,-0.4549194811170747
Customer Id_H18428,-0.4551854073336215
Customer Id_H16040,-0.4552381530959017
Customer Id_H18426,-0.4554282700868393
Customer Id_H6875,-0.4564648024784655
Customer Id_H18907,-0.45649345118902074
Customer Id_H4868,-0.45662023254188844
Customer Id_H13643,-0.4567199750821361
Customer Id_H15560,-0.4575058726694948
Customer Id_H18356,-0.45802747873219546
Customer Id_H1797,-0.45948954089934946
Geo_Code_74056,-0.46064533960573867
Customer Id_H16030,-0.4608069060461401
Customer Id_H17751,-0.4611570868055712
Geo_Code_25580,-0.4612478108681593
Customer Id_H14255,-0.4612478108681593
Customer Id_H2227,-0.461498244364052
Geo_Code_4112,-0.4617448391315285
Customer Id_H15819,-0.4620295016814764
Geo_Code_38511,-0.46233695104289124
Geo_Code_93066,-0.4630369677549377
Customer Id_H4562,-0.46354138574950265
Geo_Code_77249,-0.46354138574950265
Customer Id_H18174,-0.4640543418360394
Geo_Code_93008,-0.4640714641113387
Customer Id_H18034,-0.4642682860151911
Customer Id_H2797,-0.4643111497787212
Customer Id_H4004,-0.4644639815127197
Geo_Code_78640,-0.46446681073120194
Geo_Code_56260,-0.4661051178141412
Customer Id_H19106,-0.46755302573060536
Customer Id_H16116,-0.4676964622999358
Customer Id_H17829,-0.46843551254573845
Geo_Code_29232,-0.46857356185674703
Customer Id_H17750,-0.4693973944642559
Customer Id_H14139,-0.4737524233697709
Customer Id_H2129,-0.47421565270948884
Customer Id_H15836,-0.474315121076603
Customer Id_H17085,-0.475440672624255
Customer Id_H13667,-0.47581826461825677
Customer Id_H4328,-0.4761606569488261
Geo_Code_34129,-0.47669889184640607
Customer Id_H7193,-0.4768908356509803
Geo_Code_13005,-0.478126521951877
Customer Id_H17838,-0.4799661155901691
Customer Id_H16720,-0.48108512561151184
Customer Id_H5250,-0.4812809400518271
Customer Id_H17160,-0.4828945409297242
Customer Id_H19110,-0.4844175716697182
Customer Id_H15586,-0.4866659106828234
Geo_Code_64430,-0.48761642243180114
Customer Id_H1420,-0.48762838388521185
Geo_Code_77018,-0.4894360830638444
Geo_Code_39300,-0.4909537086939945
Customer Id_H5140,-0.4910748943000973
Customer Id_H18529,-0.49113336039448946
Geo_Code_38559,-0.4933319035022736
Customer Id_H2777,-0.49425813629396187
Customer Id_H3135,-0.49633339288859346
Customer Id_H4467,-0.496350221068484
Geo_Code_64545,-0.4969571801375282
Customer Id_H17960,-0.5017485797176537
Customer Id_H13777,-0.5038656064995248
Customer Id_H15873,-0.5052590741512145
Geo_Code_13104,-0.5053434697131529
Customer Id_H16637,-0.5074067608679821
Geo_Code_93032,-0.5077155338912883
Customer Id_H6938,-0.5081751643080674
Customer Id_H18891,-0.508458026248998
Customer Id_H16524,-0.5116420939182931
Geo_Code_26281,-0.5132313777309543
Geo_Code_33522,-0.5135309204168417
Geo_Code_94068,-0.5152760318266429
Geo_Code_6069,-0.5193874145885304
Geo_Code_34079,-0.5201429609298124
Customer Id_H17079,-0.5223467227764201
Geo_Code_67482,-0.5237784639740903
Customer Id_H3901,-0.5247171166060266
Customer Id_H15651,-0.5259924375743482
Geo_Code_65440,-0.5296183379105636
Geo_Code_38229,-0.529874889139415
Geo_Code_31506,-0.530804023890312
Customer Id_H14323,-0.5368889641431264
Geo_Code_83036,-0.537367113525082
Geo_Code_69386,-0.538638286113835
Geo_Code_54159,-0.5407256666948385
Geo_Code_6161,-0.54449482214048
Customer Id_H15213,-0.5461037215170874
Geo_Code_13211,-0.5465241272555441
Geo_Code_13215,-0.5546713818637682
Geo_Code_47069,-0.5579738539070717
Geo_Code_6136,-0.5604020350913946
Geo_Code_2B042,-0.5629542068616866
Geo_Code_40279,-0.5647148619748874
Geo_Code_92022,-0.5684958592258508
Geo_Code_92024,-0.5740629842683522
Geo_Code_2B033,-0.5803860799529584
Geo_Code_13047,-0.5846477616720266
Geo_Code_68297,-0.5851769660744252
Geo_Code_66130,-0.5900541373326792
Geo_Code_63124,-0.5913738588661186
Geo_Code_25356,-0.5935157192079723
Geo_Code_12300,-0.5942970340730471
Geo_Code_45155,-0.6024591831823856
Geo_Code_74133,-0.6151561671326556
Geo_Code_33200,-0.6153721350640936
Geo_Code_75111,-0.6192468400532843
Geo_Code_77169,-0.6265003113990801
Geo_Code_26198,-0.6268937426322889
Geo_Code_46042,-0.6335369309622902
Geo_Code_62193,-0.6357166643364908
Geo_Code_7186,-0.6402896542828919
Geo_Code_86041,-0.6485422792360843
Geo_Code_6123,-0.6497029350300528
Geo_Code_91161,-0.6512156461247647
Geo_Code_95210,-0.6545511829128727
Geo_Code_6121,-0.6588296201901798
Geo_Code_2A247,-0.660322527450333
Geo_Code_91432,-0.6647700242479538
Geo_Code_93078,-0.6686546187292393
Geo_Code_78383,-0.6867149935398905
Geo_Code_37261,-0.6912038338032513
Geo_Code_88196,-0.6923113560361417
Geo_Code_88383,-0.6957408910802318
Geo_Code_75112,-0.7010137356351966
Geo_Code_33318,-0.7015784481727955
NumberOfWindows_1,-0.7166293269557433
Geo_Code_65017,-0.7276275261460968
Geo_Code_83062,-0.7528148821460823
Geo_Code_67218,-0.7536016366966071
Geo_Code_63113,-0.7884043547473096
Geo_Code_38421,-0.8089163741534265
Geo_Code_42187,-0.8119852565902267
Geo_Code_83107,-0.853108688165248
Geo_Code_92073,-0.8635672705756815
Geo_Code_26058,-0.8701783427409961
Geo_Code_14488,-0.8889200384030831
Geo_Code_93045,-0.8945945886067277
Geo_Code_74042,-0.9292922701920452
Geo_Code_13214,-0.9484110942965113
Geo_Code_74173,-0.9517336152238232
Geo_Code_92009,-0.973329302257615
Geo_Code_51454,-0.9752790058407764
Geo_Code_75113,-0.9986380213616123
Geo_Code_19031,-1.0197715621738033
Geo_Code_6004,-1.0465630025680017
Geo_Code_74010,-1.233785948531252
