Feature,Importance
Building Dimension,0.12127783436340625
Date_of_Occupancy,0.04063947684550197
YearOfObservation,0.033184991357573815
Insured_Period,0.03049746706153387
Building_Type,0.021279202850387192
Residential,0.00913668866018278
Building_Painted_V,0.006596642590071976
NumberOfWindows_2,0.006205597487902096
NumberOfWindows_3,0.005136474064996057
NumberOfWindows_7,0.004472606678846454
NumberOfWindows_5,0.004450277096500805
NumberOfWindows_4,0.004331454216412225
NumberOfWindows_6,0.003625790124066229
Geo_Code_6088,0.003189835256310274
NumberOfWindows_8,0.003071507476064239
Geo_Code_33063,0.0028406309008414867
Garden_V,0.002826663265325991
Building_Fenced_V,0.0028011018537623445
Settlement_U,0.0026246675901879964
Geo_Code_6083,0.002474269400564693
Geo_Code_31555,0.002402945608243534
Geo_Code_63113,0.0023140456506968005
NumberOfWindows_>=10,0.002309255293260053
Geo_Code_13205,0.002227702284342664
Geo_Code_13206,0.002135834662232384
Geo_Code_75114,0.0020248607010653744
Geo_Code_13204,0.0019345257987549423
Geo_Code_35288,0.0019261279543659215
Geo_Code_42218,0.0017941280651318683
NumberOfWindows_9,0.001760812408382617
Geo_Code_13001,0.0017351013096684902
Geo_Code_92004,0.0017119085947753384
Geo_Code_75116,0.0016986117101944693
Geo_Code_Unknown,0.001665310011558425
Geo_Code_83137,0.0016566888930539731
Geo_Code_92051,0.0016547631875735288
Geo_Code_94067,0.0016504435432403738
Geo_Code_6104,0.0016432181752540193
NumberOfWindows_1,0.0016118558963755846
Geo_Code_38185,0.0015574509644068805
Geo_Code_54395,0.0015557367036862788
Geo_Code_64122,0.00155093915548829
Geo_Code_75118,0.0015026791957390674
Geo_Code_68278,0.0014818621489451986
Geo_Code_26362,0.0014719457559893695
Geo_Code_13201,0.0014604498356325093
Geo_Code_67482,0.001438676073431893
Geo_Code_74224,0.0014347489168313446
Geo_Code_75105,0.0014334889121875752
Geo_Code_75117,0.0014327030438175648
Geo_Code_34172,0.001429200155185
Geo_Code_86194,0.0014257457670920901
Geo_Code_62826,0.001398444461501074
Geo_Code_94068,0.0013814084736648775
Geo_Code_13207,0.001372198912173081
Geo_Code_74012,0.0013611623955838786
Geo_Code_92012,0.0013608920983017212
Geo_Code_13208,0.001360346886447311
Geo_Code_6012,0.0013442034465638315
Geo_Code_2A004,0.0013220785297617574
Geo_Code_13213,0.0013137757777850478
Geo_Code_44109,0.0013111827052454629
Geo_Code_63075,0.0013056632078240365
Geo_Code_64483,0.0012947276362231493
Geo_Code_36044,0.0012928941156048293
Geo_Code_75115,0.0012803422582522263
Geo_Code_21231,0.0012625795743581984
Geo_Code_13202,0.0012559710758027593
Geo_Code_59350,0.001234277569777233
Geo_Code_13203,0.001202976648819732
Geo_Code_66136,0.0012000077534198867
Geo_Code_95018,0.0011957751285199573
Geo_Code_34324,0.0011953532876819249
Geo_Code_51454,0.001172807945938821
Geo_Code_57463,0.0011719784027443558
Geo_Code_30133,0.001159507924512576
Geo_Code_64445,0.0011529048802411724
Geo_Code_34032,0.0011441481731549908
Geo_Code_83119,0.0011022718147377447
Geo_Code_73065,0.0010998596326616923
Geo_Code_10387,0.0010799041856793601
Geo_Code_83069,0.001051001362176524
Geo_Code_14118,0.001043693196400494
Geo_Code_92025,0.0010419175184439773
Geo_Code_83009,0.0010064133119305325
Geo_Code_43157,0.0009951706008058982
Geo_Code_75109,0.000983904785024309
Geo_Code_34902,0.000980210955539218
Geo_Code_64102,0.0009339496198423392
Geo_Code_64024,0.0009105218117122356
Geo_Code_94080,0.0008933483750788022
Geo_Code_6029,0.0008885119779392915
Geo_Code_93055,0.0008805988705620498
Geo_Code_92063,0.0008789941554271024
Geo_Code_29232,0.0008681625569024778
Geo_Code_62160,0.000867248700655352
Geo_Code_16015,0.0008626464373558807
Geo_Code_94037,0.0008279042428362297
Geo_Code_91174,0.0008257258007944776
Geo_Code_75120,0.0008225305983530377
Geo_Code_13209,0.0008181091930200668
Geo_Code_75119,0.0008161270686830148
Geo_Code_34301,0.0007991907302689342
Geo_Code_59599,0.000783286713039212
Geo_Code_69383,0.0007803629308955641
Geo_Code_76351,0.000778244719536795
Geo_Code_38544,0.0007736087859390307
Geo_Code_75112,0.0007645023437344483
Geo_Code_34108,0.0007515709217440591
Geo_Code_75106,0.0007342355767774866
Geo_Code_87085,0.0007310017000530259
Geo_Code_13063,0.00072770548650318
Geo_Code_13071,0.0007166611020317429
Geo_Code_6159,0.0007134963266876838
Geo_Code_13210,0.0007075756608647767
Geo_Code_92035,0.0007002433598288976
Geo_Code_94002,0.0006955236758900886
Geo_Code_83129,0.0006942987227314313
Geo_Code_30189,0.0006734242666720046
Geo_Code_94052,0.0006723254041823245
Customer Id_H3906,0.0006663855324191589
Geo_Code_13021,0.0006625381298276261
Geo_Code_95197,0.0006584464068521644
Geo_Code_62108,0.0006583203200235229
Geo_Code_84007,0.000657212632889678
Customer Id_H14900,0.0006561942049320335
Geo_Code_27229,0.0006531370365925981
Geo_Code_6004,0.0006500823371549148
Geo_Code_22282,0.0006487639513562644
Geo_Code_92026,0.0006471298680639747
Geo_Code_74056,0.0006470092158045979
Geo_Code_11262,0.0006443228963339463
Geo_Code_92044,0.0006432017974355515
Customer Id_H4833,0.0006413479960518643
Geo_Code_5023,0.0006397560283596883
Customer Id_H2335,0.0006366503802578932
Customer Id_H6224,0.0006357729666151093
Customer Id_H13422,0.0006323073168279542
Geo_Code_75113,0.0006309709973412989
Geo_Code_93048,0.00062919124535237
Geo_Code_76259,0.0006266386622617944
Customer Id_H13401,0.0006257457080841046
Customer Id_H2280,0.0006257337783471714
Customer Id_H4244,0.0006191967744423272
Geo_Code_92049,0.0006172003930162433
Geo_Code_74010,0.0006109066026547048
Geo_Code_38563,0.0006100039206373535
Customer Id_H14190,0.0006090326194723594
Geo_Code_6032,0.0005996869079756463
Customer Id_H2612,0.000595827969073513
Geo_Code_13004,0.0005949672849014414
Customer Id_H508,0.0005926640432470816
Geo_Code_58194,0.0005917372777282293
Geo_Code_80228,0.000591387760882967
Geo_Code_35093,0.0005887398294840153
Geo_Code_94058,0.000585694467497331
Customer Id_H13991,0.0005846189378235919
Geo_Code_83126,0.0005842517027642966
Customer Id_H5542,0.0005830419746802808
Geo_Code_94069,0.0005825309165600757
Customer Id_H4028,0.0005823859221279629
Geo_Code_94022,0.0005799949929811794
Geo_Code_19031,0.0005774222523417449
Customer Id_H14233,0.0005767732990971864
Geo_Code_83115,0.000574636956064685
Customer Id_H6402,0.0005720502769439332
Geo_Code_78423,0.0005713395108537258
Customer Id_H6946,0.0005644069924843257
Customer Id_H4578,0.0005616921731030254
Geo_Code_22054,0.0005616909317659283
Customer Id_H1433,0.0005611952534343495
Customer Id_H588,0.0005605683868600103
Customer Id_H3718,0.0005588933290978776
Customer Id_H7085,0.0005565746128077991
Geo_Code_63032,0.000554050344248036
Geo_Code_75107,0.000548778367935861
Geo_Code_62917,0.000548101973339198
Customer Id_H13702,0.0005439538716206252
Customer Id_H16449,0.0005436513816386006
Geo_Code_69091,0.0005431947682266548
Geo_Code_68271,0.0005416584867052115
Customer Id_H7119,0.0005390145424656287
Customer Id_H6957,0.0005387993803732132
Geo_Code_93031,0.0005386577833908493
Geo_Code_68004,0.0005383107965279088
Customer Id_H4344,0.0005382718339865854
Geo_Code_17306,0.0005333027745993359
Customer Id_H13361,0.0005303321322072598
Customer Id_H3879,0.0005253198870309832
Geo_Code_13056,0.0005249476115666552
Customer Id_H2141,0.0005223741787855951
Customer Id_H13813,0.0005221094708609447
Customer Id_H3116,0.000519932326222696
Customer Id_H1318,0.000519417505815998
Geo_Code_60159,0.000517721837908141
Customer Id_H6225,0.0005152975153729104
Customer Id_H4246,0.0005140033379379828
Customer Id_H4987,0.0005132662490503129
Customer Id_H3936,0.0005128535473905747
Customer Id_H3706,0.000512296793205693
Geo_Code_73015,0.0005118986333820678
Geo_Code_21054,0.0005102042983715537
Geo_Code_50218,0.0005080652638206839
Customer Id_H6669,0.0005069389049655383
Geo_Code_77243,0.0005069153452672098
Geo_Code_69069,0.0005062364195753746
Customer Id_H1844,0.0005054236146340866
Customer Id_H3218,0.0005043702718238934
Customer Id_H5163,0.0005029022225820543
Customer Id_H5964,0.0005028284425303956
Customer Id_H5384,0.0005023807092772994
Customer Id_H1480,0.0005023200734077564
Geo_Code_93077,0.000500905542064497
Customer Id_H3198,0.0005008104142134387
Geo_Code_94081,0.0004991819409581232
Geo_Code_92014,0.0004969963769053168
Geo_Code_84129,0.0004944820865527105
Geo_Code_78551,0.0004931539363192357
Customer Id_H4992,0.0004927901073163044
Geo_Code_59279,0.0004919286756607694
Customer Id_H17698,0.0004913782307878529
Customer Id_H4890,0.0004912550603915287
Customer Id_H5576,0.0004905620776675937
Customer Id_H7149,0.0004904526436648981
Customer Id_H589,0.0004889652656198091
Geo_Code_92050,0.00048703874168238805
Geo_Code_75108,0.0004867755336890984
Customer Id_H6185,0.00048656386635114845
Customer Id_H2489,0.0004854418560999659
Geo_Code_92040,0.0004819055896491794
Customer Id_H7417,0.0004798347744482251
Geo_Code_77288,0.00047496027455675306
Customer Id_H6239,0.00047492880214901616
Customer Id_H14344,0.00047460654349604497
Customer Id_H13359,0.00047408487068554487
Geo_Code_95500,0.00047395647704751064
Customer Id_H13268,0.0004731313563892944
Geo_Code_76217,0.0004722809051751025
Customer Id_H3883,0.00047130682950045585
Customer Id_H1273,0.0004707208351275547
Geo_Code_62201,0.00047047320011824197
Customer Id_H5142,0.0004693606832569885
Customer Id_H6635,0.0004670462739647199
Customer Id_H3777,0.0004658556439412754
Customer Id_H2222,0.00046522782183924886
Customer Id_H496,0.0004638762110069771
Customer Id_H13740,0.00046361657120097023
Customer Id_H5015,0.0004615316421914826
Customer Id_H2275,0.0004605772288936042
Customer Id_H13738,0.00046027086397783874
Customer Id_H1635,0.00045894044349858407
Geo_Code_74011,0.00045732319041838715
Customer Id_H5614,0.00045696686287179377
Customer Id_H6475,0.00045696525431719137
Customer Id_H5082,0.00045627967231589623
Geo_Code_64417,0.0004549005628096961
Customer Id_H19127,0.00045455960617244286
Customer Id_H5926,0.00045295706769303334
Customer Id_H672,0.0004526790309036217
Geo_Code_83042,0.0004522166093153475
Customer Id_H6869,0.00045178288928774345
Geo_Code_74213,0.00045154418411652645
Customer Id_H4944,0.00045135305219086674
Customer Id_H6294,0.0004510630436914419
Geo_Code_13039,0.0004505396799911832
Customer Id_H18435,0.00044978611473851695
Customer Id_H5211,0.0004497157609988771
Customer Id_H7001,0.0004490273985785864
Customer Id_H5205,0.00044875152076156115
Geo_Code_73317,0.0004466956630900634
Geo_Code_17300,0.00044512323604854173
Customer Id_H6513,0.000444079842152231
Customer Id_H14170,0.00044405927028326345
Customer Id_H2772,0.0004430002128073288
Geo_Code_56107,0.000442209912313651
Customer Id_H2241,0.0004418973430223493
Customer Id_H16925,0.0004416931924060481
Customer Id_H4365,0.0004410043705750734
Geo_Code_13106,0.00044024485241209903
Customer Id_H4413,0.00043984578270612513
Geo_Code_38169,0.0004393934127486603
Customer Id_H5293,0.00043936361393643155
Geo_Code_93051,0.0004392756125831596
Customer Id_H2346,0.0004381018991045462
Customer Id_H16496,0.00043717309434869846
Customer Id_H1895,0.0004370217087992586
Customer Id_H3793,0.0004367534493343844
Geo_Code_38229,0.0004367372313434487
Geo_Code_59183,0.0004366957471125253
Customer Id_H13529,0.0004365958083073059
Customer Id_H4148,0.0004362346335051917
Customer Id_H6407,0.00043618792257895604
Geo_Code_83098,0.00043575573773388073
Geo_Code_34192,0.0004356535771401186
Customer Id_H427,0.00043497901383724314
Customer Id_H3598,0.0004348569955516942
Customer Id_H18030,0.0004344424565858698
Customer Id_H6965,0.00043375496193845815
Customer Id_H3227,0.0004331270427575422
Customer Id_H4094,0.0004330918105239286
Geo_Code_34003,0.0004328631046268804
Customer Id_H4785,0.00043148111363588136
Customer Id_H17230,0.00043128148547583715
Customer Id_H4403,0.0004307366743004517
Customer Id_H4320,0.000430433642363364
Customer Id_H12644,0.0004290163402595803
Geo_Code_15014,0.00042869486153748607
Customer Id_H4957,0.00042866287169321426
Customer Id_H12902,0.00042832846715472745
Customer Id_H15685,0.0004261731673832919
Customer Id_H4891,0.00042578846487852166
Customer Id_H5433,0.00042514339699685515
Customer Id_H19044,0.0004250743851384611
Customer Id_H15775,0.0004237601067165153
Customer Id_H13107,0.0004237289821185573
Customer Id_H6331,0.00042286059887854663
Customer Id_H3947,0.0004228253967874788
Customer Id_H6870,0.00042281435149037623
Customer Id_H2343,0.0004220635954464108
Geo_Code_14220,0.00042171866454713376
Customer Id_H225,0.0004213619408981721
Geo_Code_62193,0.00042114439833246904
Geo_Code_38247,0.0004209953081404365
Customer Id_H17107,0.00041968589288539956
Customer Id_H5031,0.000419039607370123
Customer Id_H14041,0.0004190004370481062
Customer Id_H3877,0.00041841950755952024
Customer Id_H13694,0.00041812597177990615
Customer Id_H2611,0.00041633229631776194
Customer Id_H404,0.0004160749150814175
Customer Id_H13757,0.0004156453584884344
Customer Id_H4460,0.0004155890181451746
Geo_Code_77350,0.00041479944301100357
Customer Id_H16484,0.0004145045102623528
Customer Id_H13618,0.00041441225180108445
Customer Id_H4018,0.0004141951420010017
Customer Id_H595,0.00041387743752265997
Geo_Code_59421,0.0004136562547078583
Customer Id_H12846,0.00041353931692056616
Customer Id_H4851,0.00041293475226820595
Geo_Code_62571,0.0004126373542219485
Customer Id_H14795,0.0004120449177201962
Geo_Code_6027,0.0004119982812546198
Customer Id_H13289,0.0004118149128076439
Customer Id_H436,0.0004115181398509212
Customer Id_H12748,0.00041129700675532636
Customer Id_H17484,0.0004112820933642402
Geo_Code_95585,0.00041105118112661827
Customer Id_H6201,0.00040961661131057206
Customer Id_H6334,0.0004082096155780146
Customer Id_H5265,0.00040806292570148985
Customer Id_H4187,0.00040704205523810433
Customer Id_H3804,0.0004067476786128033
Geo_Code_78383,0.0004063635857942575
Geo_Code_78418,0.0004062378563737639
Customer Id_H3124,0.0004049282279534266
Geo_Code_92002,0.000404736665367189
Customer Id_H2704,0.00040419154882617443
Customer Id_H15580,0.00040417343084013583
Customer Id_H16438,0.0004041192608525946
Customer Id_H3081,0.0004039683527443216
Customer Id_H14409,0.00040284403428905783
Customer Id_H15297,0.0004022181181176759
Customer Id_H6723,0.00040193620245160456
Geo_Code_38416,0.00040155842003483807
Customer Id_H13128,0.0004013311375112931
Customer Id_H5915,0.0004009454257496172
Customer Id_H4740,0.00040012430292489884
Customer Id_H6335,0.00039969601524287316
Customer Id_H547,0.00039941361133479983
Customer Id_H289,0.00039883704982648016
Customer Id_H4387,0.000398620697139818
Geo_Code_93027,0.0003976870065961673
Customer Id_H3531,0.000397495236779168
Customer Id_H17267,0.00039748862965951424
Customer Id_H17289,0.00039700032503001565
Customer Id_H15507,0.00039637239038233836
Customer Id_H2444,0.00039627657826296023
Customer Id_H5607,0.0003962620389885063
Customer Id_H13726,0.00039599240131308494
Customer Id_H5492,0.00039492448081133053
Geo_Code_38931,0.0003939475304009423
Customer Id_H4799,0.0003931813272883196
Customer Id_H14908,0.0003929979071270496
Customer Id_H17551,0.00039176748160370825
Geo_Code_74070,0.000391715791757035
Customer Id_H14244,0.0003913701987490676
Customer Id_H7361,0.00039118652167562475
Customer Id_H13151,0.00039115087116487526
Customer Id_H3359,0.00039109254995237547
Customer Id_H13440,0.0003905636662410275
Geo_Code_14117,0.0003897163304802065
Customer Id_H13189,0.00038970348597840843
Customer Id_H1587,0.00038963299709372735
Customer Id_H19493,0.0003895448014866531
Customer Id_H18348,0.00038947742595928
Customer Id_H5016,0.00038940570452923704
Customer Id_H6996,0.000389021496711179
Customer Id_H551,0.00038773999637827184
Customer Id_H32,0.00038619361538950894
Customer Id_H13,0.0003861866395639389
Customer Id_H18103,0.0003860754139080812
Customer Id_H12966,0.0003855464391865286
Customer Id_H7281,0.0003854901747570539
Customer Id_H6390,0.00038544663193749453
Customer Id_H3841,0.0003846246044838023
Customer Id_H5491,0.0003842367841657823
Geo_Code_91326,0.00038415762444805933
Customer Id_H4742,0.0003836833451965201
Customer Id_H17266,0.0003833445902843752
Geo_Code_13216,0.0003832529830410887
Geo_Code_83048,0.0003824360017108459
Customer Id_H13574,0.00038175961676046726
Customer Id_H3812,0.0003815997609468547
Customer Id_H17241,0.00038151505249668383
Geo_Code_26166,0.00038138253163815043
Geo_Code_93070,0.00038063790158447095
Customer Id_H16085,0.0003803104472400589
Customer Id_H3749,0.00037965765846564143
Customer Id_H5733,0.0003792776775691881
Customer Id_H14203,0.0003792193538483998
Customer Id_H12704,0.00037887496298282745
Geo_Code_74173,0.0003783054819922011
Customer Id_H5686,0.00037786464517372396
Customer Id_H16849,0.0003770905500520938
Geo_Code_6157,0.0003770275143585389
Customer Id_H4390,0.0003764959634251516
Geo_Code_75111,0.0003764469959850237
Customer Id_H17402,0.00037620993464474416
Customer Id_H17951,0.00037526148798568566
Customer Id_H5608,0.0003751257476216717
Geo_Code_38567,0.0003750953297341553
Customer Id_H16602,0.0003748556306967082
Geo_Code_77514,0.00037467017492448203
Customer Id_H17510,0.0003744159364366258
Customer Id_H14413,0.0003741496630260586
Customer Id_H13369,0.00037379549910073655
Customer Id_H2366,0.0003736041788158314
Customer Id_H2338,0.00037357287437165453
Customer Id_H5840,0.00037328495046233165
Customer Id_H13687,0.00037307324029901124
Customer Id_H2250,0.00037271635820492274
Customer Id_H2895,0.0003724802554211168
Geo_Code_94004,0.00037198001739896486
Customer Id_H4522,0.00037160778212176534
Geo_Code_88075,0.0003715527826083054
Customer Id_H7355,0.00037146865842621336
Customer Id_H15446,0.00037010435159246625
Geo_Code_83061,0.0003695586110317894
Geo_Code_95306,0.0003691713580632093
Customer Id_H6547,0.0003681410628744052
Customer Id_H15371,0.00036813025590852743
Customer Id_H13701,0.0003679811602918194
Customer Id_H17834,0.0003669290030002726
Customer Id_H2355,0.00036672372556502143
Geo_Code_13047,0.00036654881994504856
Customer Id_H5237,0.0003664959609176589
Customer Id_H13194,0.00036619627451205296
Geo_Code_68154,0.00036608540808784497
Customer Id_H14531,0.00036566001465111536
Geo_Code_92032,0.00036452329294228605
Customer Id_H6109,0.0003645092561283871
Geo_Code_13054,0.00036374382807322184
Geo_Code_29151,0.00036367028870151156
Customer Id_H19810,0.00036288459566316994
Customer Id_H18647,0.00036284979887367315
Customer Id_H16606,0.0003621567338921359
Customer Id_H1276,0.0003601999668814418
Customer Id_H6780,0.0003601979102190055
Customer Id_H5310,0.0003598716287722419
Customer Id_H2733,0.00035987094517639216
Geo_Code_73004,0.0003597153450925853
Customer Id_H550,0.0003590769526084727
Customer Id_H17677,0.00035876533140529783
Customer Id_H17833,0.00035866157690406903
Customer Id_H16557,0.00035853240695950397
Customer Id_H2951,0.0003584664134401549
Customer Id_H16303,0.0003579031204641824
Customer Id_H17251,0.00035780161670598157
Customer Id_H6719,0.00035776860972040075
Customer Id_H13844,0.00035773695870597137
Customer Id_H6628,0.00035754195303957994
Customer Id_H4558,0.0003573781247439314
Customer Id_H18,0.0003570395789986651
Customer Id_H13148,0.00035696587200131734
Customer Id_H13512,0.000356940352659684
Customer Id_H4242,0.00035567911680906103
Customer Id_H741,0.00035566389881626093
Customer Id_H7145,0.0003556112613513509
Customer Id_H5131,0.0003551947164331867
Customer Id_H1903,0.0003546240899446646
Customer Id_H15420,0.0003542212066790192
Geo_Code_64422,0.00035420864156592106
Customer Id_H15104,0.0003541572484093447
Customer Id_H18387,0.00035394515032585966
Customer Id_H3811,0.00035326836495203876
Customer Id_H14359,0.00035257646794772815
Customer Id_H5306,0.00035193784861864863
Geo_Code_42187,0.0003519195794566996
Customer Id_H12650,0.0003515976276777466
Geo_Code_5177,0.0003509142754263886
Customer Id_H14348,0.00035051173456570315
Customer Id_H16129,0.0003504459220783799
Customer Id_H15120,0.0003502100829759677
Geo_Code_31480,0.0003498902148854292
Customer Id_H1808,0.0003494634502683729
Customer Id_H12815,0.00034815750666840063
Geo_Code_74270,0.0003480009970250833
Customer Id_H14886,0.00034790189842413605
Geo_Code_83068,0.00034757006720586333
Customer Id_H6318,0.00034745558580649954
Customer Id_H15520,0.00034745221846214653
Customer Id_H16805,0.00034633796109794954
Customer Id_H4763,0.0003458437465214634
Customer Id_H4102,0.0003455227628100036
Customer Id_H4015,0.00034536996344993425
Customer Id_H13387,0.00034527636714339283
Customer Id_H5970,0.0003452179695566429
Customer Id_H549,0.0003452068684929602
Geo_Code_92048,0.00034520302844022867
Customer Id_H414,0.00034422021669806916
Geo_Code_82121,0.00034413929272506894
Customer Id_H5146,0.000344057975730648
Customer Id_H5808,0.0003440237103347192
Geo_Code_93062,0.00034351859070585995
Customer Id_H18663,0.0003433354290920783
Customer Id_H2522,0.00034230268382743863
Customer Id_H13235,0.00034224819475108697
Geo_Code_90010,0.0003418800831232057
Geo_Code_76655,0.00034186577788755006
Customer Id_H3974,0.00034160603138679783
Customer Id_H14444,0.00034151691525976206
Customer Id_H18692,0.0003415163005879121
Customer Id_H4170,0.00034141883627631644
Customer Id_H2529,0.0003410573665771556
Geo_Code_73263,0.0003409691864162285
Customer Id_H15932,0.0003405175106493577
Customer Id_H18388,0.0003393129000228248
Geo_Code_74189,0.00033930954031141116
Customer Id_H13916,0.0003389301869847651
Customer Id_H15405,0.0003386842760340046
Customer Id_H18352,0.00033832004260156103
Customer Id_H3970,0.00033828768772913096
Customer Id_H14868,0.00033779296221817667
Customer Id_H1946,0.00033773127503278634
Customer Id_H17361,0.0003377127956484182
Customer Id_H17521,0.0003373395494907297
Customer Id_H16242,0.0003367150294430627
Geo_Code_81163,0.00033591072800361987
Customer Id_H3920,0.0003358185974424336
Customer Id_H17139,0.0003355952184244241
Customer Id_H280,0.00033556528813291083
Geo_Code_59482,0.00033550074825940476
Customer Id_H19084,0.0003354679310874805
Customer Id_H6081,0.0003354588350966276
Customer Id_H12742,0.00033534956705022967
Customer Id_H4183,0.0003352279335781435
Geo_Code_74225,0.0003350277604719886
Customer Id_H4040,0.00033495460428648635
Customer Id_H14813,0.00033468365300392557
Customer Id_H4143,0.0003345984785994198
Customer Id_H7113,0.0003345033944627425
Geo_Code_6079,0.0003342397295765652
Customer Id_H6976,0.0003340199807504562
Customer Id_H17083,0.0003337030784071257
Geo_Code_81004,0.00033317115032413937
Customer Id_H4504,0.0003328491984216408
Customer Id_H16834,0.0003327059674081805
Customer Id_H14824,0.0003321712488627881
Geo_Code_57427,0.00033168164666927755
Customer Id_H16069,0.0003315198146898853
Customer Id_H3029,0.0003314439886963351
Customer Id_H4767,0.00033053143683344074
Geo_Code_55545,0.0003303139363172868
Customer Id_H16843,0.00033024550774547935
Customer Id_H6578,0.0003301141514786544
Customer Id_H18237,0.00032970532455715135
Geo_Code_75103,0.0003285794124476755
Customer Id_H5579,0.00032844690108983944
Customer Id_H611,0.0003283142077425512
Customer Id_H15208,0.0003282544726804186
Customer Id_H17669,0.00032806058751334995
Customer Id_H3986,0.0003278121969734496
Geo_Code_6048,0.0003277610427028886
Customer Id_H2080,0.0003273115646403233
Geo_Code_83050,0.000326683025406297
Customer Id_H15976,0.000326665601704107
Geo_Code_60612,0.0003265006522292827
Customer Id_H3870,0.0003261330827358918
Customer Id_H3511,0.0003261063225455737
Customer Id_H5508,0.00032584974611032084
Customer Id_H13779,0.00032580357297229455
Customer Id_H6058,0.00032547561326850633
Customer Id_H14884,0.00032454485735160834
Geo_Code_83036,0.0003244760241561563
Geo_Code_91573,0.0003236951801431863
Geo_Code_75110,0.00032365394176547385
Customer Id_H15288,0.00032343778660212934
Geo_Code_57306,0.0003233074379644521
Customer Id_H2164,0.00032329872083392583
Customer Id_H15770,0.0003228914623021649
Customer Id_H3959,0.0003228215082249425
Geo_Code_54547,0.0003227334502688247
Customer Id_H2044,0.0003223351649121241
Geo_Code_68149,0.000321787372407887
Geo_Code_92009,0.0003216921931891484
Customer Id_H4108,0.0003214096676223584
Geo_Code_75104,0.00032118264525660996
Customer Id_H14438,0.0003211551426231439
Geo_Code_5004,0.0003205717636227319
Geo_Code_94041,0.00032022168181760924
Customer Id_H3262,0.00032005630218266565
Geo_Code_34088,0.0003198429575769443
Geo_Code_59426,0.00031962982618447255
Customer Id_H4506,0.0003194038293932521
Geo_Code_59163,0.0003192432017518889
Customer Id_H13644,0.0003191219716079542
Customer Id_H7159,0.0003186750063855939
Customer Id_H13969,0.00031773850985527716
Customer Id_H16623,0.0003172147296623255
Customer Id_H13898,0.0003170772344951292
Customer Id_H13917,0.0003165157949918973
Customer Id_H14512,0.0003165004342900804
Customer Id_H4695,0.0003157146949776212
Customer Id_H14495,0.00031525629081662315
Customer Id_H14117,0.0003152551418560129
Customer Id_H18340,0.00031518783894184636
Geo_Code_69259,0.0003150309882780595
Geo_Code_93001,0.00031482521579370785
Customer Id_H5356,0.0003143005084006373
Customer Id_H12711,0.00031362776561556614
Customer Id_H15897,0.0003135193378849802
Customer Id_H3634,0.0003131975278922034
Customer Id_H4370,0.00031304648045764035
Customer Id_H1652,0.0003122813660270601
Customer Id_H3107,0.00031167817166450457
Geo_Code_21278,0.00031143359915129543
Geo_Code_65388,0.0003113090070772526
Customer Id_H17587,0.00031112243307157333
Geo_Code_63070,0.0003105526896579447
Geo_Code_64189,0.0003105499338850395
Customer Id_H5042,0.000309403995830224
Customer Id_H15856,0.000309272815610446
Geo_Code_36046,0.0003083481441897405
Customer Id_H7305,0.00030827675895439083
Customer Id_H17158,0.00030826052554616933
Geo_Code_77053,0.00030787568147386436
Customer Id_H5098,0.0003076147079383617
Customer Id_H19634,0.00030703407280078447
Customer Id_H18568,0.0003066945800860604
Customer Id_H6871,0.0003066141480643372
Customer Id_H17357,0.00030578569167628855
Customer Id_H16122,0.00030575756919951666
Customer Id_H16170,0.0003057427363899327
Customer Id_H17133,0.0003053361997103802
Customer Id_H13441,0.00030524721585521063
Customer Id_H5582,0.000305195656772612
Customer Id_H18373,0.00030426614234019587
Geo_Code_56078,0.00030420315156332565
Geo_Code_78402,0.00030409335877570903
Customer Id_H15040,0.0003038911206818942
Geo_Code_68224,0.0003029552111960686
Geo_Code_74164,0.00030264301305617426
Customer Id_H16547,0.0003026203919383909
Customer Id_H364,0.0003025354498124821
Customer Id_H17019,0.00030251510953261307
Customer Id_H14162,0.0003014999924775693
Customer Id_H15702,0.00030114288224345213
Geo_Code_59512,0.0003006563215045729
Customer Id_H3003,0.00030061188617652956
Customer Id_H160,0.00030013784013478484
Customer Id_H7209,0.00029998872609742584
Customer Id_H14832,0.0002996135091792743
Geo_Code_78545,0.0002995378320753807
Customer Id_H19885,0.0002992359051590004
Customer Id_H5001,0.0002974105575597737
Customer Id_H7474,0.0002971155052731952
Customer Id_H18081,0.00029691622360129323
Customer Id_H17406,0.0002966972711828724
Customer Id_H2663,0.00029627627100482567
Geo_Code_4070,0.0002958492167690882
Geo_Code_44162,0.00029574884034819525
Customer Id_H6613,0.00029478095044431084
Customer Id_H14950,0.00029461348537147884
Customer Id_H6986,0.0002945186904275986
Customer Id_H4195,0.00029443703789298783
Geo_Code_12202,0.00029424306126932926
Geo_Code_38486,0.00029361738221638927
Geo_Code_73103,0.00029349574706151
Customer Id_H3248,0.0002934868149355781
Customer Id_H5535,0.00029341234051193717
Customer Id_H13560,0.0002927731362871255
Customer Id_H17345,0.00029260015544446715
Customer Id_H7324,0.00029180122430076243
Customer Id_H5147,0.0002917089453167257
Customer Id_H1553,0.0002917007754431123
Customer Id_H2288,0.00029145892081678884
Geo_Code_78481,0.00029136955287334805
Customer Id_H1528,0.0002909863165614769
Customer Id_H6113,0.00029065268400493784
Customer Id_H17175,0.00029013951856530996
Customer Id_H12938,0.0002899542624608379
Geo_Code_86062,0.0002899406108705502
Geo_Code_38314,0.00028983590364116055
Customer Id_H5329,0.0002897426216603512
Geo_Code_78124,0.00028961218572917
Customer Id_H3329,0.0002894617332426258
Geo_Code_74042,0.0002891303812183376
Customer Id_H3491,0.0002890766810661981
Geo_Code_83034,0.00028903142697877973
Customer Id_H14310,0.00028876174721106826
Geo_Code_38316,0.0002887012634496261
Customer Id_H2792,0.0002883811784780739
Customer Id_H17401,0.00028810882175458503
Customer Id_H647,0.0002876525264657453
Geo_Code_29019,0.0002874627662358839
Geo_Code_95598,0.0002874519189664606
Customer Id_H13457,0.00028718082062757674
Customer Id_H4339,0.0002870786668763202
Customer Id_H4973,0.0002864966315462505
Customer Id_H13956,0.0002864058439671125
Customer Id_H16344,0.0002858597407960524
Customer Id_H2051,0.0002857497598493427
Geo_Code_6030,0.00028574667552742515
Geo_Code_66037,0.0002854895356802123
Customer Id_H17025,0.00028543868543138244
Customer Id_H19715,0.00028540135485605645
Geo_Code_31042,0.0002849583848075017
Geo_Code_68142,0.00028495500139871365
Geo_Code_88160,0.0002846370848946172
Customer Id_H2920,0.00028436696522390605
Customer Id_H19355,0.0002834114361745004
Customer Id_H16855,0.00028334577766492427
Customer Id_H18984,0.0002830006391540344
Customer Id_H6083,0.00028290084944291834
Customer Id_H6350,0.0002827594493515519
Geo_Code_13092,0.0002825420997971857
Customer Id_H5121,0.000282519824714944
Customer Id_H16640,0.00028184460943134687
Customer Id_H1622,0.00028136192279885815
Geo_Code_27355,0.00028068219701366366
Geo_Code_49007,0.0002806000756720914
Geo_Code_43251,0.000280317383820165
Customer Id_H15017,0.000278831845493308
Geo_Code_93045,0.0002784134000650997
Customer Id_H4176,0.0002781065113792083
Geo_Code_19123,0.00027796509053555277
Geo_Code_1419,0.0002779638404279621
Customer Id_H13953,0.00027788164332948105
Geo_Code_93066,0.0002770858562579718
Customer Id_H15097,0.0002769465769515499
Customer Id_H3434,0.0002767008379025538
Customer Id_H6430,0.00027550942144235894
Customer Id_H12990,0.00027543738832583786
Customer Id_H18127,0.0002752668389633271
Customer Id_H14622,0.0002752337881926738
Customer Id_H6989,0.00027472829409175026
Geo_Code_67447,0.0002740409085948589
Customer Id_H14320,0.0002737806424516148
Customer Id_H6887,0.0002728575156284315
Customer Id_H18613,0.00027264806531780006
Geo_Code_77186,0.00027248680890576096
Customer Id_H5328,0.00027240355539538924
Customer Id_H16578,0.0002721969599045241
Customer Id_H17039,0.000271234587200229
Customer Id_H15971,0.00027115652034220996
Geo_Code_27299,0.00027080939920352023
Geo_Code_44184,0.0002706978326097584
Geo_Code_74018,0.0002706948648112464
Geo_Code_93049,0.00027047649709412586
Customer Id_H6483,0.00026994621187058197
Geo_Code_70285,0.000269757974839447
Customer Id_H14959,0.00026966697649420126
Customer Id_H4086,0.000269635466708257
Customer Id_H2823,0.0002694221229413688
Geo_Code_71270,0.0002689707456348797
Customer Id_H2154,0.0002687871070458052
Customer Id_H17134,0.0002679683402401713
Customer Id_H6273,0.0002675674109330426
Geo_Code_62119,0.0002673599821284192
Customer Id_H14660,0.00026731461310231257
Geo_Code_6123,0.0002672215260781683
Customer Id_H3305,0.00026699296581999225
Customer Id_H6409,0.00026690743342092104
Geo_Code_93029,0.0002661117986065187
Customer Id_H13656,0.00026602064349954364
Customer Id_H16260,0.0002660061151912994
Customer Id_H16919,0.000265579775387225
Geo_Code_94046,0.00026522250518365903
Geo_Code_76613,0.00026489132372438157
Customer Id_H1802,0.0002646980228096575
Customer Id_H18480,0.0002639876906236953
Customer Id_H1568,0.0002638581239254103
Geo_Code_92073,0.0002638267536586076
Geo_Code_38001,0.000263759483804051
Geo_Code_65059,0.00026355096686352927
Customer Id_H7252,0.00026351814673414455
Geo_Code_29046,0.0002634385053471275
Customer Id_H5669,0.00026333079452556967
Customer Id_H7262,0.0002628016705179497
Customer Id_H6252,0.0002624556642247048
Geo_Code_35238,0.0002618943653155102
Customer Id_H4945,0.00026172377292290136
Customer Id_H19042,0.000261346448526682
Customer Id_H3259,0.0002610210889781177
Geo_Code_92075,0.0002609083353268346
Customer Id_H338,0.0002607879891012933
Customer Id_H17330,0.00026066566763045075
Customer Id_H15875,0.0002606532446746323
Geo_Code_91016,0.0002605948678456828
Geo_Code_73306,0.00026044359500885183
Customer Id_H7294,0.00026034941465380787
Customer Id_H6813,0.0002602937965026085
Customer Id_H2671,0.000260237427700345
Customer Id_H18746,0.0002601831402836564
Customer Id_H4513,0.00025983906296811785
Geo_Code_57672,0.00025983072353465435
Geo_Code_7010,0.00025981831268184015
Customer Id_H13902,0.00025902369721535136
Customer Id_H18220,0.00025891722118879623
Geo_Code_33009,0.0002588993964428203
Customer Id_H18534,0.0002588787247384726
Customer Id_H6787,0.0002585780982310905
Geo_Code_73179,0.0002584466988187404
Customer Id_H2411,0.0002582967510262026
Customer Id_H18946,0.00025816579752725456
Customer Id_H5372,0.0002578435224282376
Geo_Code_60141,0.00025773063551404413
Customer Id_H6096,0.00025739399304478515
Geo_Code_83118,0.00025727383207474453
Customer Id_H3407,0.00025716693356717476
Customer Id_H19075,0.00025691619428051175
Customer Id_H15833,0.00025666302529377046
Geo_Code_69266,0.0002565192108105077
Customer Id_H5184,0.00025628911438201936
Customer Id_H4560,0.0002562506160444752
Customer Id_H15604,0.00025539827765532494
Customer Id_H5468,0.00025499635270040334
Geo_Code_78220,0.0002538881885611857
Geo_Code_42147,0.00025372841162660075
Geo_Code_38421,0.0002537164847978942
Customer Id_H6508,0.00025359669169062657
Customer Id_H19311,0.000252937532697749
Customer Id_H15503,0.00025276006679892494
Geo_Code_88196,0.00025272818289081607
Customer Id_H18940,0.0002523409195529474
Geo_Code_93010,0.0002521435078375139
Customer Id_H17557,0.0002520679973163602
Customer Id_H3474,0.0002519999132980712
Geo_Code_69382,0.00025171548809253363
Customer Id_H5447,0.0002516773665494488
Geo_Code_38538,0.00025150689078377983
Customer Id_H5305,0.0002512656607806944
Customer Id_H5321,0.0002510190229330443
Geo_Code_59378,0.0002505695068198484
Geo_Code_13077,0.0002504771008849022
Geo_Code_73137,0.00025045792535489784
Customer Id_H18270,0.00025027069937009566
Geo_Code_14437,0.00025010401631818337
Customer Id_H17972,0.0002497051733731353
Geo_Code_91589,0.0002494604394109091
Customer Id_H14494,0.0002492102475561394
Customer Id_H18026,0.00024911210662209143
Customer Id_H3847,0.0002487721150580959
Customer Id_H212,0.00024855093237653963
Customer Id_H2943,0.0002477877939207639
Customer Id_H16999,0.00024769962372551166
Customer Id_H15004,0.0002473376680886425
Customer Id_H17672,0.0002471094519681561
Customer Id_H15390,0.0002467836472425559
Customer Id_H16975,0.0002463923141224002
Geo_Code_95539,0.000245882409264492
Customer Id_H16461,0.00024560371343785697
Customer Id_H3209,0.0002453890831581339
Customer Id_H13710,0.00024438132182308587
Customer Id_H16811,0.00024409063362081687
Customer Id_H15046,0.0002440818097729864
Geo_Code_95428,0.00024397369476008218
Geo_Code_93071,0.00024390794354412832
Customer Id_H16956,0.00024296496597228838
Customer Id_H16986,0.00024263439284231907
Geo_Code_62261,0.00024259761646774506
Customer Id_H17670,0.00024236743937546457
Customer Id_H18844,0.00024199886226118736
Geo_Code_64249,0.00024124417902727697
Geo_Code_77487,0.00024112262659596893
Customer Id_H2727,0.0002410790284084318
Customer Id_H1466,0.0002408840946229218
Geo_Code_13214,0.00024064099818105273
Customer Id_H2014,0.0002405299880542566
Customer Id_H15681,0.00024021505939601846
Customer Id_H15320,0.0002400975727577021
Customer Id_H3574,0.0002400711687339279
Customer Id_H14942,0.00023985175648557442
Customer Id_H19381,0.0002397976071864917
Customer Id_H13907,0.00023974767864002957
Customer Id_H15152,0.00023924065370211993
Customer Id_H12787,0.00023914128691532557
Geo_Code_6069,0.00023894276294406845
Customer Id_H7264,0.00023861455333558363
Customer Id_H15064,0.00023856838153350524
Customer Id_H1422,0.00023839872647386673
Customer Id_H16691,0.00023783478855161387
Geo_Code_69388,0.00023779033556005913
Customer Id_H18798,0.00023752619017340472
Customer Id_H19081,0.00023747135156632082
Customer Id_H327,0.00023717288002206695
Geo_Code_69131,0.00023668721894996525
Geo_Code_92062,0.00023643462260052338
Customer Id_H1887,0.00023578733024227816
Geo_Code_1173,0.00023508922127909939
Customer Id_H5714,0.00023450942101851016
Customer Id_H16796,0.00023441954703901858
Customer Id_H63,0.0002340377628521223
Geo_Code_78442,0.00023370190775858909
Geo_Code_93073,0.0002333430594022165
Customer Id_H13626,0.0002333363709007184
Customer Id_H5011,0.0002331236906034634
Customer Id_H5903,0.00023276979539325286
Customer Id_H15144,0.00023266906072776916
Customer Id_H206,0.00023251921351677315
Geo_Code_2B033,0.00023230575080439257
Customer Id_H17168,0.0002320271925338828
Customer Id_H15920,0.00023178661513254632
Customer Id_H17333,0.0002312876393659682
Customer Id_H14627,0.00023126238037162887
Geo_Code_31282,0.00023121738847589992
Customer Id_H6059,0.0002309126101172821
Customer Id_H18472,0.00023024499887423273
Geo_Code_57480,0.00023010517502141547
Geo_Code_94071,0.00022988627853211092
Customer Id_H15499,0.00022922288493310044
Customer Id_H6727,0.00022917375461242563
Customer Id_H2457,0.00022830223793596536
Customer Id_H7222,0.00022824457437504682
Customer Id_H1925,0.000228037128590702
Customer Id_H18016,0.00022803170071794505
Customer Id_H18803,0.00022798461248642907
Customer Id_H4106,0.00022798036123716393
Customer Id_H1413,0.00022761644855747113
Customer Id_H14616,0.00022759049486264005
Customer Id_H3207,0.0002272325021578008
Customer Id_H13475,0.00022703164198687633
Customer Id_H6799,0.00022646180544057276
Customer Id_H5263,0.0002264494764674783
Customer Id_H13518,0.00022622322158525262
Geo_Code_45234,0.00022588678205091726
Geo_Code_91161,0.0002256937103896846
Customer Id_H15790,0.00022541677339716755
Geo_Code_42123,0.00022540330815386692
Customer Id_H2945,0.00022526626657900527
Customer Id_H3486,0.00022508169887608902
Customer Id_H3639,0.00022474547162771037
Customer Id_H17914,0.000224422623362268
Customer Id_H12669,0.00022408672807694104
Customer Id_H17848,0.00022388368531918549
Geo_Code_78688,0.00022385075308396218
Customer Id_H17111,0.00022382774322749312
Customer Id_H15022,0.00022379342961784782
Customer Id_H5029,0.0002237033822006458
Customer Id_H6629,0.00022358641764318662
Customer Id_H5296,0.0002233060302363665
Customer Id_H15756,0.0002232942720600378
Customer Id_H13723,0.00022324496904586554
Customer Id_H13482,0.00022286548718924732
Customer Id_H1714,0.00022266471442120814
Geo_Code_27056,0.00022215111114030114
Customer Id_H2459,0.00022214199739012684
Customer Id_H3503,0.00022211079640842675
Customer Id_H3864,0.0002220627576684022
Geo_Code_78646,0.00022185528286386907
Customer Id_H13774,0.00022181723594567152
Geo_Code_56121,0.00022143776959317445
Customer Id_H4295,0.00022114584669354523
Geo_Code_93063,0.00022104935242016888
Geo_Code_76719,0.0002209473952454358
Customer Id_H2495,0.0002209008666341457
Customer Id_H4099,0.0002207469868911803
Customer Id_H14734,0.00022047697362672942
Customer Id_H14461,0.00022026937364708578
Customer Id_H14619,0.00022018751008937346
Customer Id_H17911,0.00022011932814241044
Geo_Code_66182,0.00021955915291212627
Geo_Code_37261,0.00021922619094472435
Customer Id_H7087,0.00021911544769821387
Geo_Code_69297,0.00021897258272395964
Customer Id_H15269,0.0002187002572603053
Customer Id_H15357,0.00021824657067035023
Customer Id_H16696,0.00021819440166158136
Customer Id_H5240,0.00021707699407684283
Customer Id_H4030,0.00021691052839527752
Customer Id_H13905,0.00021689698740910083
Customer Id_H2820,0.00021662326807717617
Customer Id_H4819,0.0002164452743335372
Geo_Code_13066,0.00021523474401524082
Customer Id_H2760,0.00021486650834918038
Customer Id_H16165,0.00021464984489311803
Customer Id_H2136,0.0002143721391598301
Customer Id_H17997,0.00021420980189734796
Geo_Code_67218,0.00021413531580125343
Customer Id_H4435,0.00021375100562064632
Customer Id_H19428,0.00021314760412085784
Customer Id_H6587,0.00021314485814167053
Customer Id_H5570,0.00021300252395433001
Geo_Code_26058,0.0002128039015077741
Customer Id_H4680,0.000212640714710987
Customer Id_H5167,0.00021253792650987303
Customer Id_H13598,0.00021249264076442839
Customer Id_H5822,0.00021233683866164754
Garden_Unknown,0.00021229537072353356
Customer Id_H14994,0.0002119351734070056
Customer Id_H15934,0.00021164340355424405
Customer Id_H14157,0.00021160875948688168
Customer Id_H4290,0.00021150352616822865
Customer Id_H13936,0.00021146371446790552
Customer Id_H18042,0.00021145447542860924
Customer Id_H19160,0.0002114090567548408
Customer Id_H16770,0.000211048702828012
Customer Id_H699,0.00021089362265754345
Geo_Code_13117,0.00021052959613508128
Customer Id_H18776,0.00021015979750386036
Customer Id_H17552,0.0002100759721712699
Geo_Code_45285,0.00020936111779429545
Customer Id_H15135,0.00020928258841629063
Customer Id_H248,0.00020894707285782358
Customer Id_H14490,0.0002088653773677953
Customer Id_H17918,0.000208856576817647
Geo_Code_77407,0.00020863787284714093
Customer Id_H16726,0.00020818657189728584
Customer Id_H3734,0.00020808543391066228
Customer Id_H16036,0.00020805150793070542
Customer Id_H4252,0.00020802047556077585
Customer Id_H4485,0.00020794144267539388
Geo_Code_10362,0.00020784843247135222
Customer Id_H6452,0.000207552528436432
Geo_Code_14327,0.00020748252276818949
Customer Id_H4649,0.00020701000596641512
Customer Id_H3541,0.00020654505978068272
Geo_Code_6035,0.00020629903027844602
Customer Id_H17889,0.0002062367440187913
Customer Id_H725,0.00020600217704649744
Customer Id_H4818,0.0002059939055083814
Geo_Code_6120,0.00020584894252841167
Customer Id_H17123,0.00020573828505358898
Customer Id_H12850,0.00020571212594647462
Customer Id_H7207,0.00020569613344202512
Customer Id_H2944,0.0002056447550511216
Customer Id_H5494,0.00020558563776101754
Customer Id_H1724,0.00020525242883637592
Geo_Code_38534,0.0002051165078244447
Geo_Code_65017,0.0002050408041619871
Customer Id_H18040,0.0002047312392517223
Customer Id_H7118,0.0002045106817070587
Customer Id_H14972,0.00020440402080399694
Geo_Code_78455,0.0002042390593425898
Customer Id_H4786,0.00020420948748847042
Geo_Code_93078,0.0002040042671810338
Customer Id_H16842,0.00020365949813489135
Customer Id_H7288,0.00020356026337602502
Customer Id_H13971,0.00020340877738766596
Customer Id_H6809,0.00020329407480793968
Geo_Code_76540,0.0002029006106085388
Geo_Code_77169,0.0002028068700176317
Customer Id_H16965,0.00020280669149654076
Customer Id_H12969,0.00020265870188069084
Geo_Code_14488,0.00020263804341948496
Customer Id_H16966,0.00020249286796297116
Customer Id_H5705,0.0002023971594568853
Customer Id_H19931,0.00020219596536150624
Customer Id_H16869,0.0002020015057071088
Customer Id_H13979,0.00020182387732666258
Customer Id_H2802,0.00020143752974609668
Customer Id_H5127,0.0002011342464085927
Customer Id_H5755,0.00020111347368034944
Customer Id_H14887,0.00020090844214661074
Customer Id_H19909,0.0002007704477301925
Geo_Code_74256,0.0002004581581647444
Customer Id_H6906,0.00020009752558409992
Customer Id_H16583,0.00020007085075179784
Customer Id_H18415,0.00019970533297342842
Customer Id_H7458,0.0001995714982967795
Customer Id_H3463,0.0001989990120335741
Geo_Code_69294,0.00019862589168757967
Customer Id_H17851,0.00019861378758540774
Customer Id_H3206,0.00019834942907723114
Geo_Code_93064,0.0001983091939764247
Customer Id_H18300,0.00019794008586951464
Customer Id_H2490,0.00019781505685580327
Customer Id_H3490,0.0001978143839568946
Customer Id_H6788,0.00019780185919645663
Customer Id_H4264,0.00019776509336090795
Customer Id_H18227,0.00019760695842685965
Customer Id_H1614,0.00019744880145131368
Customer Id_H6033,0.00019742716252593945
Customer Id_H15813,0.0001973709056444941
Customer Id_H13572,0.00019715397163199073
Customer Id_H14047,0.00019712940793344786
Geo_Code_45155,0.00019651979164449516
Customer Id_H17749,0.00019638739074696372
Customer Id_H14798,0.00019625223845764507
Geo_Code_38034,0.00019619784668970647
Customer Id_H19140,0.00019590006453899114
Customer Id_H3096,0.000195792113816967
Customer Id_H15295,0.0001956117979842623
Customer Id_H1904,0.00019530695663133515
Customer Id_H2399,0.00019475022597327017
Customer Id_H2163,0.00019440803509677393
Customer Id_H16917,0.0001942000136858253
Geo_Code_73248,0.0001941703120720057
Customer Id_H4114,0.00019409849758230947
Customer Id_H16229,0.00019389107068100471
Customer Id_H17190,0.00019387307377766432
Customer Id_H12994,0.00019387307320674178
Customer Id_H7369,0.00019376524809649464
Customer Id_H1442,0.0001937635031358959
Geo_Code_78372,0.00019356189734878667
Geo_Code_91432,0.00019349428975202112
Customer Id_H6781,0.00019330282949570342
Customer Id_H1431,0.00019321315031339725
Customer Id_H17660,0.0001931897744712966
Customer Id_H17410,0.0001929135271698502
Geo_Code_74220,0.00019289068464239487
Customer Id_H15109,0.0001928554332309965
Geo_Code_38138,0.00019274137303525624
Customer Id_H7469,0.0001925285042199646
Geo_Code_74094,0.00019198446728388725
Customer Id_H13217,0.0001915202118468763
Customer Id_H16977,0.00019151462350366113
Customer Id_H14769,0.0001914314953291774
Customer Id_H1803,0.0001914194972782825
Geo_Code_54159,0.0001912626418008618
Customer Id_H13138,0.00019070399424412683
Customer Id_H14251,0.0001905956668390409
Customer Id_H14799,0.00019010274412124963
Customer Id_H6424,0.0001894933029506296
Customer Id_H18126,0.00018931001122947882
Customer Id_H15810,0.00018921311214061586
Customer Id_H4533,0.00018905278313270215
Geo_Code_77337,0.00018788371641037586
Geo_Code_77284,0.00018753948700008335
Customer Id_H18318,0.00018736086767612804
Geo_Code_31395,0.00018725834196707213
Geo_Code_77108,0.0001871039086183488
Customer Id_H17608,0.00018696672691431124
Customer Id_H6745,0.00018680712334020926
Customer Id_H15293,0.00018636334331514437
Customer Id_H3875,0.0001863090755197384
Geo_Code_69244,0.00018624769660693333
Customer Id_H17131,0.00018592584669901646
Geo_Code_42149,0.0001857702978432248
Geo_Code_94016,0.00018567766224244036
Customer Id_H15296,0.0001855657751639957
Customer Id_H16164,0.00018544814488486144
Customer Id_H17240,0.00018513884304438726
Customer Id_H18688,0.00018512182404465714
Customer Id_H5195,0.00018443108274632938
Customer Id_H1728,0.00018410638128980823
Customer Id_H13972,0.00018397734226483167
Customer Id_H4940,0.00018377329414922955
Customer Id_H1941,0.00018377256515539773
Customer Id_H2797,0.0001836732417040721
Customer Id_H1645,0.00018367039748461375
Customer Id_H16867,0.0001835866899363011
Geo_Code_83107,0.0001833754688098575
Customer Id_H12993,0.0001831720826294467
Customer Id_H7221,0.0001830085292634067
Customer Id_H16454,0.00018300216234634175
Customer Id_H5141,0.00018262260510910569
Customer Id_H13708,0.000182613010415855
Customer Id_H4402,0.00018217079837409546
Geo_Code_68056,0.00018206990652973516
Customer Id_H4673,0.00018173904021755717
Customer Id_H3586,0.00018129089404207404
Customer Id_H19677,0.00018124670972745848
Geo_Code_78513,0.00018082647705412464
Geo_Code_38151,0.00018080545674728854
Customer Id_H17910,0.00018078188935288634
Geo_Code_91201,0.00018073248910542998
Customer Id_H13650,0.000180567451123343
Customer Id_H4989,0.00018044168823563893
Customer Id_H6373,0.00017979343023588634
Geo_Code_66130,0.00017965976918740022
Customer Id_H14644,0.00017952173986787823
Customer Id_H2746,0.00017940962245739672
Customer Id_H1888,0.00017914479135106162
Geo_Code_9122,0.00017904788214177087
Geo_Code_88383,0.00017883800047580406
Customer Id_H17961,0.00017880896278040553
Customer Id_H12765,0.00017864791301035562
Geo_Code_77449,0.00017848681914059192
Customer Id_H1940,0.0001784572231387599
Customer Id_H4355,0.00017825027379160294
Customer Id_H14330,0.000178178150475168
Customer Id_H19427,0.00017813623980122756
Customer Id_H3416,0.00017791445258965574
Geo_Code_13212,0.00017788381315815647
Customer Id_H19452,0.00017775674528153765
Customer Id_H12735,0.00017771679507837184
Customer Id_H14326,0.0001775363675682258
Geo_Code_6155,0.00017697237852309675
Customer Id_H14689,0.00017689668570378093
Customer Id_H4949,0.00017679189386414433
Customer Id_H3492,0.00017664820047665698
Geo_Code_29058,0.00017654412048147232
Customer Id_H13016,0.00017651590958762313
Customer Id_H6003,0.00017644207301444179
Customer Id_H3638,0.00017620230406814724
Customer Id_H259,0.0001761539154876124
Customer Id_H13676,0.00017580491687812225
Customer Id_H18085,0.00017552917457197475
Customer Id_H17572,0.00017552086477232428
Customer Id_H6346,0.00017551337710090072
Geo_Code_83062,0.00017548216753621358
Geo_Code_30351,0.0001752524491973723
Customer Id_H609,0.00017523916653207087
Customer Id_H16638,0.00017511556108501338
Customer Id_H4032,0.0001747700264295041
Customer Id_H1335,0.00017475318702302439
Customer Id_H1385,0.00017450438226708376
Customer Id_H3114,0.00017437740813579055
Customer Id_H3527,0.00017423855739703766
Customer Id_H13503,0.00017411126932105066
Geo_Code_92020,0.000173935251945363
Customer Id_H4338,0.00017372263099255182
Geo_Code_2A130,0.00017333606863613146
Customer Id_H13015,0.0001730508285318337
Customer Id_H14282,0.00017265363941802354
Customer Id_H2954,0.0001726171227661845
Customer Id_H16794,0.00017257704360249066
Geo_Code_14341,0.0001724951949723699
Geo_Code_94033,0.0001724859744619007
Customer Id_H15287,0.0001724537258344919
Customer Id_H3556,0.00017236373007008054
Customer Id_H13749,0.0001723342004014268
Geo_Code_21617,0.0001723148970152874
Customer Id_H14225,0.00017231401188897105
Customer Id_H18668,0.0001721586808522869
Customer Id_H6167,0.00017213611786561978
Customer Id_H4401,0.00017210939372618868
Customer Id_H12982,0.0001719997932612241
Customer Id_H14468,0.0001718438205203054
Customer Id_H3965,0.0001718131398503023
Customer Id_H17524,0.00017167946249711403
Customer Id_H3093,0.00017099001214257022
Geo_Code_33318,0.00017085204753205797
Geo_Code_45282,0.00017085155321936062
Customer Id_H13053,0.00017073231841001644
Customer Id_H5375,0.00017059285667900194
Customer Id_H3798,0.0001703631215190689
Geo_Code_35024,0.00017021762586054954
Customer Id_H5248,0.00016995646839535104
Customer Id_H16204,0.00016965239082627467
Customer Id_H15694,0.00016952708298001256
Geo_Code_49353,0.00016952279805115708
Geo_Code_83900,0.00016938415425622088
Customer Id_H5272,0.00016931608766841387
Customer Id_H13553,0.00016930905908282007
Customer Id_H6800,0.0001692958279915515
Geo_Code_21515,0.00016910465398444703
Customer Id_H2882,0.00016888433519296248
Customer Id_H2698,0.0001685389134858374
Customer Id_H17880,0.00016847843683400688
Customer Id_H18251,0.00016820135158904622
Customer Id_H15349,0.00016812525817861684
Customer Id_H14723,0.00016774017435444886
Geo_Code_34023,0.00016749261895073015
Customer Id_H15061,0.00016727428194901613
Customer Id_H17665,0.00016726338925806463
Customer Id_H5545,0.0001669347088640138
Customer Id_H16099,0.00016687802288758904
Customer Id_H15423,0.00016682618482807634
Customer Id_H14657,0.00016675240480944198
Customer Id_H6379,0.0001667506516926297
Customer Id_H13575,0.0001659991139509408
Customer Id_H5719,0.00016593336512501792
Customer Id_H5652,0.00016588781846108719
Customer Id_H13049,0.00016545435897264977
Geo_Code_83065,0.0001654241239064285
Customer Id_H19095,0.00016514499836242955
Customer Id_H3566,0.00016509081341458293
Customer Id_H17566,0.0001649589100868506
Customer Id_H6042,0.00016494689810387265
Customer Id_H4668,0.00016489261591506998
Customer Id_H19151,0.0001643473929023255
Customer Id_H14489,0.00016423518560555357
Customer Id_H3848,0.00016413787934084308
Customer Id_H15824,0.00016397721121090228
Geo_Code_5061,0.00016395174447088852
Customer Id_H5025,0.00016370472519419856
Customer Id_H17543,0.00016359960184561922
Customer Id_H6146,0.00016343846863812195
Geo_Code_75102,0.0001632591464840373
Customer Id_H19414,0.0001631806909372155
Customer Id_H13145,0.00016283774440097856
Geo_Code_64260,0.00016202945195443482
Customer Id_H1420,0.00016188053136385476
Customer Id_H15650,0.00016161640282740097
Customer Id_H16178,0.00016156414628281504
Customer Id_H13484,0.00016154548332073727
Geo_Code_85060,0.00016143652829521724
Customer Id_H12745,0.00016141162626002705
Geo_Code_6011,0.00016130487521254092
Customer Id_H2806,0.0001608738883797351
Customer Id_H18311,0.00016072878340574342
Customer Id_H17707,0.00016063007277585371
Geo_Code_94019,0.0001606290055003157
Customer Id_H16569,0.00016041666938162245
Customer Id_H16108,0.00016028236361789446
Geo_Code_77327,0.00016023034343403328
Geo_Code_13119,0.0001601363186083899
Geo_Code_16102,0.00015961484230684068
Customer Id_H5280,0.00015952629338483406
Customer Id_H3994,0.00015943235797004956
Customer Id_H18816,0.00015930103063101317
Customer Id_H19034,0.00015902663853388385
Customer Id_H18545,0.00015885078551927196
Customer Id_H18509,0.00015846162016160128
Customer Id_H4021,0.00015824460091750975
Customer Id_H13504,0.00015821305037920828
Customer Id_H15195,0.00015815817889868112
Customer Id_H7059,0.00015795887195561335
Customer Id_H6785,0.0001579574759265925
Customer Id_H17664,0.00015780032827088155
Customer Id_H2177,0.00015779523500398927
Customer Id_H16706,0.00015778079950752686
Customer Id_H16951,0.0001576748645010543
Customer Id_H5171,0.0001574429700904248
Customer Id_H17932,0.0001570885825772563
Customer Id_H18766,0.0001568826998064222
Geo_Code_54184,0.00015661169958231875
Customer Id_H6460,0.0001564541580226024
Customer Id_H17291,0.00015644095268774332
Geo_Code_29105,0.00015640405124810124
Customer Id_H3320,0.00015628909894578981
Customer Id_H16607,0.00015626592286610281
Customer Id_H17869,0.00015612872052068915
Customer Id_H15986,0.00015612593482286117
Geo_Code_69241,0.00015605471779242457
Customer Id_H17630,0.00015585473315618255
Customer Id_H14990,0.00015584606776472855
Customer Id_H6246,0.0001558158893763184
Customer Id_H13147,0.00015567078105628617
Customer Id_H1492,0.0001556588807296658
Customer Id_H18316,0.00015542235544335162
Geo_Code_84137,0.0001550929391259199
Customer Id_H18084,0.00015505557142638275
Customer Id_H6654,0.00015493967132216476
Geo_Code_74293,0.0001548551598464045
Customer Id_H13873,0.00015475563001927491
Customer Id_H6962,0.00015457622814935912
Customer Id_H4258,0.00015428918558023325
Geo_Code_77464,0.00015409915758171088
Customer Id_H13545,0.00015409724925576039
Customer Id_H16228,0.00015386321893512918
Customer Id_H15453,0.00015386245178473636
Geo_Code_74281,0.00015381786197856561
Geo_Code_94018,0.00015376491547563315
Geo_Code_74087,0.0001536651594872758
Geo_Code_69387,0.00015363240020416612
Customer Id_H18232,0.00015341419823495757
Geo_Code_33281,0.00015337419324293336
Customer Id_H17634,0.00015318572185070038
Geo_Code_75101,0.00015314981968850622
Geo_Code_69385,0.00015303101939882516
Customer Id_H17994,0.0001526566895157182
Customer Id_H14046,0.00015212680928839556
Customer Id_H5194,0.00015211016180305585
Customer Id_H16065,0.00015185625059881282
Customer Id_H18231,0.00015174998879830128
Customer Id_H4113,0.00015158524380081548
Customer Id_H19354,0.00015155613469560025
Customer Id_H15588,0.000151554525690281
Customer Id_H18937,0.00015127140197280516
Customer Id_H12657,0.00015079483000443776
Customer Id_H12971,0.00015024186697030323
Customer Id_H13871,0.00015021893959877558
Customer Id_H378,0.00015012548831262761
Geo_Code_65440,0.000149995115521373
Geo_Code_92036,0.00014984922981507267
Geo_Code_95210,0.00014978920521097178
Customer Id_H3069,0.00014961271919657578
Geo_Code_74093,0.00014955600164952594
Geo_Code_74133,0.00014938571260636886
Customer Id_H16568,0.00014874494623709722
Customer Id_H2504,0.00014872654994682464
Geo_Code_59107,0.00014827535278310675
Customer Id_H5819,0.00014817557189998587
Geo_Code_11076,0.00014796325443598832
Customer Id_H15166,0.00014793162227826382
Customer Id_H5519,0.00014790716740860346
Geo_Code_92023,0.00014728910625731498
Customer Id_H4518,0.00014707836779137275
Customer Id_H16823,0.0001469962460863653
Geo_Code_38516,0.00014692365334036922
Geo_Code_33096,0.00014691138235836275
Customer Id_H17915,0.00014671302670758705
Geo_Code_56162,0.0001463872653004003
Customer Id_H1774,0.0001462323562341424
Customer Id_H15652,0.00014620567726575707
Customer Id_H14260,0.00014574821372568948
Geo_Code_6138,0.0001454582382375875
Geo_Code_44190,0.00014515227815258588
Customer Id_H16175,0.00014510917098043067
Geo_Code_31187,0.0001448442999131577
Customer Id_H3519,0.00014449939700362195
Customer Id_H16590,0.00014438474963351933
Customer Id_H13374,0.00014431124848973806
Geo_Code_73011,0.00014418894796022408
Geo_Code_94076,0.0001438720857101448
Customer Id_H17286,0.00014348165020369266
Customer Id_H6384,0.00014331148303794064
Customer Id_H1443,0.00014322244798473276
Customer Id_H13703,0.00014320311053579016
Geo_Code_42186,0.00014317347334638508
Customer Id_H17515,0.0001431056886465205
Geo_Code_17461,0.0001429821125629523
Customer Id_H19033,0.00014277288351137403
Customer Id_H5230,0.00014275901963119154
Customer Id_H19437,0.0001425364310846655
Customer Id_H18332,0.0001423196440251201
Customer Id_H205,0.00014200312601709306
Geo_Code_6070,0.0001419999766853664
Customer Id_H13499,0.00014188259407742673
Customer Id_H3759,0.00014173657580377177
Customer Id_H17732,0.00014172442533740814
Customer Id_H19858,0.00014149491272722655
Customer Id_H13088,0.000141297021701859
Geo_Code_13086,0.00014106346988039433
Customer Id_H5317,0.00014091916725767425
Customer Id_H13118,0.00014086607449242364
Customer Id_H5462,0.00014074386437003145
Geo_Code_93032,0.00014066036121567564
Customer Id_H16457,0.00014044457953538232
Customer Id_H2209,0.0001401001137832636
Geo_Code_59043,0.00013953390711427032
Geo_Code_63124,0.00013950052724206376
Geo_Code_31113,0.00013949639891631203
Customer Id_H4053,0.00013943212674428934
Customer Id_H6582,0.00013919587138331256
Customer Id_H14861,0.00013918732225941426
Customer Id_H19942,0.0001391542804186314
Customer Id_H13373,0.0001390914735187777
Geo_Code_94044,0.00013905367969042892
Geo_Code_33069,0.00013892203614331434
Customer Id_H17417,0.0001386812004474545
Customer Id_H3866,0.00013861788908013634
Customer Id_H16997,0.0001385509357723961
Customer Id_H13599,0.00013839369534663935
Customer Id_H19989,0.0001377202732135552
Customer Id_H7350,0.00013767145136219037
Customer Id_H16238,0.00013763817118359569
Customer Id_H19102,0.0001373623415188196
Geo_Code_25462,0.0001373350158451147
Customer Id_H3984,0.00013715153289019848
Customer Id_H4488,0.00013705757977339008
Geo_Code_14701,0.0001370116185347654
Customer Id_H18860,0.00013687940353108004
Customer Id_H18192,0.0001368223187639776
Geo_Code_74105,0.00013672764956211003
Customer Id_H15401,0.0001367260502495957
Geo_Code_74268,0.0001362931765869608
Customer Id_H17599,0.00013612391343677642
Customer Id_H15048,0.00013608302954552085
Customer Id_H6524,0.00013607193146076494
Geo_Code_28218,0.000135868903259004
Customer Id_H13681,0.00013575091882279475
Customer Id_H4429,0.00013559986342905257
Customer Id_H16677,0.00013541099720683862
Customer Id_H19117,0.0001347519596599291
Geo_Code_61483,0.00013439138180273952
Customer Id_H15505,0.0001337469327636343
Customer Id_H6445,0.00013369076834087088
Customer Id_H13333,0.00013348090037345765
Customer Id_H15093,0.00013343668659100488
Customer Id_H3733,0.00013308594856449617
Customer Id_H12675,0.00013273050386990412
Customer Id_H17016,0.00013272298818514455
Customer Id_H6728,0.00013261518750648575
Geo_Code_47069,0.00013241055754780687
Customer Id_H17832,0.00013235027467469148
Customer Id_H18424,0.0001323492909324652
Customer Id_H14712,0.0001319523462555006
Customer Id_H2078,0.0001317128111187218
Customer Id_H15237,0.00013159500613005095
Customer Id_H4163,0.00013154768039410302
Customer Id_H15560,0.00013101982389915448
Customer Id_H2400,0.00013094090119599933
Geo_Code_74305,0.00013093355610743852
Customer Id_H18829,0.0001306081140858984
Customer Id_H17343,0.00013041096948871047
Geo_Code_26198,0.00012996657347679383
Customer Id_H6064,0.00012990872756436442
Customer Id_H14247,0.00012988144779085435
Customer Id_H19627,0.00012977726062125806
Geo_Code_69282,0.0001297446811928495
Customer Id_H4428,0.00012951580222306545
Customer Id_H18107,0.0001288539468932478
Customer Id_H5657,0.00012883528898252974
Customer Id_H18683,0.0001283480827040467
Customer Id_H15978,0.00012813972383162258
Customer Id_H14323,0.0001281350185146619
Geo_Code_86041,0.00012806578327502095
Customer Id_H1629,0.00012788596261776973
Geo_Code_92024,0.00012760788118623586
Customer Id_H18907,0.0001275613013087721
Customer Id_H1441,0.00012738114029785095
Geo_Code_34129,0.00012721599933266772
Customer Id_H5309,0.00012718376039209337
Customer Id_H13819,0.00012712123641785912
Customer Id_H17514,0.0001270296744457728
Customer Id_H17776,0.00012682985850650025
Customer Id_H15540,0.0001268218533252445
Customer Id_H6991,0.0001266096689250158
Customer Id_H6647,0.00012650212018888585
Customer Id_H4115,0.00012643562992847827
Customer Id_H12802,0.0001262643014881773
Customer Id_H13842,0.00012623628620630505
Customer Id_H7097,0.00012618196518408492
Geo_Code_38318,0.00012579008373563198
Customer Id_H15437,0.00012572531796584583
Geo_Code_66124,0.0001256060094224642
Customer Id_H13937,0.00012551805207127793
Customer Id_H6609,0.00012551145670327958
Customer Id_H2695,0.00012536482457428942
Geo_Code_14365,0.00012517346675868996
Customer Id_H15504,0.00012504504457643483
Customer Id_H17431,0.00012496365447928925
Customer Id_H16994,0.00012491674334088375
Customer Id_H17079,0.00012464422905915688
Geo_Code_8409,0.00012458664644684673
Customer Id_H19098,0.00012455088052272786
Customer Id_H19814,0.0001245355438265121
Customer Id_H17585,0.00012408923676361406
Customer Id_H19018,0.0001240745053512407
Customer Id_H3135,0.00012405381906883264
Customer Id_H16713,0.00012400793909924477
Customer Id_H18769,0.00012396186588098997
Customer Id_H14485,0.00012391795080902163
Customer Id_H3983,0.00012389624339088077
Customer Id_H4737,0.00012382069152042972
Customer Id_H18106,0.00012371286675972755
Customer Id_H13765,0.00012367556810851085
Customer Id_H15436,0.00012367135563474426
Geo_Code_69202,0.00012364014335582968
Geo_Code_77018,0.00012356852395850574
Customer Id_H5196,0.00012341064517948496
Customer Id_H3294,0.00012334530014602307
Customer Id_H16809,0.00012281410776761697
Geo_Code_13211,0.0001226468844384023
Customer Id_H17565,0.00012261686610504023
Customer Id_H18517,0.0001225372884023066
Customer Id_H2777,0.00012224733977152168
Customer Id_H14700,0.00012222828821813796
Customer Id_H13645,0.00012210346540957593
Customer Id_H2781,0.00012201680202391
Geo_Code_74082,0.00012193904036824431
Customer Id_H13489,0.00012177408952609533
Customer Id_H5528,0.00012173267375481967
Customer Id_H5658,0.00012171120933420259
Customer Id_H18446,0.00012161716349740742
Customer Id_H17003,0.00012135415126949827
Geo_Code_92071,0.00012103002085727989
Customer Id_H6444,0.00012078860483482828
Geo_Code_69386,0.00012065867897972095
Geo_Code_31506,0.00012047562285860054
Geo_Code_69250,0.00012044886311017526
Geo_Code_5110,0.00012023111659168698
Customer Id_H4868,0.0001201846977802244
Customer Id_H17046,0.00012003159424243445
Customer Id_H19628,0.00011997143321712746
Geo_Code_33192,0.0001199143254384214
Customer Id_H12633,0.0001197466067422674
Customer Id_H6712,0.00011973287850195892
Customer Id_H15435,0.00011948547571466715
Geo_Code_2A247,0.0001194646109996124
Customer Id_H5308,0.00011921776962255946
Customer Id_H5438,0.00011910586202490234
Customer Id_H6660,0.00011908275704663595
Customer Id_H12679,0.0001190808289002446
Customer Id_H4821,0.00011907796166090436
Customer Id_H18355,0.00011902264326935949
Geo_Code_7186,0.00011892178853625265
Customer Id_H18286,0.00011887308913732362
Geo_Code_64348,0.00011855737841047916
Customer Id_H15734,0.00011850419274583961
Customer Id_H16586,0.0001184181764264846
Geo_Code_6121,0.00011802749203743562
Customer Id_H18164,0.00011792594911156749
Customer Id_H15219,0.00011791582279989554
Customer Id_H19480,0.00011786416570530386
Customer Id_H6166,0.00011784442473600313
Customer Id_H13569,0.00011741809539706845
Customer Id_H2421,0.00011731633734406005
Customer Id_H3897,0.00011702784312779782
Customer Id_H13552,0.00011662782007167586
Customer Id_H13777,0.00011660967922597213
Customer Id_H4077,0.0001165856279343113
Customer Id_H18530,0.0001164953512016765
Customer Id_H4328,0.00011647806037585611
Geo_Code_12300,0.00011641628940853446
Customer Id_H14066,0.00011640645568811243
Customer Id_H12928,0.00011640469706931937
Customer Id_H7229,0.00011622131486389393
Customer Id_H6607,0.00011610752186951197
Customer Id_H16010,0.00011569428294492177
Customer Id_H15579,0.0001156175166941499
Geo_Code_95063,0.00011557954863836931
Customer Id_H14139,0.00011555211424285146
Customer Id_H18060,0.00011549286830754129
Customer Id_H18891,0.00011532181415242671
Customer Id_H14331,0.00011526854572248286
Customer Id_H13472,0.0001152398751450263
Geo_Code_60172,0.00011499220377116696
Customer Id_H17815,0.00011442454183486007
Customer Id_H15475,0.00011441547358731832
Customer Id_H18646,0.00011428579594509473
Customer Id_H4674,0.00011413280653143574
Customer Id_H15651,0.00011410013474357384
Customer Id_H14298,0.0001137666390216292
Customer Id_H13983,0.00011373626774870648
Customer Id_H16675,0.00011373486851445455
Customer Id_H3819,0.00011372454029401551
Customer Id_H15032,0.00011370843467718536
Customer Id_H6440,0.00011365636248744155
Geo_Code_57368,0.00011352034658073984
Customer Id_H16525,0.00011303466473209747
Customer Id_H17655,0.00011287858940038214
Customer Id_H1905,0.00011284477580765804
Customer Id_H5241,0.00011262095208087859
Geo_Code_46042,0.00011240980206414165
Geo_Code_69290,0.00011217887702272657
Customer Id_H18171,0.00011216520340930956
Customer Id_H18123,0.00011208985161388574
Customer Id_H15881,0.00011197656369244855
Customer Id_H15212,0.00011173010360711884
Customer Id_H18500,0.00011163480633029327
Customer Id_H16241,0.00011153465430467355
Customer Id_H2227,0.0001114727933112292
Geo_Code_3190,0.00011142735138741888
Customer Id_H17661,0.00011078939631405578
Customer Id_H455,0.00011057962775802087
Customer Id_H17160,0.00011048378863247902
Customer Id_H5478,0.00011022978145572151
Customer Id_H15690,0.00010976322726203257
Customer Id_H17577,0.00010965254677340841
Customer Id_H14878,0.00010945324538838744
Customer Id_H12638,0.00010932070289608574
Customer Id_H17614,0.0001090834994126271
Customer Id_H18820,0.00010890730195201445
Geo_Code_13005,0.0001088191908970061
Geo_Code_29039,0.00010869185911281933
Customer Id_H18165,0.00010840774769289269
Customer Id_H5140,0.00010836372916109238
Customer Id_H6523,0.00010831959420056152
Customer Id_H5027,0.00010831888587186266
Customer Id_H15644,0.00010804295751212264
Customer Id_H17917,0.00010804016288599496
Customer Id_H5529,0.00010791762189921155
Customer Id_H16880,0.0001074643459139645
Customer Id_H4097,0.00010740874180420924
Customer Id_H13034,0.00010713371748345026
Customer Id_H13883,0.00010704063603411843
Customer Id_H12803,0.000106994371060958
Customer Id_H17928,0.00010698249802366295
Customer Id_H2809,0.00010695971372548953
Customer Id_H17105,0.00010693504132764029
Customer Id_H16810,0.00010675882771587458
Customer Id_H6142,0.00010670992174091002
Customer Id_H4400,0.00010657345892021648
Customer Id_H2800,0.00010652171114209243
Customer Id_H18174,0.00010647999921750551
Customer Id_H16766,0.00010646893481597253
Customer Id_H16271,0.00010629887278982411
Customer Id_H17030,0.00010590393785239125
Customer Id_H16648,0.000105898613321384
Customer Id_H3567,0.00010572553309114494
Customer Id_H18034,0.00010560671019124086
Customer Id_H13506,0.00010552682862951684
Customer Id_H18356,0.00010541689842034274
Customer Id_H15337,0.00010540834489301084
Customer Id_H5558,0.00010539598737105243
Customer Id_H18091,0.00010538668738517661
Customer Id_H15968,0.00010535081305429955
Customer Id_H15402,0.00010526513404827829
Customer Id_H4211,0.00010525706418130445
Customer Id_H19027,0.00010504026984301765
Customer Id_H17871,0.00010500246527701799
Customer Id_H3528,0.00010480317492333459
Customer Id_H16853,0.0001047552063076569
Customer Id_H18710,0.00010459324222677844
Customer Id_H15999,0.00010445231584488422
Customer Id_H4970,0.00010444800563473851
Customer Id_H16116,0.00010441030313225656
Customer Id_H15052,0.0001043823976004672
Customer Id_H19006,0.00010428944020743377
Customer Id_H15901,0.0001041220954890978
Customer Id_H2226,0.00010407901750073235
Customer Id_H17816,0.00010404193840711456
Customer Id_H15441,0.00010399690060287849
Customer Id_H3489,0.00010396191482552745
Customer Id_H4878,0.00010391721461508539
Customer Id_H14556,0.00010386740532530072
Customer Id_H4937,0.00010376233882758962
Customer Id_H14484,0.00010359335683856839
Customer Id_H12714,0.0001034736645155978
Customer Id_H2745,0.00010335824280982529
Customer Id_H18801,0.0001031206577538664
Geo_Code_38158,0.00010295342103281097
Customer Id_H18438,0.00010281192597725088
Customer Id_H2276,0.00010275248580317167
Customer Id_H15578,0.00010270641482295369
Customer Id_H17211,0.00010265004249073805
Customer Id_H7120,0.00010254145694303848
Customer Id_H15626,0.00010250627228796455
Customer Id_H3571,0.00010249048663269986
Customer Id_H16931,0.0001024175646465256
Customer Id_H1586,0.00010234921335231644
Customer Id_H16042,0.00010230242732958427
Customer Id_H3926,0.00010219929058857516
Geo_Code_66020,0.00010215168087898395
Customer Id_H4877,0.00010214684235761065
Geo_Code_68297,0.00010203039703318451
Customer Id_H2422,0.0001019727591128336
Customer Id_H17449,0.00010191242915943539
Customer Id_H6507,0.0001017469950581088
Customer Id_H16637,0.00010167915270473105
Customer Id_H15153,0.00010164606435680589
Customer Id_H4096,0.00010163976559415115
Geo_Code_91249,0.00010156827104513499
Customer Id_H1797,0.00010151607473133941
Geo_Code_73222,0.00010135253774215453
Geo_Code_59340,0.00010134847821917233
Geo_Code_73013,0.00010125613584987372
Customer Id_H18991,0.00010124338589731105
Customer Id_H18002,0.0001011920777653225
Customer Id_H13546,0.0001011360417188734
Customer Id_H17777,0.00010104553426892276
Customer Id_H18283,0.00010090228866006837
Customer Id_H15474,0.00010059318193379834
Customer Id_H13281,0.00010055353386072558
Customer Id_H6538,0.00010046053172551798
Customer Id_H4792,0.0001003726872181922
Customer Id_H4092,0.0001003529667750024
Customer Id_H17931,0.00010009214669503468
Customer Id_H2786,9.99714952685957e-05
Customer Id_H4475,9.994762581518256e-05
Customer Id_H17473,9.994378448210082e-05
Customer Id_H13893,9.993715667548983e-05
Customer Id_H19039,9.990101754402727e-05
Geo_Code_6136,9.985670928098159e-05
Customer Id_H17629,9.973384755728262e-05
Customer Id_H15438,9.972043242524264e-05
Customer Id_H13872,9.971182103003894e-05
Customer Id_H7096,9.966906409169426e-05
Customer Id_H5818,9.942003228833977e-05
Customer Id_H3652,9.93950734949314e-05
Customer Id_H18708,9.934762010470758e-05
Customer Id_H3782,9.931312294093097e-05
Geo_Code_78640,9.931140889901684e-05
Customer Id_H2750,9.920992981155295e-05
Customer Id_H19784,9.918145455302097e-05
Customer Id_H2327,9.913912142110859e-05
Customer Id_H15731,9.898985570320339e-05
Geo_Code_78490,9.894035542472723e-05
Customer Id_H1615,9.892522068660697e-05
Customer Id_H18198,9.879514244424568e-05
Customer Id_H6701,9.872829808918843e-05
Customer Id_H2060,9.861967921926368e-05
Customer Id_H17085,9.857600803768865e-05
Customer Id_H5250,9.846908359840257e-05
Customer Id_H19176,9.83230673574417e-05
Customer Id_H15041,9.818017574772308e-05
Customer Id_H4855,9.817729720049026e-05
Customer Id_H15194,9.816995996970086e-05
Customer Id_H7202,9.805850697553642e-05
Customer Id_H4034,9.793413541682507e-05
Customer Id_H13065,9.78710831866568e-05
Customer Id_H17314,9.775435523233735e-05
Customer Id_H14739,9.772085337573261e-05
Customer Id_H18898,9.770006855880203e-05
Customer Id_H16524,9.769953536357366e-05
Customer Id_H14873,9.76192458290384e-05
Customer Id_H7422,9.754137396188386e-05
Customer Id_H15823,9.753203013910877e-05
Customer Id_H15590,9.743152458826364e-05
Customer Id_H19110,9.715674609298555e-05
Customer Id_H7372,9.709480820481854e-05
Customer Id_H3635,9.705196519713531e-05
Customer Id_H19192,9.701571676571097e-05
Customer Id_H6961,9.682556319373193e-05
Customer Id_H18203,9.678446869806593e-05
Customer Id_H15294,9.674347206554337e-05
Customer Id_H1668,9.666139430007912e-05
Customer Id_H3832,9.661407833035753e-05
Customer Id_H18412,9.66072221817275e-05
Customer Id_H18281,9.651039004636554e-05
Customer Id_H16711,9.648916859034198e-05
Geo_Code_77373,9.64517297311271e-05
Customer Id_H13210,9.631304524558534e-05
Geo_Code_6161,9.608606425931799e-05
Customer Id_H15346,9.608380297614981e-05
Customer Id_H17674,9.583892439528093e-05
Geo_Code_78361,9.576065999316291e-05
Geo_Code_33200,9.574472551613102e-05
Customer Id_H18697,9.570711028053279e-05
Customer Id_H14550,9.5569489991409e-05
Geo_Code_95052,9.55036329314204e-05
Customer Id_H5439,9.548069907487241e-05
Customer Id_H12786,9.541469109642284e-05
Customer Id_H4055,9.530472699013248e-05
Customer Id_H617,9.510445555954299e-05
Customer Id_H7290,9.498203126357615e-05
Customer Id_H14467,9.49213133380826e-05
Customer Id_H7191,9.474860887462206e-05
Customer Id_H4004,9.472134925581386e-05
Customer Id_H4798,9.459478369538708e-05
Customer Id_H17863,9.457068181932332e-05
Geo_Code_67118,9.442699845094977e-05
Customer Id_H19100,9.432097964402568e-05
Customer Id_H16992,9.423235327369001e-05
Customer Id_H14350,9.412836991116517e-05
Customer Id_H3901,9.411154884441693e-05
Customer Id_H17244,9.406454383170634e-05
Customer Id_H19109,9.405955894035686e-05
Customer Id_H15836,9.389964601110105e-05
Customer Id_H13048,9.373748260837533e-05
Customer Id_H13766,9.364097630367208e-05
Customer Id_H15306,9.347294166643266e-05
Geo_Code_13104,9.342098013163844e-05
Customer Id_H19067,9.3408658577389e-05
Customer Id_H1642,9.336324916827734e-05
Customer Id_H17519,9.335666938967237e-05
Customer Id_H13485,9.330033620650872e-05
Customer Id_H5374,9.326278648954661e-05
Customer Id_H18201,9.325627977067668e-05
Customer Id_H16297,9.323887405593617e-05
Customer Id_H17388,9.312852456706991e-05
Customer Id_H14551,9.295503688860656e-05
Customer Id_H16112,9.290021121677315e-05
Customer Id_H16174,9.276243680589265e-05
Customer Id_H19002,9.263777505636924e-05
Customer Id_H17879,9.262152155992161e-05
Customer Id_H17472,9.257658787229845e-05
Customer Id_H15691,9.232244486225507e-05
Customer Id_H19828,9.224386703808559e-05
Customer Id_H16624,9.22205511758564e-05
Geo_Code_42183,9.21777829582251e-05
Customer Id_H15428,9.213841713889845e-05
Customer Id_H4531,9.153738683243012e-05
Customer Id_H17759,9.148686953861311e-05
Customer Id_H16128,9.145387318751635e-05
Customer Id_H18271,9.143213018283032e-05
Geo_Code_6033,9.138106780600213e-05
Customer Id_H19405,9.128999343890014e-05
Customer Id_H14321,9.127970073967954e-05
Customer Id_H16727,9.122997980972961e-05
Customer Id_H1657,9.118287874088851e-05
Geo_Code_71543,9.113392585601409e-05
Customer Id_H18003,9.113092060061827e-05
Customer Id_H7046,9.10282253774035e-05
Geo_Code_2B042,9.099461916084219e-05
Geo_Code_45232,9.087797216005347e-05
Customer Id_H15196,9.085130004334514e-05
Customer Id_H17571,9.071783852892057e-05
Customer Id_H15379,9.06365051384904e-05
Geo_Code_31069,9.05913338171987e-05
Customer Id_H14292,9.052606184354089e-05
Customer Id_H5556,9.05060399068723e-05
Customer Id_H17897,9.038586119959743e-05
Customer Id_H18892,9.032593384586458e-05
Customer Id_H4842,9.024466186312549e-05
Customer Id_H13906,9.019130849297118e-05
Customer Id_H14909,9.007670015981809e-05
Customer Id_H5010,8.993106726822702e-05
Customer Id_H13209,8.980966328969427e-05
Customer Id_H1530,8.961778364540146e-05
Customer Id_H15726,8.950212076512675e-05
Customer Id_H18935,8.943436975444397e-05
Customer Id_H6581,8.941528224517779e-05
Customer Id_H18263,8.940212923308796e-05
Customer Id_H14191,8.937195708844963e-05
Geo_Code_40279,8.93685807017334e-05
Customer Id_H18022,8.934578025220942e-05
Customer Id_H16255,8.923375296929597e-05
Customer Id_H4955,8.912578486630602e-05
Customer Id_H4672,8.90972587237119e-05
Geo_Code_42094,8.894126753314653e-05
Customer Id_H16742,8.887694955153234e-05
Customer Id_H403,8.887610976464832e-05
Customer Id_H18294,8.885534537366641e-05
Customer Id_H17271,8.879075484530288e-05
Customer Id_H15969,8.861591931071602e-05
Customer Id_H18362,8.853780887837403e-05
Customer Id_H16795,8.840924157830422e-05
Customer Id_H13643,8.831968693534744e-05
Customer Id_H7193,8.826716872864133e-05
Customer Id_H16828,8.823064282432957e-05
Customer Id_H17511,8.803862552761067e-05
Customer Id_H13667,8.797786258196572e-05
Geo_Code_77152,8.794938970576775e-05
Customer Id_H5013,8.786806667418087e-05
Customer Id_H2798,8.784165175962107e-05
Customer Id_H16714,8.780422962091911e-05
Customer Id_H18905,8.777772027171568e-05
Customer Id_H16374,8.774063019482717e-05
Customer Id_H17726,8.770030978568998e-05
Customer Id_H6875,8.765926553068312e-05
Customer Id_H16768,8.765557857205122e-05
Customer Id_H2748,8.763563292007564e-05
Customer Id_H12664,8.758650039429006e-05
Geo_Code_13215,8.755651804202185e-05
Geo_Code_33522,8.755316737476785e-05
Customer Id_H17009,8.748172404149138e-05
Geo_Code_77058,8.747108709226229e-05
Customer Id_H12661,8.745064132263173e-05
Geo_Code_93008,8.744179142622133e-05
Customer Id_H15406,8.738834128929017e-05
Geo_Code_16374,8.737333844813729e-05
Customer Id_H18306,8.726405506949687e-05
Customer Id_H17069,8.711976229482967e-05
Geo_Code_26108,8.709144410875609e-05
Customer Id_H17110,8.699327232268691e-05
Customer Id_H4512,8.683739117714768e-05
Customer Id_H1759,8.680752940662124e-05
Geo_Code_11069,8.678869701614747e-05
Customer Id_H14238,8.677342943442959e-05
Customer Id_H18507,8.676687846355974e-05
Geo_Code_40273,8.671507289415375e-05
Customer Id_H17750,8.668731564685976e-05
Customer Id_H3281,8.664000709161164e-05
Customer Id_H1494,8.662654417941092e-05
Customer Id_H16503,8.658264854126966e-05
Customer Id_H5150,8.64273125278775e-05
Customer Id_H14555,8.621989247287443e-05
Customer Id_H16410,8.613675931090699e-05
Customer Id_H18666,8.608437970336835e-05
Customer Id_H17192,8.608010035118201e-05
Customer Id_H3738,8.600744227267719e-05
Customer Id_H15816,8.585809391291593e-05
Customer Id_H17198,8.58136328638947e-05
Customer Id_H17086,8.577609972644519e-05
Customer Id_H16780,8.551901169094703e-05
Customer Id_H7381,8.551616433835958e-05
Customer Id_H17829,8.548474276226296e-05
Geo_Code_34079,8.545984523941398e-05
Customer Id_H14017,8.542620060607817e-05
Customer Id_H17204,8.533160079356284e-05
Customer Id_H14255,8.524470700036424e-05
Customer Id_H18058,8.508954587910641e-05
Customer Id_H17181,8.500669036945563e-05
Customer Id_H16409,8.489862128602222e-05
Customer Id_H18995,8.488659400874719e-05
Customer Id_H5601,8.48198497414124e-05
Geo_Code_94042,8.481810629591287e-05
Customer Id_H18514,8.474145742697598e-05
Customer Id_H13709,8.46885331006253e-05
Customer Id_H18202,8.467936399466182e-05
Customer Id_H18217,8.460437304179336e-05
Geo_Code_38298,8.451878615772015e-05
Customer Id_H7169,8.443726837454865e-05
Customer Id_H18455,8.441391556993717e-05
Geo_Code_83090,8.420940453821852e-05
Customer Id_H2603,8.419531867430666e-05
Customer Id_H16723,8.412707776692959e-05
Geo_Code_57160,8.3841642368796e-05
Customer Id_H18524,8.381925186955044e-05
Customer Id_H16370,8.380518122366613e-05
Customer Id_H7178,8.379996752083083e-05
Geo_Code_1160,8.359487896639279e-05
Customer Id_H17981,8.357167591630084e-05
Customer Id_H18794,8.353204540974003e-05
Customer Id_H17338,8.345921987801449e-05
Customer Id_H14659,8.34109719233808e-05
Customer Id_H18757,8.337203775297302e-05
Customer Id_H2708,8.32949042740223e-05
Customer Id_H18035,8.328910405259667e-05
Customer Id_H18934,8.322439351083099e-05
Geo_Code_92022,8.321804126810075e-05
Customer Id_H16081,8.29837672335131e-05
Customer Id_H19046,8.285601687989704e-05
Customer Id_H17778,8.285051340271905e-05
Customer Id_H17411,8.28000382146897e-05
Customer Id_H19106,8.271913780677685e-05
Customer Id_H16690,8.252457193945909e-05
Customer Id_H15873,8.246911604387846e-05
Customer Id_H13149,8.246874109927157e-05
Customer Id_H2640,8.246735807662904e-05
Customer Id_H17908,8.233446527431456e-05
Customer Id_H14156,8.231890683551183e-05
Customer Id_H6439,8.23068037419249e-05
Customer Id_H1849,8.222759437323461e-05
Geo_Code_27643,8.219620998141286e-05
Customer Id_H16959,8.20904806966755e-05
Customer Id_H18499,8.2078123015705e-05
Customer Id_H18828,8.202279392421414e-05
Customer Id_H19040,8.201436889277507e-05
Customer Id_H6067,8.185287101364146e-05
Geo_Code_38179,8.172227825614031e-05
Geo_Code_43137,8.166002597194264e-05
Customer Id_H17298,8.160252905866982e-05
Customer Id_H17167,8.152213100247503e-05
Customer Id_H14805,8.148431868726264e-05
Geo_Code_63014,8.135807063527316e-05
Customer Id_H16695,8.135771841503178e-05
Customer Id_H4467,8.133633576202251e-05
Customer Id_H6436,8.130282553184632e-05
Geo_Code_41018,8.125633549988545e-05
Customer Id_H16364,8.124177738517953e-05
Customer Id_H16741,8.116817098444037e-05
Customer Id_H454,8.113052364248158e-05
Customer Id_H16676,8.104891178820322e-05
Customer Id_H16030,8.102681494971128e-05
Customer Id_H3249,8.089612397088702e-05
Customer Id_H17409,8.07866334437038e-05
Customer Id_H6985,8.063734550206268e-05
Customer Id_H14411,8.047406327633975e-05
Customer Id_H2137,8.04717724100332e-05
Customer Id_H4433,8.045109411325231e-05
Geo_Code_25056,8.029539703175959e-05
Geo_Code_78208,8.02952548233369e-05
Customer Id_H15322,8.029462157868438e-05
Customer Id_H13427,8.027179810172954e-05
Customer Id_H6690,8.026752169064486e-05
Customer Id_H1886,8.012349121004153e-05
Customer Id_H17807,8.007863585100606e-05
Customer Id_H5420,8.006381540124293e-05
Customer Id_H14015,7.993212236282642e-05
Customer Id_H15679,7.975835519413469e-05
Customer Id_H5724,7.971644289142839e-05
Customer Id_H17905,7.971536309933789e-05
Customer Id_H18298,7.969720117442531e-05
Customer Id_H4825,7.964488437935932e-05
Customer Id_H13251,7.962856725858519e-05
Customer Id_H6598,7.938414633712351e-05
Customer Id_H1575,7.937187704618716e-05
Geo_Code_26064,7.929950717328841e-05
Customer Id_H15042,7.924965486651785e-05
Customer Id_H2144,7.921946085951335e-05
Customer Id_H19029,7.916028440119554e-05
Customer Id_H18054,7.90894117584157e-05
Customer Id_H17143,7.907310149639475e-05
Customer Id_H13526,7.906696658757816e-05
Customer Id_H18305,7.90390704197934e-05
Customer Id_H16816,7.900311316223298e-05
Customer Id_H18059,7.894824878944012e-05
Customer Id_H1593,7.893131659561377e-05
Customer Id_H16808,7.891105027657178e-05
Customer Id_H13597,7.88695941693198e-05
Geo_Code_94015,7.886921719151738e-05
Customer Id_H18784,7.880628808250835e-05
Customer Id_H7121,7.860090662487014e-05
Customer Id_H4259,7.848062316108043e-05
Customer Id_H15457,7.846051792389102e-05
Customer Id_H3189,7.829998171338072e-05
Customer Id_H15389,7.828585549601252e-05
Customer Id_H14941,7.826336607668396e-05
Customer Id_H1611,7.82559535179105e-05
Customer Id_H18221,7.823907778998751e-05
Geo_Code_25356,7.823708255041663e-05
Geo_Code_78172,7.817603777661992e-05
Geo_Code_77249,7.812583871869477e-05
Customer Id_H401,7.809663871239579e-05
Customer Id_H3554,7.79734114648864e-05
Customer Id_H17939,7.787737153516324e-05
Customer Id_H19045,7.785099269110793e-05
Customer Id_H13674,7.77398360448761e-05
Customer Id_H14565,7.772804023244248e-05
Customer Id_H14237,7.765940639715514e-05
Geo_Code_74058,7.76007588981474e-05
Geo_Code_93007,7.751326104212691e-05
Customer Id_H17263,7.732403532721748e-05
Geo_Code_44926,7.725753651576069e-05
Customer Id_H17306,7.707776303429029e-05
Customer Id_H16940,7.701395622872735e-05
Customer Id_H14287,7.69731755020033e-05
Customer Id_H16423,7.691458291288964e-05
Customer Id_H5626,7.690296189822599e-05
Customer Id_H6515,7.681988448702984e-05
Customer Id_H4253,7.678206696601986e-05
Geo_Code_95313,7.675515859217076e-05
Customer Id_H6908,7.664603738503343e-05
Customer Id_H18711,7.663804073695391e-05
Customer Id_H5026,7.659808731306355e-05
Customer Id_H17784,7.654166483367394e-05
Customer Id_H18235,7.650522026108399e-05
Geo_Code_25580,7.634865683729825e-05
Customer Id_H13488,7.631504950397162e-05
Customer Id_H13341,7.622042768223701e-05
Customer Id_H16797,7.62084616559893e-05
Customer Id_H18293,7.620789201534459e-05
Customer Id_H5467,7.61664549378649e-05
Customer Id_H2749,7.602128732511284e-05
Customer Id_H13849,7.597515027682144e-05
Customer Id_H17400,7.597359087322978e-05
Customer Id_H4474,7.593039502155954e-05
Customer Id_H13830,7.59095823583314e-05
Geo_Code_78297,7.586273979958875e-05
Customer Id_H14552,7.56192096180016e-05
Customer Id_H12832,7.559893748131693e-05
Customer Id_H19423,7.549498186605673e-05
Customer Id_H18734,7.546937981587697e-05
Customer Id_H15797,7.546414514922576e-05
Customer Id_H3716,7.545015432763795e-05
Customer Id_H576,7.542154394699542e-05
Customer Id_H17723,7.541016496039282e-05
Customer Id_H1616,7.537930075275421e-05
Customer Id_H5012,7.524148712909494e-05
Customer Id_H16113,7.515613417413497e-05
Geo_Code_76255,7.507715238552984e-05
Customer Id_H15522,7.505067401049966e-05
Geo_Code_6014,7.503742377185382e-05
Customer Id_H16011,7.480726690862594e-05
Customer Id_H13129,7.475442257402519e-05
Customer Id_H2055,7.474257104925837e-05
Customer Id_H18398,7.473608120627945e-05
Customer Id_H7263,7.470377889439552e-05
Customer Id_H15745,7.442839856736439e-05
Customer Id_H15410,7.431207901399363e-05
Customer Id_H18806,7.430898160621438e-05
Customer Id_H1503,7.42775342435462e-05
Customer Id_H17119,7.406970112524933e-05
Customer Id_H19008,7.400471932428527e-05
Customer Id_H6032,7.398664549870442e-05
Customer Id_H17624,7.395190312074816e-05
Geo_Code_26281,7.394371245644618e-05
Customer Id_H17097,7.39336382965017e-05
Customer Id_H13607,7.372887617207296e-05
Customer Id_H2157,7.361630066639527e-05
Customer Id_H15793,7.359609938508502e-05
Customer Id_H14116,7.352981667196658e-05
Customer Id_H18612,7.352808487849874e-05
Customer Id_H17535,7.343753854768637e-05
Customer Id_H17132,7.338780296491919e-05
Customer Id_H6213,7.319922511578417e-05
Customer Id_H16916,7.317947600665386e-05
Geo_Code_51108,7.3091959242797e-05
Customer Id_H17923,7.305234003451331e-05
Customer Id_H17973,7.301909057609206e-05
Customer Id_H17990,7.285130978226455e-05
Customer Id_H6473,7.280978498749127e-05
Customer Id_H16786,7.279875158725197e-05
Customer Id_H17893,7.275716290047835e-05
Geo_Code_89387,7.273766806449177e-05
Customer Id_H15094,7.261158541495279e-05
Customer Id_H5557,7.260494921697812e-05
Customer Id_H18086,7.258478438484035e-05
Customer Id_H3306,7.2576727010341e-05
Customer Id_H4736,7.254122983640564e-05
Customer Id_H18397,7.252559748322391e-05
Customer Id_H3208,7.235604715045318e-05
Geo_Code_60057,7.225947666174482e-05
Customer Id_H4889,7.224642562098751e-05
Geo_Code_38547,7.222937956057725e-05
Customer Id_H18896,7.211315928367183e-05
Customer Id_H15698,7.208560874568227e-05
Customer Id_H19059,7.201336949316723e-05
Customer Id_H16432,7.195870666141925e-05
Customer Id_H4378,7.194770887252034e-05
Customer Id_H5019,7.191211487871578e-05
Customer Id_H14916,7.164199489664489e-05
Customer Id_H12886,7.163572163524874e-05
Customer Id_H18185,7.161930999754911e-05
Customer Id_H5844,7.156750189800119e-05
Customer Id_H6275,7.154592414930467e-05
Customer Id_H17751,7.153658594810373e-05
Customer Id_H6141,7.150955605464269e-05
Customer Id_H13124,7.147124947999933e-05
Customer Id_H4043,7.136557740309084e-05
Customer Id_H4022,7.125750396151828e-05
Customer Id_H15356,7.122506508361113e-05
Customer Id_H3863,7.113383749606464e-05
Customer Id_H17783,7.109260134233108e-05
Customer Id_H16173,7.10615784736469e-05
Geo_Code_57751,7.098372575615059e-05
Customer Id_H13493,7.095878087049845e-05
Geo_Code_11266,7.077856059788393e-05
Customer Id_H320,7.077136007462381e-05
Customer Id_H6464,7.071402974089037e-05
Customer Id_H18284,7.062435831980138e-05
Customer Id_H18272,7.053953467404334e-05
Customer Id_H5180,7.047344054105414e-05
Customer Id_H7192,7.047299583480584e-05
Customer Id_H15854,7.045222892724388e-05
Customer Id_H4194,7.033592271878067e-05
Customer Id_H1571,7.021551609538333e-05
Customer Id_H15176,7.013525157460287e-05
Geo_Code_50147,7.01274698328345e-05
Customer Id_H5014,7.008645632310183e-05
Customer Id_H17753,6.999408209176392e-05
Customer Id_H17960,6.997404594063325e-05
Customer Id_H5153,6.989590517299089e-05
Customer Id_H18695,6.989149736429582e-05
Customer Id_H15985,6.983153747188372e-05
Customer Id_H13662,6.982464577180346e-05
Geo_Code_93015,6.982372584988828e-05
Customer Id_H7007,6.962913944021611e-05
Customer Id_H18938,6.958534854835834e-05
Customer Id_H15819,6.955581151711693e-05
Customer Id_H17682,6.953370121356402e-05
Customer Id_H16812,6.951706007529368e-05
Customer Id_H3006,6.951390281874158e-05
Customer Id_H7425,6.950317082374308e-05
Customer Id_H17925,6.934986855429626e-05
Customer Id_H13347,6.933852475332645e-05
Customer Id_H1369,6.926416387600114e-05
Customer Id_H15245,6.925149426489598e-05
Customer Id_H16719,6.914176261224827e-05
Customer Id_H15198,6.903123913674125e-05
Customer Id_H3833,6.901080176579357e-05
Customer Id_H4783,6.895466490074804e-05
Customer Id_H18317,6.891780786306661e-05
Customer Id_H6846,6.888963328572904e-05
Geo_Code_38006,6.884596569077967e-05
Customer Id_H4224,6.8827287501204e-05
Customer Id_H16426,6.872216665655453e-05
Customer Id_H6316,6.871095052778852e-05
Geo_Code_54304,6.870613719737818e-05
Customer Id_H18956,6.869640538099487e-05
Customer Id_H15811,6.861154358355002e-05
Customer Id_H15683,6.849070443654503e-05
Customer Id_H12668,6.840813692407342e-05
Customer Id_H19175,6.836413093513854e-05
Customer Id_H15656,6.832204061194949e-05
Customer Id_H17838,6.819394355258001e-05
Customer Id_H15820,6.811604549359587e-05
Customer Id_H16007,6.809857619396586e-05
Customer Id_H17935,6.807612711230225e-05
Customer Id_H18319,6.80216973838551e-05
Customer Id_H16475,6.801359353656541e-05
Customer Id_H16057,6.799981870615308e-05
Customer Id_H16528,6.796276958794266e-05
Customer Id_H2129,6.781592381674088e-05
Customer Id_H6938,6.779032976947747e-05
Customer Id_H18428,6.77823861768274e-05
Geo_Code_36006,6.776942244420285e-05
Customer Id_H16045,6.76987740749313e-05
Customer Id_H14948,6.76960049992354e-05
Customer Id_H5816,6.765296969668029e-05
Geo_Code_30125,6.7505692421056e-05
Customer Id_H19060,6.740839700964073e-05
Customer Id_H6222,6.7371643543771e-05
Customer Id_H3100,6.72263963537888e-05
Customer Id_H3362,6.716993583777637e-05
Customer Id_H14980,6.716158119300518e-05
Customer Id_H15635,6.708767961682094e-05
Customer Id_H13899,6.701370237931876e-05
Customer Id_H16697,6.696745596904229e-05
Geo_Code_95424,6.688192239561018e-05
Customer Id_H6093,6.683705117316793e-05
Geo_Code_13100,6.674204740635393e-05
Customer Id_H15375,6.67096987648919e-05
Customer Id_H17697,6.670690425664476e-05
Customer Id_H17938,6.664621747761846e-05
Customer Id_H2751,6.658791614217877e-05
Customer Id_H7295,6.656306098512693e-05
Customer Id_H3655,6.655096336429736e-05
Customer Id_H12883,6.642356082886655e-05
Customer Id_H12868,6.642277244614478e-05
Customer Id_H15348,6.626632061335366e-05
Customer Id_H14239,6.61478329206192e-05
Customer Id_H15865,6.611919245927128e-05
Geo_Code_43041,6.611458656865333e-05
Customer Id_H17216,6.610102618529114e-05
Geo_Code_69238,6.602211828571343e-05
Customer Id_H18821,6.596617611598035e-05
Customer Id_H7223,6.596289509797875e-05
Customer Id_H17642,6.584925325219566e-05
Customer Id_H15315,6.569366159540233e-05
Customer Id_H17613,6.568687933192483e-05
Customer Id_H17782,6.564622389370719e-05
Customer Id_H3762,6.551841595663382e-05
Customer Id_H6463,6.547564635738217e-05
Customer Id_H17752,6.542726372623506e-05
Customer Id_H6140,6.53934220121732e-05
Customer Id_H5188,6.538431672419519e-05
Customer Id_H13934,6.535645013290628e-05
Geo_Code_74276,6.534003203560208e-05
Customer Id_H17036,6.517339305755599e-05
Customer Id_H2309,6.500857932343886e-05
Geo_Code_64545,6.492126491484294e-05
Customer Id_H16893,6.492099957375513e-05
Customer Id_H16860,6.472447403077019e-05
Customer Id_H16428,6.468541575275385e-05
Customer Id_H18230,6.467420995486302e-05
Customer Id_H19112,6.466448486731075e-05
Customer Id_H17690,6.465336055617764e-05
Customer Id_H16516,6.461030858152472e-05
Customer Id_H17316,6.450142570809467e-05
Geo_Code_92064,6.445326335013703e-05
Geo_Code_13022,6.444142688954436e-05
Geo_Code_73132,6.442466633065517e-05
Geo_Code_37122,6.441340586898306e-05
Customer Id_H6954,6.440644693067002e-05
Customer Id_H1760,6.436825066542466e-05
Customer Id_H19820,6.434437812829213e-05
Customer Id_H2210,6.432558085349828e-05
Customer Id_H15630,6.431192185845084e-05
Customer Id_H5327,6.430919005440727e-05
Customer Id_H15838,6.420792866937265e-05
Customer Id_H17710,6.419326659842364e-05
Geo_Code_65282,6.41907964854145e-05
Customer Id_H536,6.418240917678463e-05
Customer Id_H16861,6.417596141793054e-05
Customer Id_H13633,6.417083714460996e-05
Customer Id_H15904,6.400332158999262e-05
Customer Id_H17765,6.398720996093347e-05
Customer Id_H7086,6.395991562166909e-05
Customer Id_H1573,6.389763178022086e-05
Customer Id_H15808,6.377178675521616e-05
Customer Id_H3752,6.363159641372773e-05
Customer Id_H17018,6.35954417116518e-05
Geo_Code_64430,6.356680718846102e-05
Geo_Code_83123,6.355870507777102e-05
Customer Id_H17924,6.351715183172923e-05
Customer Id_H204,6.345378516995057e-05
Customer Id_H1423,6.345183940540094e-05
Customer Id_H13918,6.34262439783204e-05
Customer Id_H16763,6.342154371560454e-05
Customer Id_H15213,6.342006357486163e-05
Customer Id_H17627,6.34172869124052e-05
Customer Id_H2858,6.327065541909632e-05
Customer Id_H15417,6.319582028027673e-05
Customer Id_H2242,6.316841948990195e-05
Customer Id_H4139,6.314625448549433e-05
Geo_Code_63308,6.309218447052559e-05
Customer Id_H15586,6.304826121256706e-05
Customer Id_H4152,6.299499560202381e-05
Customer Id_H13469,6.293901911653194e-05
Customer Id_H2185,6.293481443616441e-05
Customer Id_H1500,6.287254371327463e-05
Customer Id_H17228,6.283896408842537e-05
Customer Id_H3361,6.282801747998686e-05
Customer Id_H15709,6.279798862053216e-05
Customer Id_H4289,6.277495180150367e-05
Geo_Code_11202,6.277429620595651e-05
Customer Id_H14770,6.273935696752449e-05
Customer Id_H4125,6.271602533027115e-05
Customer Id_H15398,6.268034637915957e-05
Customer Id_H16515,6.256276998358865e-05
Customer Id_H1710,6.251221010281011e-05
Customer Id_H1322,6.243464589783121e-05
Customer Id_H5744,6.234204245041839e-05
Customer Id_H15727,6.231139323575146e-05
Customer Id_H14969,6.225249927021007e-05
Customer Id_H7276,6.22425288819434e-05
Customer Id_H1708,6.218532634811847e-05
Customer Id_H13995,6.218175842382891e-05
Geo_Code_77183,6.21732688168679e-05
Customer Id_H15598,6.215712085593893e-05
Customer Id_H15264,6.211488814044245e-05
Customer Id_H7299,6.202921250319303e-05
Customer Id_H17882,6.198931665162019e-05
Customer Id_H13919,6.196980864244055e-05
Customer Id_H3094,6.189166374913356e-05
Geo_Code_31186,6.185997783893491e-05
Geo_Code_59431,6.180712516539e-05
Customer Id_H17496,6.175658923953749e-05
Geo_Code_74033,6.170320588284726e-05
Customer Id_H18023,6.167083576902161e-05
Customer Id_H2295,6.166614135307104e-05
Geo_Code_38559,6.161710469172089e-05
Customer Id_H14857,6.157730097411321e-05
Customer Id_H4219,6.155018694138587e-05
Customer Id_H6988,6.152367631444462e-05
Customer Id_H16427,6.145765018725476e-05
Customer Id_H18078,6.143381523364764e-05
Customer Id_H18312,6.135729635224662e-05
Customer Id_H14032,6.135024549077646e-05
Customer Id_H15935,6.132145361185972e-05
Customer Id_H18719,6.129548724674031e-05
Geo_Code_74104,6.12140446552121e-05
Customer Id_H17984,6.117905931988308e-05
Customer Id_H2804,6.1013660700997805e-05
Customer Id_H4764,6.099560377306309e-05
Customer Id_H13509,6.0902479131428496e-05
Customer Id_H19759,6.088030083560853e-05
Customer Id_H3688,6.082929995713595e-05
Customer Id_H18800,6.0791019125638445e-05
Customer Id_H19161,6.07464856089311e-05
Customer Id_H14031,6.054051486011562e-05
Customer Id_H18031,6.052688345352537e-05
Customer Id_H7216,6.0522427421188125e-05
Customer Id_H19065,6.049783844702699e-05
Customer Id_H6203,6.0472166465658064e-05
Customer Id_H4548,6.0445542833391296e-05
Customer Id_H15948,6.044029292455505e-05
Customer Id_H16646,6.0418728566026326e-05
Customer Id_H1367,6.041374609817646e-05
Customer Id_H2158,6.034684925646839e-05
Customer Id_H14557,6.028909102881557e-05
Geo_Code_13081,6.021563420547971e-05
Geo_Code_42279,6.015469264562332e-05
Customer Id_H4571,6.014532690261426e-05
Customer Id_H18942,6.002764718414694e-05
Customer Id_H5776,5.999168093390558e-05
Customer Id_H13821,5.998682917474035e-05
Customer Id_H14488,5.996535559531337e-05
Customer Id_H4260,5.994313602262151e-05
Customer Id_H16876,5.990340103318965e-05
Customer Id_H12751,5.986340343859562e-05
Customer Id_H6472,5.985969016607053e-05
Customer Id_H18936,5.979913542846049e-05
Customer Id_H4595,5.973257850227489e-05
Customer Id_H7068,5.9703302839620433e-05
Customer Id_H16689,5.965173405425532e-05
Customer Id_H18759,5.9636848416427265e-05
Geo_Code_7019,5.959880885652541e-05
Customer Id_H16196,5.957380989162454e-05
Geo_Code_74119,5.9563888828770044e-05
Customer Id_H14450,5.9548699490700544e-05
Customer Id_H4666,5.9519501080348496e-05
Customer Id_H6089,5.949986711712434e-05
Customer Id_H2317,5.947012692226351e-05
Customer Id_H12907,5.931517570802037e-05
Customer Id_H5554,5.916706318951855e-05
Customer Id_H2086,5.916638982467918e-05
Customer Id_H5668,5.9130219898237116e-05
Customer Id_H16532,5.9083785754316725e-05
Customer Id_H16841,5.9081230648840866e-05
Customer Id_H17798,5.8997983175774204e-05
Customer Id_H17892,5.8958078310797375e-05
Customer Id_H4486,5.8895966138342876e-05
Customer Id_H14903,5.8855216504796165e-05
Customer Id_H18365,5.883876066291703e-05
Customer Id_H19094,5.878561683491032e-05
Customer Id_H16720,5.870037505378764e-05
Customer Id_H3446,5.859977865443956e-05
Customer Id_H5244,5.8598976702684025e-05
Customer Id_H19429,5.84844150005383e-05
Customer Id_H4562,5.8397666414581196e-05
Customer Id_H16052,5.8327861280465614e-05
Customer Id_H5466,5.8297194626584944e-05
Customer Id_H15323,5.820223755958059e-05
Customer Id_H15262,5.8181545614373103e-05
Customer Id_H14640,5.8129245370797735e-05
Geo_Code_38517,5.81287203775969e-05
Customer Id_H13143,5.8110730770610986e-05
Customer Id_H6163,5.801921293238563e-05
Geo_Code_68166,5.792526028407833e-05
Customer Id_H2415,5.789353471761898e-05
Customer Id_H17763,5.7871333217053636e-05
Customer Id_H13785,5.786445116013328e-05
Customer Id_H15012,5.7818176446613554e-05
Customer Id_H15874,5.7741950087410636e-05
Customer Id_H16757,5.771774040448128e-05
Customer Id_H16995,5.7652925915924705e-05
Customer Id_H6516,5.764260820054117e-05
Customer Id_H17419,5.7608954756566153e-05
Customer Id_H18655,5.7578017039134674e-05
Geo_Code_67180,5.752453504924739e-05
Geo_Code_93006,5.75013177665493e-05
Customer Id_H17293,5.7382633984887294e-05
Customer Id_H7342,5.735812543138095e-05
Geo_Code_74279,5.7314414631232994e-05
Geo_Code_94028,5.728486952157518e-05
Geo_Code_77118,5.7159592652145525e-05
Customer Id_H18045,5.715866709946924e-05
Customer Id_H5965,5.713097728101614e-05
Customer Id_H5424,5.707447739624899e-05
Customer Id_H13446,5.704606620114819e-05
Geo_Code_78311,5.7037140706026985e-05
Customer Id_H18268,5.7013342070260455e-05
Customer Id_H18426,5.698129353992451e-05
Customer Id_H16193,5.697167102032645e-05
Customer Id_H12991,5.696824781665153e-05
Customer Id_H3106,5.693246625178253e-05
Customer Id_H14757,5.692847304609224e-05
Customer Id_H4151,5.689986300214803e-05
Customer Id_H14648,5.68566587534247e-05
Customer Id_H19914,5.682295377945208e-05
Customer Id_H1354,5.680568762334811e-05
Customer Id_H16356,5.673975182819005e-05
Geo_Code_34037,5.673074618150442e-05
Customer Id_H5281,5.670733743159118e-05
Customer Id_H15575,5.670147832377932e-05
Customer Id_H234,5.669292929599956e-05
Geo_Code_38085,5.668493346478973e-05
Geo_Code_57283,5.655056344113354e-05
Customer Id_H5256,5.651535952498701e-05
Customer Id_H3929,5.6493058391285726e-05
Customer Id_H6280,5.643006234353748e-05
Customer Id_H16672,5.64236142489674e-05
Customer Id_H19007,5.636196734587141e-05
Customer Id_H18458,5.629577491454189e-05
Customer Id_H601,5.626132232063292e-05
Customer Id_H18189,5.6236193422607285e-05
Customer Id_H18584,5.62360808661801e-05
Customer Id_H12856,5.619410414683423e-05
Customer Id_H14483,5.6161819500982746e-05
Customer Id_H15623,5.614134176883401e-05
Customer Id_H16979,5.605521247874874e-05
Customer Id_H18394,5.603153786160694e-05
Customer Id_H5154,5.592796154593967e-05
Customer Id_H16399,5.589845453278024e-05
Customer Id_H15992,5.585118735139791e-05
Customer Id_H18564,5.580890044567696e-05
Customer Id_H15510,5.574260572633033e-05
Geo_Code_34332,5.570183263273522e-05
Customer Id_H5047,5.5664547567414975e-05
Customer Id_H3748,5.566390707515671e-05
Customer Id_H18953,5.560361724017683e-05
Customer Id_H16483,5.5544642319433165e-05
Customer Id_H14108,5.552106938256618e-05
Customer Id_H3564,5.543948757147637e-05
Customer Id_H19433,5.5385520202788166e-05
Customer Id_H13017,5.537631024943975e-05
Customer Id_H15747,5.537394557396654e-05
Customer Id_H4145,5.5367520440033416e-05
Customer Id_H3613,5.527548916850957e-05
Customer Id_H18795,5.524150143166927e-05
Customer Id_H6621,5.5219747966828706e-05
Customer Id_H17340,5.50178568760823e-05
Customer Id_H6865,5.4982251835657806e-05
Geo_Code_74137,5.485759521799788e-05
Customer Id_H16080,5.481695507468415e-05
Customer Id_H2311,5.4755591404968976e-05
Customer Id_H18790,5.4698395228952536e-05
Geo_Code_3310,5.4677929045563596e-05
Customer Id_H5782,5.4667195865438204e-05
Customer Id_H2313,5.45785534768322e-05
Customer Id_H17463,5.45482711527678e-05
Customer Id_H5481,5.4475784971820044e-05
Geo_Code_35284,5.44731303185391e-05
Customer Id_H16291,5.447165571132596e-05
Customer Id_H2684,5.4451857177002085e-05
Customer Id_H18874,5.4398050846536545e-05
Customer Id_H18698,5.4387425043873266e-05
Customer Id_H19090,5.424615645156879e-05
Geo_Code_39300,5.417684377183843e-05
Customer Id_H18329,5.41601246067427e-05
Customer Id_H16601,5.41222347286922e-05
Geo_Code_84089,5.4098072582409405e-05
Customer Id_H7189,5.409694134821479e-05
Customer Id_H18700,5.4010296228232176e-05
Customer Id_H4384,5.397144933058511e-05
Customer Id_H305,5.389807005241081e-05
Customer Id_H15148,5.3843009684920305e-05
Geo_Code_73303,5.376622196923637e-05
Customer Id_H16755,5.375089145043828e-05
Customer Id_H6907,5.3604913117856376e-05
Customer Id_H13809,5.3588825593559143e-05
Customer Id_H13398,5.358765734316948e-05
Customer Id_H6175,5.358699332586857e-05
Customer Id_H13811,5.3570966802781296e-05
Customer Id_H6914,5.3537370681720764e-05
Customer Id_H6509,5.353190822501046e-05
Customer Id_H4026,5.34898021995926e-05
Customer Id_H14065,5.342197769093012e-05
Customer Id_H18432,5.330750586392765e-05
Customer Id_H16688,5.33015310907896e-05
Customer Id_H12908,5.32874853099069e-05
Customer Id_H14749,5.3246979636303716e-05
Customer Id_H4596,5.3222367655299474e-05
Customer Id_H17292,5.314290368179891e-05
Customer Id_H14232,5.3109189393210624e-05
Customer Id_H6281,5.3089555212639616e-05
Customer Id_H15232,5.304986343211539e-05
Customer Id_H17155,5.304100287083652e-05
Customer Id_H18581,5.30405880491431e-05
Customer Id_H18491,5.302788253996646e-05
Customer Id_H17090,5.299411900707919e-05
Geo_Code_66172,5.294671235656228e-05
Geo_Code_56260,5.294343744442144e-05
Customer Id_H13611,5.2889855844105744e-05
Customer Id_H19143,5.280517339832607e-05
Customer Id_H16978,5.2781888484519784e-05
Customer Id_H16848,5.2748201493283596e-05
Geo_Code_74258,5.271974895258293e-05
Geo_Code_73054,5.261622928648802e-05
Geo_Code_72132,5.2562936286935985e-05
Customer Id_H5456,5.254744796241308e-05
Customer Id_H18765,5.244535025540849e-05
Customer Id_H15263,5.2386520982784714e-05
Customer Id_H16967,5.237631885999991e-05
Customer Id_H18238,5.2320734644255416e-05
Customer Id_H4314,5.229857276353249e-05
Customer Id_H3291,5.226799713889347e-05
Customer Id_H4941,5.2260867638506645e-05
Geo_Code_40184,5.223600453823498e-05
Customer Id_H14103,5.223211060737894e-05
Customer Id_H7325,5.219260406524733e-05
Customer Id_H14322,5.216095620095662e-05
Customer Id_H18567,5.195652258103246e-05
Customer Id_H19859,5.1953945364956784e-05
Customer Id_H1508,5.1951376199228715e-05
Customer Id_H6943,5.1877458070087366e-05
Customer Id_H16957,5.176807508160794e-05
Customer Id_H7144,5.174686030764465e-05
Customer Id_H16086,5.1738799357826064e-05
Customer Id_H17937,5.1695349133686783e-05
Customer Id_H4751,5.169261387121305e-05
Customer Id_H18657,5.161231326230546e-05
Geo_Code_66171,5.15985399720949e-05
Customer Id_H4942,5.158425624987087e-05
Customer Id_H6251,5.1577961913284706e-05
Customer Id_H18789,5.1495442137446407e-05
Customer Id_H15908,5.148954529280848e-05
Customer Id_H18674,5.146014999217256e-05
Customer Id_H4184,5.135908328034872e-05
Customer Id_H4273,5.132793302439659e-05
Customer Id_H13338,5.123797388912059e-05
Customer Id_H18493,5.121293141229324e-05
Customer Id_H16559,5.1211053992021216e-05
Customer Id_H3850,5.1149099046860484e-05
Customer Id_H17808,5.11393204298222e-05
Geo_Code_83047,5.11381798048947e-05
Customer Id_H19857,5.113705963697265e-05
Customer Id_H17544,5.1123662336670005e-05
Geo_Code_30007,5.11051468042046e-05
Customer Id_H14365,5.105157695093428e-05
Customer Id_H13519,5.102501907916923e-05
Geo_Code_77258,5.1023208788377134e-05
Geo_Code_13078,5.095787905696147e-05
Customer Id_H18620,5.095379975604876e-05
Customer Id_H18906,5.0943137110012326e-05
Customer Id_H610,5.088893755811597e-05
Customer Id_H2604,5.088810137202179e-05
Customer Id_H17120,5.0884667116969105e-05
Customer Id_H17445,5.081234511933411e-05
Customer Id_H13051,5.077394221510181e-05
Customer Id_H6231,5.0697054320793705e-05
Customer Id_H4369,5.056560371295787e-05
Customer Id_H1682,5.052607545905873e-05
Customer Id_H18758,5.052409670423642e-05
Customer Id_H16603,5.046927138989915e-05
Customer Id_H15067,5.045598862840558e-05
Customer Id_H16018,5.039410692933538e-05
Customer Id_H4754,5.0386294524690554e-05
Customer Id_H6270,5.0314398621587954e-05
Customer Id_H12701,5.029437663105422e-05
Geo_Code_73143,5.0258908100380454e-05
Customer Id_H249,5.018512026303422e-05
Customer Id_H19897,5.018412531546493e-05
Customer Id_H2240,5.0133952207218425e-05
Customer Id_H1805,5.010877501649472e-05
Geo_Code_95607,5.008142366100635e-05
Customer Id_H7172,5.0068154518285105e-05
Customer Id_H7244,5.0002902747677007e-05
Customer Id_H7471,4.996534708089875e-05
Customer Id_H4953,4.992601950838058e-05
Customer Id_H531,4.990151380269081e-05
Customer Id_H5712,4.98508098115947e-05
Customer Id_H4591,4.984206008850846e-05
Geo_Code_38511,4.9813103084442226e-05
Customer Id_H4050,4.9745503063626514e-05
Customer Id_H15972,4.9695802552175505e-05
Geo_Code_21171,4.968557739497858e-05
Customer Id_H18948,4.965543417201708e-05
Customer Id_H5279,4.961858481229929e-05
Customer Id_H18970,4.9615916565459007e-05
Customer Id_H16570,4.9589753381682555e-05
Customer Id_H5139,4.956822689465348e-05
Customer Id_H4087,4.94665553348859e-05
Customer Id_H5715,4.9461228696766467e-05
Customer Id_H16040,4.9434772074710827e-05
Customer Id_H6554,4.9430556125282875e-05
Customer Id_H728,4.936057658597523e-05
Customer Id_H17643,4.934634200065128e-05
Customer Id_H15955,4.934633356466503e-05
Customer Id_H17317,4.929885130191228e-05
Geo_Code_17299,4.9222981877882715e-05
Customer Id_H15054,4.9212428738628905e-05
Customer Id_H2939,4.915725375182413e-05
Customer Id_H15115,4.914004557039456e-05
Customer Id_H16246,4.90988408389318e-05
Customer Id_H15942,4.907790393851316e-05
Customer Id_H17148,4.905966265138115e-05
Customer Id_H5655,4.9054046820460494e-05
Customer Id_H4381,4.902539649075876e-05
Customer Id_H1927,4.9019806667830026e-05
Customer Id_H13068,4.90016003455495e-05
Customer Id_H14931,4.894103850012033e-05
Customer Id_H18041,4.8936567867976e-05
Customer Id_H19694,4.892590506736335e-05
Customer Id_H18969,4.8874340356622836e-05
Customer Id_H13501,4.880438427408821e-05
Customer Id_H13381,4.880122101716173e-05
Customer Id_H6622,4.8770150758480795e-05
Customer Id_H12702,4.8691575139248433e-05
Customer Id_H17475,4.867486672689022e-05
Customer Id_H15860,4.865854727124041e-05
Customer Id_H14402,4.86238517363883e-05
Geo_Code_83933,4.8608170425727336e-05
Customer Id_H17264,4.85846568046468e-05
Customer Id_H6657,4.836841620395118e-05
Customer Id_H16186,4.835484225818187e-05
Customer Id_H16825,4.835396831404362e-05
Customer Id_H18366,4.833645842445998e-05
Customer Id_H13900,4.83252636913006e-05
Customer Id_H17625,4.8297108455254816e-05
Customer Id_H4602,4.818618156944032e-05
Customer Id_H15746,4.81766447956743e-05
Customer Id_H13516,4.814935408764865e-05
Customer Id_H2650,4.812724021691157e-05
Customer Id_H14192,4.808934321160899e-05
Geo_Code_95183,4.8079763925972256e-05
Customer Id_H3646,4.8049007333547215e-05
Customer Id_H17382,4.8034016269227306e-05
Geo_Code_73304,4.799065043802301e-05
Customer Id_H5600,4.7989462550920517e-05
Customer Id_H4617,4.7966056367844685e-05
Customer Id_H1353,4.7929047790116416e-05
Customer Id_H3789,4.791833169613168e-05
Customer Id_H4491,4.7903688458716555e-05
Customer Id_H17985,4.782922896923684e-05
Customer Id_H6159,4.780917442413394e-05
Customer Id_H15095,4.775743883168667e-05
Customer Id_H6377,4.774875245240968e-05
Customer Id_H2812,4.7726368030943974e-05
Customer Id_H18242,4.767268844988376e-05
Customer Id_H616,4.753109753884216e-05
Customer Id_H19424,4.752042452477609e-05
Customer Id_H16972,4.7462126089643975e-05
Geo_Code_91386,4.74556182675681e-05
Customer Id_H3958,4.7396074435512826e-05
Customer Id_H1869,4.738565124804772e-05
Customer Id_H2259,4.7373330876080524e-05
Customer Id_H6634,4.737221565116701e-05
Customer Id_H4372,4.730941225750061e-05
Customer Id_H7049,4.729719524366203e-05
Customer Id_H3680,4.728629249414319e-05
Customer Id_H12906,4.724457885533357e-05
Customer Id_H5507,4.724381968601375e-05
Customer Id_H16269,4.716118129788308e-05
Customer Id_H18233,4.7099138896592115e-05
Geo_Code_59367,4.70535177998237e-05
Customer Id_H17842,4.704327888061717e-05
Customer Id_H1522,4.702779524076129e-05
Customer Id_H18912,4.701531747510933e-05
Customer Id_H5083,4.700797023085023e-05
Customer Id_H18570,4.6967338936194804e-05
Customer Id_H14249,4.690990909029767e-05
Customer Id_H18013,4.6891851033973567e-05
Customer Id_H6891,4.6847551901900714e-05
Customer Id_H16125,4.6805194181735914e-05
Customer Id_H14867,4.68013884502018e-05
Customer Id_H12635,4.677466829324626e-05
Customer Id_H1588,4.677122816674182e-05
Customer Id_H12889,4.671275558656802e-05
Customer Id_H17270,4.671057396840129e-05
Customer Id_H15247,4.668949616660965e-05
Customer Id_H7450,4.6654132691105056e-05
Customer Id_H15011,4.656140902979982e-05
Customer Id_H19724,4.655874397436345e-05
Customer Id_H18529,4.644445271436505e-05
Customer Id_H14904,4.636700751059845e-05
Customer Id_H16343,4.6360842915011915e-05
Customer Id_H2186,4.63397801824867e-05
Customer Id_H6037,4.628432630236637e-05
Customer Id_H16061,4.6276303296356334e-05
Customer Id_H14602,4.626663611726466e-05
Customer Id_H4340,4.626277894002141e-05
Customer Id_H5290,4.6253350631488e-05
Customer Id_H17094,4.623991023539344e-05
Customer Id_H1265,4.62341195811319e-05
Customer Id_H17740,4.622716738256494e-05
Customer Id_H19204,4.619500615088762e-05
Customer Id_H19070,4.614295445129346e-05
Customer Id_H15281,4.611015053230896e-05
Customer Id_H19105,4.609407358293052e-05
Customer Id_H12631,4.5945186825497145e-05
Geo_Code_9261,4.594339839439466e-05
Customer Id_H18735,4.592016476615449e-05
Customer Id_H15774,4.590184653736981e-05
Customer Id_H14999,4.587561817774569e-05
Customer Id_H16012,4.58101401420603e-05
Customer Id_H4784,4.58071863240639e-05
Customer Id_H13622,4.580004407381313e-05
Customer Id_H13352,4.572384047124886e-05
Customer Id_H2817,4.569201924739478e-05
Customer Id_H16694,4.5691240287353674e-05
Customer Id_H6913,4.5664766066152335e-05
Customer Id_H4755,4.5652375978741226e-05
Customer Id_H5355,4.556683746952923e-05
Customer Id_H19252,4.5537390074224265e-05
Customer Id_H14396,4.551348844136362e-05
Customer Id_H14261,4.547452991576329e-05
Customer Id_H7253,4.544025243217509e-05
Geo_Code_33249,4.5342083028772646e-05
Geo_Code_4112,4.527693852459077e-05
Customer Id_H15317,4.5227813089370504e-05
Customer Id_H1902,4.521543923995404e-05
Customer Id_H16276,4.5205564944595484e-05
Customer Id_H6585,4.5193249496692606e-05
Customer Id_H5000,4.514857581742489e-05
Customer Id_H15333,4.5139639814803836e-05
Customer Id_H16717,4.506173182092391e-05
Customer Id_H13022,4.5047309535991305e-05
Customer Id_H19305,4.50472148073649e-05
Customer Id_H385,4.5015038727345544e-05
Customer Id_H6916,4.4999023325465956e-05
Customer Id_H15422,4.499066505757773e-05
Geo_Code_77470,4.496691342886842e-05
Customer Id_H15728,4.4966497708775367e-05
Customer Id_H16138,4.490907872288689e-05
Customer Id_H7274,4.487620915791324e-05
Customer Id_H17043,4.484458887654418e-05
Customer Id_H13083,4.484181482246447e-05
Customer Id_H15975,4.482840664491827e-05
Customer Id_H17257,4.4746713665110686e-05
Customer Id_H18661,4.4699485065361026e-05
Customer Id_H17084,4.468059137555748e-05
Customer Id_H16159,4.467655368779882e-05
Customer Id_H6896,4.4670544793417157e-05
Customer Id_H15896,4.460237135054641e-05
Customer Id_H4938,4.459511610610486e-05
Customer Id_H15748,4.4438138959522224e-05
Customer Id_H1278,4.442728728006051e-05
Customer Id_H6087,4.4389922180433685e-05
Customer Id_H13538,4.43777761207438e-05
Customer Id_H4031,4.4365826764740944e-05
Customer Id_H1502,4.4352708658985367e-05
Geo_Code_40046,4.434824813342968e-05
Customer Id_H17318,4.434676443432202e-05
Geo_Code_38382,4.432954086281604e-05
Customer Id_H6552,4.431958309261587e-05
Geo_Code_46102,4.4285680871419324e-05
Customer Id_H5080,4.4228009135384354e-05
Customer Id_H3254,4.418242835291089e-05
Customer Id_H7327,4.418242665446426e-05
Customer Id_H18949,4.417877747886799e-05
Geo_Code_74083,4.407432881526942e-05
Customer Id_H6710,4.402053690682092e-05
Customer Id_H12995,4.400906767903999e-05
Geo_Code_80182,4.397923131793552e-05
Customer Id_H3004,4.392779242048389e-05
Customer Id_H1926,4.391747663116765e-05
Customer Id_H18046,4.391666637211887e-05
Customer Id_H14926,4.388611040821307e-05
Customer Id_H13104,4.3883652544546216e-05
Customer Id_H5063,4.3840056957796315e-05
Customer Id_H18314,4.3738199875856975e-05
Customer Id_H5243,4.369581589373727e-05
Customer Id_H14284,4.3682847639411995e-05
Customer Id_H12939,4.3646967517023355e-05
Customer Id_H17900,4.3632160168149155e-05
Customer Id_H4556,4.3613850787803446e-05
Customer Id_H3108,4.361343890799741e-05
Customer Id_H15351,4.3583702491996444e-05
Customer Id_H7080,4.350830651501738e-05
Customer Id_H387,4.35077068376399e-05
Customer Id_H13311,4.350046621716716e-05
Customer Id_H5051,4.345510401498555e-05
Customer Id_H14040,4.3397648694726575e-05
Geo_Code_53130,4.339596318967684e-05
Customer Id_H1613,4.337592197589492e-05
Customer Id_H17412,4.327473095954981e-05
Customer Id_H18140,4.3243371843542935e-05
Customer Id_H17311,4.3200888722488715e-05
Customer Id_H13468,4.3200248182394584e-05
Customer Id_H6043,4.319706095424124e-05
Customer Id_H5030,4.31942930132587e-05
Customer Id_H15993,4.318068704538666e-05
Customer Id_H18554,4.3136819955743516e-05
Customer Id_H19221,4.31327061673502e-05
Customer Id_H5527,4.312263945212439e-05
Geo_Code_78621,4.312144168933495e-05
Customer Id_H15129,4.311843147930839e-05
Customer Id_H7019,4.308468957127726e-05
Customer Id_H15271,4.3084299685772776e-05
Customer Id_H1501,4.304794178193466e-05
Geo_Code_34113,4.301424402717425e-05
Customer Id_H17429,4.299691817113947e-05
Customer Id_H12992,4.299178784133164e-05
Customer Id_H15270,4.2981131608759366e-05
Customer Id_H62,4.2968185587409074e-05
Customer Id_H18450,4.2960517882787736e-05
Geo_Code_74298,4.293940304272788e-05
Customer Id_H16540,4.2914643804628664e-05
Customer Id_H15096,4.2890345122753575e-05
Customer Id_H18619,4.288239712151584e-05
Geo_Code_92046,4.285186375216946e-05
Customer Id_H6207,4.283640815151724e-05
Customer Id_H1717,4.2812531481281534e-05
Customer Id_H18186,4.2783434674757885e-05
Customer Id_H2703,4.2746436748595745e-05
Customer Id_H17485,4.2737511702894474e-05
Customer Id_H13558,4.2711288507512895e-05
Customer Id_H13010,4.267847010824263e-05
Geo_Code_94060,4.267682078001666e-05
Geo_Code_39198,4.267147044935529e-05
Customer Id_H14231,4.263962552344326e-05
Customer Id_H1584,4.262872593190698e-05
Customer Id_H19862,4.262142773337631e-05
Customer Id_H3985,4.25871703618382e-05
Customer Id_H16298,4.255109933519317e-05
Customer Id_H14314,4.251672130873374e-05
Geo_Code_83152,4.248950701240649e-05
Customer Id_H3085,4.247294669669791e-05
Customer Id_H15754,4.238348855871958e-05
Customer Id_H13505,4.236706382599359e-05
Customer Id_H17053,4.2343225355254935e-05
Customer Id_H7184,4.228261587635972e-05
Customer Id_H13038,4.224284231594539e-05
Customer Id_H17983,4.220016660655148e-05
Customer Id_H16249,4.21501933978261e-05
Customer Id_H17246,4.21452879244925e-05
Customer Id_H15524,4.2144908873506215e-05
Customer Id_H1526,4.21310103235712e-05
Geo_Code_5085,4.2125923692967966e-05
Customer Id_H7256,4.207711203220884e-05
Customer Id_H16862,4.2003824662064694e-05
Customer Id_H16485,4.197721055758168e-05
Customer Id_H15523,4.1975477018885936e-05
Customer Id_H16615,4.19744707107261e-05
Customer Id_H2079,4.195404481745099e-05
Customer Id_H2913,4.192814645715811e-05
Customer Id_H4800,4.192446408923506e-05
Customer Id_H2983,4.191293732594473e-05
Customer Id_H5838,4.190926693338503e-05
Geo_Code_35049,4.1900357980119996e-05
Customer Id_H17652,4.189890266160141e-05
Customer Id_H6208,4.189799795876442e-05
Geo_Code_78073,4.188768299249183e-05
Customer Id_H18611,4.185525239308599e-05
Customer Id_H4189,4.183655173458404e-05
Customer Id_H12670,4.178581347111148e-05
Customer Id_H14921,4.1766225371678906e-05
Customer Id_H2528,4.17523416310442e-05
Customer Id_H19080,4.173061201137364e-05
Customer Id_H6230,4.172939781200069e-05
Customer Id_H17351,4.169941408459122e-05
Customer Id_H14205,4.168753714037035e-05
Geo_Code_30341,4.164552622514172e-05
Customer Id_H16822,4.1622471843321565e-05
Customer Id_H18632,4.155691693117095e-05
Geo_Code_64129,4.148821062725297e-05
Customer Id_H1900,4.147334698217778e-05
Customer Id_H5406,4.147111418080467e-05
Customer Id_H13595,4.1410100973940375e-05
Customer Id_H6949,4.1346096963330696e-05
Customer Id_H17093,4.1344997880001573e-05
Customer Id_H15636,4.1332977139485567e-05
Customer Id_H12713,4.131171059877236e-05
Customer Id_H7027,4.130667855838568e-05
Geo_Code_13041,4.128237008426006e-05
Geo_Code_91687,4.125392132663171e-05
Customer Id_H5968,4.1237478775609475e-05
Customer Id_H15941,4.107544153774723e-05
Customer Id_H18625,4.1048467641315493e-05
Customer Id_H6884,4.100934119265284e-05
Customer Id_H3375,4.100718885302291e-05
Customer Id_H4103,4.100265117642943e-05
Geo_Code_88158,4.100093898691562e-05
Customer Id_H3728,4.0922798364989826e-05
Customer Id_H17906,4.0850910243868544e-05
Customer Id_H16824,4.0840840379869875e-05
Customer Id_H3260,4.083106651980608e-05
Customer Id_H15876,4.08017758651165e-05
Customer Id_H4389,4.077612219649269e-05
Customer Id_H17395,4.077112546884219e-05
Customer Id_H6830,4.066381615283744e-05
Customer Id_H18445,4.062458917699651e-05
Geo_Code_38400,4.05964919385665e-05
Customer Id_H5472,4.0566729160661386e-05
Customer Id_H7334,4.055918111203279e-05
Customer Id_H2618,4.0464043461321446e-05
Customer Id_H19815,4.03868873770925e-05
Customer Id_H17394,4.0370211614862055e-05
Customer Id_H18845,4.036649072375418e-05
Geo_Code_40209,4.035980960444125e-05
Customer Id_H13305,4.035371742308836e-05
Customer Id_H277,4.034916939455486e-05
Customer Id_H4918,4.0335592287393975e-05
Customer Id_H659,4.032152633812115e-05
Geo_Code_66072,4.031672611368861e-05
Customer Id_H17812,4.03125407811145e-05
Customer Id_H1776,4.031005325272891e-05
Customer Id_H2859,4.024510711251031e-05
Customer Id_H4700,4.021578417203696e-05
Customer Id_H12718,4.020113030773293e-05
Customer Id_H18897,4.0184343746468796e-05
Customer Id_H17865,4.016596526561386e-05
Customer Id_H426,4.0160334834417844e-05
Customer Id_H2008,4.0156879376963066e-05
Geo_Code_74143,4.0152389068909676e-05
Customer Id_H19257,4.014181339307309e-05
Customer Id_H13823,4.0133974041163214e-05
Customer Id_H2861,4.011468243772886e-05
Customer Id_H535,4.0114430005171026e-05
Customer Id_H2946,4.00819993084119e-05
Customer Id_H16622,4.0065738447643816e-05
Geo_Code_28140,4.0039730022740176e-05
Customer Id_H12905,3.998104284876274e-05
Customer Id_H14302,3.994287086500161e-05
Customer Id_H16802,3.990922020912681e-05
Customer Id_H564,3.9899595176508994e-05
Geo_Code_58095,3.987945908525974e-05
Customer Id_H5081,3.986832237997352e-05
Geo_Code_6906,3.9868172283135815e-05
Geo_Code_88531,3.9811843108595284e-05
Customer Id_H276,3.979566828745123e-05
Customer Id_H3520,3.9772615852197036e-05
Customer Id_H12887,3.97595490809057e-05
Customer Id_H2584,3.974384563619086e-05
Customer Id_H7341,3.972402413844837e-05
Customer Id_H13348,3.96773868399035e-05
Geo_Code_74243,3.9630782651420064e-05
Geo_Code_38269,3.96260923016605e-05
Customer Id_H15493,3.956565795003527e-05
Customer Id_H15821,3.954634859618403e-05
Customer Id_H4758,3.952956463797355e-05
Customer Id_H15235,3.9513580110596454e-05
Customer Id_H5814,3.950951687039021e-05
Customer Id_H15568,3.948738012439746e-05
Customer Id_H7083,3.945760554317436e-05
Customer Id_H5533,3.9449701801966606e-05
Customer Id_H1499,3.944480689929794e-05
Customer Id_H16750,3.9415929967338456e-05
Customer Id_H4451,3.940437647907635e-05
Customer Id_H5987,3.9383551539895195e-05
Customer Id_H3162,3.934893341132786e-05
Customer Id_H16670,3.933598041891195e-05
Customer Id_H5425,3.9318596817708554e-05
Customer Id_H38,3.920319433095911e-05
Customer Id_H13370,3.91285801083569e-05
Geo_Code_22094,3.907427601262906e-05
Customer Id_H17866,3.907420344418618e-05
Customer Id_H7390,3.9043340135144644e-05
Customer Id_H2919,3.893307985700649e-05
Customer Id_H18968,3.8915660839615054e-05
Customer Id_H14412,3.891162530593988e-05
Customer Id_H1884,3.8875563090075005e-05
Customer Id_H7356,3.887521815127148e-05
Customer Id_H5386,3.887483373414237e-05
Customer Id_H16139,3.885533390950631e-05
Customer Id_H18315,3.88436130230806e-05
Customer Id_H4731,3.881941104191804e-05
Customer Id_H3927,3.879940481070511e-05
Customer Id_H678,3.877683691822583e-05
Customer Id_H17831,3.868743171201768e-05
Customer Id_H17919,3.867191765094538e-05
Customer Id_H1625,3.8636599155229805e-05
Customer Id_H17184,3.861311754401017e-05
Customer Id_H4495,3.861172166537164e-05
Customer Id_H16873,3.85890396193493e-05
Customer Id_H3654,3.858355822828472e-05
Customer Id_H13152,3.856867470452126e-05
Customer Id_H13084,3.854280267836171e-05
Customer Id_H16567,3.85246599220973e-05
Customer Id_H16868,3.851321549942206e-05
Customer Id_H12916,3.8497313097242544e-05
Customer Id_H19076,3.848702635434033e-05
Customer Id_H4517,3.8452335196689094e-05
Customer Id_H6279,3.8436452753561736e-05
Customer Id_H17588,3.8429474982746806e-05
Customer Id_H13596,3.837418620045398e-05
Customer Id_H16299,3.8365006961839284e-05
Customer Id_H16275,3.83628167082721e-05
Customer Id_H7038,3.8344095414159196e-05
Customer Id_H1509,3.834173171523443e-05
Customer Id_H14142,3.8336777691973875e-05
Customer Id_H148,3.833090389360791e-05
Customer Id_H4653,3.832956736140787e-05
Geo_Code_57757,3.8315348502426836e-05
Customer Id_H233,3.823071259677087e-05
Customer Id_H538,3.818199558749651e-05
Customer Id_H4293,3.812011038230479e-05
Customer Id_H372,3.810530984596889e-05
Customer Id_H18615,3.805960638864323e-05
Customer Id_H19035,3.801090937648906e-05
Customer Id_H17768,3.799580538400935e-05
Customer Id_H3689,3.7993903652579604e-05
Customer Id_H13938,3.799044471552414e-05
Geo_Code_86066,3.798489137488219e-05
Customer Id_H15574,3.798341872305255e-05
Customer Id_H13984,3.798015540359563e-05
Customer Id_H16800,3.798006886050181e-05
Customer Id_H17341,3.7961606241873506e-05
Customer Id_H19802,3.796087892058595e-05
Customer Id_H15864,3.7933706898264484e-05
Customer Id_H5670,3.791898075884849e-05
Geo_Code_25197,3.79081997131824e-05
Customer Id_H2755,3.773425535659403e-05
Customer Id_H7210,3.7717083620740416e-05
Customer Id_H14408,3.7622676331398526e-05
Customer Id_H7142,3.758286320304827e-05
Customer Id_H15625,3.7566145433318226e-05
Customer Id_H16830,3.748142853467046e-05
Customer Id_H18345,3.747945787649263e-05
Customer Id_H16469,3.746486890587256e-05
Customer Id_H13791,3.7389917545202574e-05
Geo_Code_95042,3.735768466344074e-05
Customer Id_H16600,3.735712195664336e-05
Customer Id_H13725,3.7354856108552913e-05
Customer Id_H16718,3.734197445632591e-05
Customer Id_H6034,3.7340889537969995e-05
Customer Id_H16704,3.733251203577236e-05
Customer Id_H328,3.731740221366727e-05
Customer Id_H4856,3.730601472633353e-05
Geo_Code_31033,3.729992728586477e-05
Geo_Code_69381,3.728335505266788e-05
Customer Id_H3968,3.727555893778484e-05
Customer Id_H15515,3.727079909511661e-05
Customer Id_H3633,3.7262143454830165e-05
Customer Id_H15233,3.7258435575994715e-05
Customer Id_H6505,3.721554890335528e-05
Geo_Code_69264,3.7195383001785654e-05
Customer Id_H1901,3.718427083457565e-05
Customer Id_H13435,3.714888021274397e-05
Customer Id_H4905,3.713036632450273e-05
Customer Id_H5170,3.707525099195105e-05
Customer Id_H241,3.706919224608882e-05
Customer Id_H19371,3.7067244586554165e-05
Customer Id_H18386,3.7062899152413676e-05
Customer Id_H19461,3.700307485925857e-05
Customer Id_H2586,3.698733172341499e-05
Customer Id_H7036,3.696888252687553e-05
Customer Id_H14349,3.6968537946095996e-05
Geo_Code_73003,3.69586275146957e-05
Customer Id_H17789,3.695232700702014e-05
Customer Id_H15526,3.6848051729394e-05
Customer Id_H18132,3.683463088549755e-05
Customer Id_H5316,3.681824729046443e-05
Customer Id_H6586,3.6808987278021784e-05
Geo_Code_89291,3.673910177361888e-05
Customer Id_H4128,3.672421283062383e-05
Customer Id_H14436,3.671635811159158e-05
Customer Id_H2630,3.671064803057306e-05
Customer Id_H18743,3.670970457923841e-05
Customer Id_H17975,3.670290619441052e-05
Geo_Code_68066,3.6597341435660813e-05
Customer Id_H17249,3.658868653879032e-05
Geo_Code_13103,3.6582040742161065e-05
Geo_Code_95252,3.6580044093791476e-05
Customer Id_H18175,3.657599753462383e-05
Customer Id_H13945,3.6520916400109804e-05
Geo_Code_95582,3.651414371206958e-05
Customer Id_H16537,3.649941318738904e-05
Customer Id_H14796,3.645161682407093e-05
Customer Id_H1995,3.640995278448686e-05
Customer Id_H1452,3.6407401640780495e-05
Customer Id_H13926,3.637636870478269e-05
Customer Id_H16898,3.6326219199379836e-05
Customer Id_H16621,3.630331740036036e-05
Customer Id_H16185,3.626643227192103e-05
Customer Id_H18406,3.6221258770759314e-05
Customer Id_H15946,3.621031065482205e-05
Customer Id_H17130,3.620872032450664e-05
Customer Id_H6489,3.619988045271472e-05
Customer Id_H1301,3.618920607880006e-05
Customer Id_H6761,3.6183726645812114e-05
Geo_Code_73176,3.614035586651137e-05
Customer Id_H1704,3.612496768239825e-05
Customer Id_H1487,3.609983483403391e-05
Geo_Code_86137,3.605684961185216e-05
Customer Id_H4699,3.601278118269067e-05
Customer Id_H13528,3.60027805901082e-05
Customer Id_H19946,3.5993759717924786e-05
Customer Id_H6675,3.595573951868509e-05
Customer Id_H16545,3.592652477010316e-05
Customer Id_H6481,3.590805148747921e-05
Customer Id_H18555,3.5901438545732146e-05
Customer Id_H6040,3.587876232538644e-05
Geo_Code_92078,3.583718036957133e-05
Customer Id_H13498,3.581959970075898e-05
Customer Id_H17950,3.5800728844818655e-05
Customer Id_H16924,3.578858457118429e-05
Customer Id_H6015,3.577905687790777e-05
Customer Id_H6214,3.577142604472283e-05
Customer Id_H6009,3.5738465775179604e-05
Customer Id_H18052,3.570774983486162e-05
Customer Id_H12616,3.5701157520690315e-05
Customer Id_H16679,3.5685312488895337e-05
Customer Id_H16814,3.562698526432686e-05
Customer Id_H5741,3.56217704407402e-05
Customer Id_H16261,3.5619613466217874e-05
Customer Id_H4549,3.560191252364451e-05
Customer Id_H3687,3.55921844636811e-05
Customer Id_H18787,3.559052624426089e-05
Geo_Code_6153,3.55792848787741e-05
Geo_Code_95394,3.55100530035218e-05
Customer Id_H13594,3.5434079183750716e-05
Customer Id_H4998,3.541588335664209e-05
Customer Id_H14366,3.541485888910055e-05
Customer Id_H6555,3.5413912195445835e-05
Customer Id_H16477,3.540811109352299e-05
Customer Id_H19966,3.54069920447957e-05
Customer Id_H17987,3.538046312618749e-05
Customer Id_H13515,3.536572651611157e-05
Customer Id_H15221,3.5353439190333554e-05
Customer Id_H4123,3.524655133771599e-05
Geo_Code_14715,3.5245107146313264e-05
Customer Id_H17894,3.522843592596781e-05
Customer Id_H5090,3.5218881471032234e-05
Customer Id_H14300,3.517645632367714e-05
Geo_Code_67169,3.515645420078184e-05
Customer Id_H13973,3.513796248183889e-05
Customer Id_H14870,3.513666341515244e-05
Geo_Code_91044,3.512264517073843e-05
Customer Id_H4051,3.508475911347931e-05
Customer Id_H17962,3.5081596653768315e-05
Customer Id_H6285,3.50578869066478e-05
Customer Id_H5004,3.5057435767611916e-05
Customer Id_H12782,3.5053282182556264e-05
Geo_Code_7324,3.504050109736497e-05
Customer Id_H18383,3.503292380001926e-05
Customer Id_H13992,3.501419956680411e-05
Customer Id_H3509,3.500710361682094e-05
Customer Id_H2898,3.4993369063486656e-05
Customer Id_H1634,3.49770545994017e-05
Customer Id_H291,3.4954789875920866e-05
Customer Id_H5513,3.491183546545129e-05
Customer Id_H5461,3.490456872725959e-05
Customer Id_H17560,3.4896140944833535e-05
Customer Id_H18830,3.485970957738947e-05
Customer Id_H6711,3.4853402716611327e-05
Customer Id_H13634,3.4851744751840245e-05
Customer Id_H6866,3.4846786226068453e-05
Customer Id_H19306,3.484167932469225e-05
Customer Id_H6859,3.478531226497383e-05
Customer Id_H15085,3.4776675952431276e-05
Customer Id_H19058,3.477194951665856e-05
Customer Id_H5091,3.4762604348230446e-05
Customer Id_H4487,3.475816470016271e-05
Customer Id_H14023,3.475034181512324e-05
Customer Id_H14454,3.472718097227912e-05
Customer Id_H3543,3.4719678754211627e-05
Customer Id_H18279,3.471813672779077e-05
Customer Id_H6135,3.4712426061089074e-05
Geo_Code_21295,3.467591727219866e-05
Customer Id_H3828,3.465376044224309e-05
Customer Id_H18927,3.462125099218449e-05
Customer Id_H15791,3.4586387552148356e-05
Customer Id_H13027,3.457735919227071e-05
Customer Id_H16538,3.4568159143211614e-05
Customer Id_H15600,3.456553255344037e-05
Customer Id_H16560,3.454358866610896e-05
Customer Id_H15145,3.453865911026236e-05
Customer Id_H3053,3.452133667957028e-05
Geo_Code_29233,3.451741356921498e-05
Customer Id_H3217,3.45105005007295e-05
Customer Id_H3485,3.443531509109899e-05
Customer Id_H3596,3.442979140304077e-05
Customer Id_H18825,3.4420705893961325e-05
Customer Id_H17268,3.437529141977912e-05
Customer Id_H15812,3.435063004312026e-05
Customer Id_H18797,3.428734447556482e-05
Customer Id_H6375,3.428076820606312e-05
Customer Id_H14250,3.426636039694697e-05
Customer Id_H16543,3.42646299976561e-05
Customer Id_H16024,3.4252991743579834e-05
Geo_Code_38239,3.421134186123843e-05
Customer Id_H17151,3.4196406758074925e-05
Customer Id_H14701,3.411318493338455e-05
Customer Id_H7279,3.410285555776837e-05
Customer Id_H16305,3.410181356662283e-05
Customer Id_H4564,3.408721907472196e-05
Customer Id_H18215,3.4062683760754566e-05
Customer Id_H4284,3.4026178288852576e-05
Customer Id_H5087,3.402229526497221e-05
Customer Id_H2902,3.3978255354933364e-05
Customer Id_H12940,3.395325653306483e-05
Customer Id_H15828,3.394895492915472e-05
Customer Id_H3673,3.3935512178140204e-05
Customer Id_H19991,3.392985845734721e-05
Customer Id_H3751,3.3897647043839004e-05
Geo_Code_59368,3.388113001309762e-05
Customer Id_H7084,3.3878265416452715e-05
Customer Id_H6238,3.3877031757705895e-05
Customer Id_H19239,3.386807929728548e-05
Customer Id_H15038,3.383260209984913e-05
Customer Id_H5634,3.3752910092278494e-05
Customer Id_H16143,3.3721826138292315e-05
Customer Id_H14907,3.372133608737827e-05
Geo_Code_31417,3.3720533013425174e-05
Geo_Code_74063,3.371132841299662e-05
Customer Id_H15988,3.365877148217352e-05
Customer Id_H1718,3.364195302721475e-05
Customer Id_H16203,3.353136074866621e-05
Customer Id_H17060,3.348849528382882e-05
Customer Id_H6963,3.347678806988824e-05
Customer Id_H6184,3.343450506821359e-05
Customer Id_H2296,3.342871535119989e-05
Customer Id_H14812,3.340747334865544e-05
Customer Id_H5839,3.336024608023048e-05
Customer Id_H17070,3.3354283426316e-05
Customer Id_H18778,3.3350660655328056e-05
Customer Id_H16087,3.3340524467763783e-05
Customer Id_H18865,3.332379793082742e-05
Customer Id_H15973,3.332336029835756e-05
Customer Id_H13735,3.33022363327208e-05
Customer Id_H620,3.328791552934044e-05
Customer Id_H18931,3.3283177931259434e-05
Geo_Code_42299,3.323631794920056e-05
Customer Id_H15160,3.321382465593986e-05
Customer Id_H1457,3.319833118673905e-05
Customer Id_H17163,3.31886948346895e-05
Customer Id_H19426,3.318151723326843e-05
Customer Id_H2389,3.3142417826993845e-05
Geo_Code_94003,3.3122144716698435e-05
Geo_Code_6163,3.3116113360655084e-05
Customer Id_H14401,3.309056129913277e-05
Customer Id_H6477,3.3038055116896566e-05
Customer Id_H12740,3.301799393990346e-05
Customer Id_H13624,3.300755238391739e-05
Customer Id_H16736,3.3000219936138674e-05
Customer Id_H13698,3.29951313130686e-05
Customer Id_H5969,3.298526556015574e-05
Customer Id_H14862,3.295575492171603e-05
Customer Id_H15669,3.2946199929663854e-05
Customer Id_H1468,3.2942683066132984e-05
Geo_Code_26057,3.2935076709275375e-05
Customer Id_H15741,3.292347148827534e-05
Customer Id_H4186,3.2922827175998664e-05
Customer Id_H6841,3.290665641338946e-05
Customer Id_H5615,3.290578373552794e-05
Customer Id_H13091,3.290279689891782e-05
Customer Id_H16502,3.290269189165735e-05
Customer Id_H17989,3.281835226371029e-05
Customer Id_H18510,3.280745976022982e-05
Customer Id_H18633,3.279562351551327e-05
Customer Id_H5128,3.278191156980476e-05
Customer Id_H15842,3.276961630540339e-05
Customer Id_H5516,3.2755150184926324e-05
Customer Id_H16722,3.2751343710316826e-05
Customer Id_H15894,3.273971422945148e-05
Geo_Code_13097,3.273338341122026e-05
Customer Id_H15549,3.273011862905737e-05
Customer Id_H5238,3.2694203719329365e-05
Customer Id_H14082,3.2673441000608844e-05
Customer Id_H3205,3.265905635246722e-05
Customer Id_H6617,3.2645466715043176e-05
Customer Id_H3740,3.263082426416381e-05
Geo_Code_91657,3.2615542792167894e-05
Customer Id_H2121,3.2568958948608425e-05
Customer Id_H14118,3.2553578242965186e-05
Customer Id_H19303,3.254598175544461e-05
Customer Id_H16702,3.2512163528036364e-05
Customer Id_H14597,3.250104668551439e-05
Customer Id_H5021,3.249109561424046e-05
Customer Id_H13550,3.246687125035687e-05
Customer Id_H18947,3.2452526208503434e-05
Customer Id_H14527,3.24427858766781e-05
Customer Id_H15649,3.2422917021681235e-05
Geo_Code_57430,3.239704260075854e-05
Customer Id_H7029,3.236590957548628e-05
Customer Id_H16661,3.235944702797314e-05
Customer Id_H16546,3.2353791769614926e-05
Customer Id_H1841,3.234899142216669e-05
Customer Id_H18128,3.2344347038921974e-05
Customer Id_H3653,3.233615355198397e-05
Customer Id_H16699,3.233240728529809e-05
Customer Id_H2718,3.232717914482936e-05
Geo_Code_33555,3.229859839191938e-05
Customer Id_H16518,3.2297560633301304e-05
Customer Id_H1881,3.228647411262965e-05
Customer Id_H15877,3.221746006259809e-05
Customer Id_H16015,3.218443538095622e-05
Customer Id_H18414,3.217019330563036e-05
Customer Id_H4665,3.216858728612983e-05
Customer Id_H17129,3.2145088053081616e-05
Customer Id_H18676,3.2118735163164015e-05
Customer Id_H15336,3.2087492081860997e-05
Customer Id_H18762,3.2073923896510216e-05
Customer Id_H19813,3.204125539542259e-05
Customer Id_H15643,3.1980449044533926e-05
Customer Id_H19485,3.197185625552355e-05
Customer Id_H2961,3.1961058122840865e-05
Customer Id_H14266,3.19310233472844e-05
Customer Id_H5682,3.1872033072522276e-05
Customer Id_H19970,3.185265813082296e-05
Customer Id_H4136,3.184941968796769e-05
Customer Id_H12893,3.183247674161143e-05
Customer Id_H18228,3.182995461195167e-05
Customer Id_H17166,3.1782757089254415e-05
Customer Id_H4149,3.1771666651738835e-05
Customer Id_H2568,3.1768987594908506e-05
Geo_Code_10081,3.175225358015844e-05
Customer Id_H18376,3.17327248574936e-05
Customer Id_H13018,3.1716758537840415e-05
Customer Id_H50,3.164751491059147e-05
Geo_Code_44154,3.1646683403138856e-05
Customer Id_H19725,3.16452512804895e-05
Customer Id_H19805,3.163624822552018e-05
Customer Id_H6797,3.163269825576343e-05
Customer Id_H16162,3.163210471249589e-05
Customer Id_H17021,3.162972907458375e-05
Customer Id_H17658,3.16113503661359e-05
Customer Id_H6925,3.160671791913142e-05
Customer Id_H6795,3.158467464501351e-05
Customer Id_H4956,3.155943591809396e-05
Customer Id_H17657,3.1558602064038745e-05
Customer Id_H15386,3.154747161930489e-05
Customer Id_H2301,3.153781678722375e-05
Customer Id_H14243,3.148217841631525e-05
Geo_Code_6036,3.147603251528929e-05
Customer Id_H4341,3.1466068291055475e-05
Customer Id_H4447,3.1461994061127916e-05
Customer Id_H6171,3.14047065604112e-05
Customer Id_H12766,3.138335507590666e-05
Customer Id_H290,3.132911174874611e-05
Customer Id_H19025,3.1314754348067666e-05
Customer Id_H15769,3.1279867584145676e-05
Customer Id_H14270,3.125365104198314e-05
Customer Id_H5512,3.124477726165013e-05
Geo_Code_26347,3.1231603558437556e-05
Geo_Code_74016,3.119161529713437e-05
Customer Id_H18854,3.1170091993804686e-05
Geo_Code_2B353,3.115747251299006e-05
Customer Id_H4600,3.1130454088429024e-05
Geo_Code_25388,3.112616551890439e-05
Customer Id_H3599,3.1124406396889443e-05
Customer Id_H16240,3.1066268025113995e-05
Customer Id_H16631,3.1027681427139676e-05
Customer Id_H14449,3.100269608711066e-05
Customer Id_H14695,3.0983300007580225e-05
Customer Id_H2043,3.095586780845887e-05
Customer Id_H5606,3.095043407642891e-05
Customer Id_H4752,3.092387011341465e-05
Customer Id_H1845,3.089937014364058e-05
Customer Id_H16444,3.088843632360339e-05
Customer Id_H2198,3.086660264921001e-05
Customer Id_H677,3.0844082744359255e-05
Customer Id_H4041,3.081424201241395e-05
Geo_Code_13028,3.075510337180057e-05
Customer Id_H5422,3.0732665762277545e-05
Geo_Code_74236,3.073097456943584e-05
Customer Id_H13079,3.071939608478323e-05
Customer Id_H19565,3.0699676502885366e-05
Customer Id_H618,3.065438310553053e-05
Customer Id_H16223,3.064653671903935e-05
Customer Id_H7384,3.064487766231261e-05
Customer Id_H1944,3.063805170320775e-05
Customer Id_H15099,3.062251465094392e-05
Geo_Code_74217,3.061877289565659e-05
Customer Id_H16923,3.0605677294657556e-05
Customer Id_H3508,3.060179762046479e-05
Customer Id_H13080,3.060026646585282e-05
Customer Id_H15161,3.0572787694920335e-05
Customer Id_H5078,3.057168248865221e-05
Customer Id_H1552,3.05455121895924e-05
Geo_Code_82173,3.0499027066339544e-05
Customer Id_H7217,3.0474993909857757e-05
Customer Id_H16902,3.043260345975153e-05
Customer Id_H14532,3.0426475478126615e-05
Geo_Code_73116,3.0420334812798793e-05
Customer Id_H13964,3.0402177785769042e-05
Customer Id_H6022,3.037514526172773e-05
Customer Id_H16899,3.036223719853322e-05
Customer Id_H15697,3.0345757616588214e-05
Customer Id_H3989,3.0332489969247558e-05
Customer Id_H17381,3.029281384007057e-05
Customer Id_H2151,3.0287658703085552e-05
Customer Id_H5436,3.0265263440985944e-05
Customer Id_H1415,3.024393796662402e-05
Geo_Code_34028,3.0235238108209352e-05
Customer Id_H4585,3.021793134724829e-05
Customer Id_H12935,3.0210775839312635e-05
Customer Id_H2524,3.0210473939803554e-05
Customer Id_H274,3.0185787221188508e-05
Customer Id_H17616,3.0184669992500154e-05
Geo_Code_69260,3.015084678257154e-05
Customer Id_H14792,3.0148571348248264e-05
Geo_Code_57606,3.0144670725213862e-05
Geo_Code_15900,3.014155526406008e-05
Customer Id_H530,3.0134911867552163e-05
Customer Id_H16588,3.011829640757565e-05
Customer Id_H18082,3.0110683637639115e-05
Customer Id_H17788,3.0098748054549876e-05
Customer Id_H16748,3.0014146898287067e-05
Customer Id_H272,2.9983569222054817e-05
Customer Id_H594,2.997597685105707e-05
Geo_Code_42207,2.9959156586347877e-05
Customer Id_H5421,2.9942892390767882e-05
Customer Id_H17653,2.9938897416868733e-05
Customer Id_H1547,2.988164666165312e-05
Customer Id_H6602,2.986699601326561e-05
Customer Id_H279,2.9792209388440162e-05
Customer Id_H18750,2.974390631976906e-05
Customer Id_H16263,2.9738640508911933e-05
Geo_Code_30011,2.9730162371145793e-05
Customer Id_H13744,2.9704185038508295e-05
Customer Id_H5711,2.9680996673800634e-05
Customer Id_H16292,2.9583989455338522e-05
Customer Id_H5807,2.9581223294664697e-05
Customer Id_H273,2.9562540449744923e-05
Customer Id_H16002,2.9559227518079042e-05
Customer Id_H15450,2.9513882294248424e-05
Customer Id_H15606,2.9503416438436386e-05
Customer Id_H17218,2.9501559666242743e-05
Customer Id_H6966,2.9474054033490413e-05
Geo_Code_4126,2.9455859591465904e-05
Customer Id_H7133,2.9453490999716156e-05
Customer Id_H15872,2.9423136654906232e-05
Customer Id_H15484,2.9417078669286024e-05
Customer Id_H2005,2.941488681997813e-05
Customer Id_H12996,2.9396642625484725e-05
Customer Id_H16355,2.9384625511989148e-05
Customer Id_H5099,2.9360255541375414e-05
Customer Id_H16836,2.9346281851129953e-05
Geo_Code_73920,2.9319346930444454e-05
Customer Id_H4285,2.9292792911203808e-05
Customer Id_H12901,2.928159272982141e-05
Customer Id_H235,2.9227774418181725e-05
Customer Id_H288,2.9222644710719075e-05
Geo_Code_2059,2.9212422865325093e-05
Geo_Code_60346,2.9174510940326305e-05
Customer Id_H18945,2.9162158917270612e-05
Customer Id_H1624,2.9158436360086835e-05
Customer Id_H13932,2.9117033815926123e-05
Customer Id_H17954,2.910768978929995e-05
Geo_Code_74014,2.9106212364774043e-05
Customer Id_H4158,2.9080490616610505e-05
Customer Id_H4469,2.9072262300036348e-05
Customer Id_H6162,2.9039419482980962e-05
Customer Id_H7138,2.9021729071812286e-05
Customer Id_H14356,2.8998915891692846e-05
Customer Id_H19788,2.8980699714070942e-05
Customer Id_H14791,2.8972792892812665e-05
Customer Id_H6537,2.8961052401719624e-05
Customer Id_H15878,2.895016485554225e-05
Geo_Code_91215,2.8941053460087193e-05
Customer Id_H18577,2.8938193395261566e-05
Customer Id_H12871,2.886571549074051e-05
Customer Id_H15989,2.8851622792767412e-05
Customer Id_H4637,2.883224054052692e-05
Customer Id_H1771,2.881137145328539e-05
Geo_Code_22215,2.878860651867218e-05
Customer Id_H16871,2.878297984113113e-05
Geo_Code_1143,2.877964725565413e-05
Customer Id_H14428,2.8775663156257035e-05
Customer Id_H13745,2.8756962958271492e-05
Customer Id_H18018,2.872275485536595e-05
Customer Id_H5809,2.8694663441868835e-05
Customer Id_H500,2.866264289832033e-05
Customer Id_H4697,2.8661918188204128e-05
Customer Id_H16021,2.8651684519645408e-05
Geo_Code_74040,2.863634486081748e-05
Geo_Code_42110,2.8631923323401617e-05
Customer Id_H16681,2.8631738555104292e-05
Customer Id_H14105,2.8620262862551587e-05
Customer Id_H1533,2.8619792334572723e-05
Customer Id_H303,2.8614040419890946e-05
Customer Id_H2815,2.8588125289301555e-05
Customer Id_H12767,2.8582368509457895e-05
Customer Id_H14871,2.855378267013194e-05
Customer Id_H16662,2.85085347687913e-05
Customer Id_H325,2.850065110054942e-05
Customer Id_H17313,2.8477702540506024e-05
Customer Id_H19932,2.8465239942005073e-05
Customer Id_H6562,2.8449417952020024e-05
Customer Id_H2015,2.8431961662070908e-05
Customer Id_H15334,2.8429247855482217e-05
Customer Id_H14346,2.8415445230467306e-05
Geo_Code_13031,2.8407223574050154e-05
Customer Id_H18810,2.836942274871486e-05
Customer Id_H1777,2.834773554689639e-05
Customer Id_H5955,2.8271964643329958e-05
Customer Id_H3518,2.826561529845938e-05
Geo_Code_14338,2.816730799157989e-05
Customer Id_H14236,2.8137391639964327e-05
Customer Id_H13700,2.8125204912376e-05
Customer Id_H15543,2.8104107917758982e-05
Customer Id_H16576,2.8068322000857066e-05
Customer Id_H673,2.8055233382541186e-05
Customer Id_H2221,2.8036391006700844e-05
Geo_Code_10333,2.803571734324526e-05
Customer Id_H17626,2.8028358214035745e-05
Customer Id_H6987,2.8012259230093885e-05
Customer Id_H5943,2.80039127041339e-05
Customer Id_H18374,2.798026240225559e-05
Customer Id_H18149,2.7922330315984778e-05
Customer Id_H5307,2.7920955757900042e-05
Customer Id_H13186,2.7917580106070708e-05
Customer Id_H14195,2.791494776849246e-05
Customer Id_H5765,2.7906347237745204e-05
Customer Id_H14084,2.7895946683877516e-05
Customer Id_H626,2.7892172563721454e-05
Customer Id_H13788,2.7847791867906895e-05
Customer Id_H13637,2.784775252349785e-05
Customer Id_H14514,2.779499985712334e-05
Customer Id_H3699,2.7781752188190088e-05
Customer Id_H7228,2.7777294221201346e-05
Customer Id_H17876,2.7776281452476898e-05
Customer Id_H19212,2.7759639397128817e-05
Customer Id_H16764,2.771597436219504e-05
Customer Id_H6733,2.7690467241822826e-05
Customer Id_H6459,2.7682709515764592e-05
Customer Id_H16846,2.767773942408455e-05
Customer Id_H3334,2.7676381368606363e-05
Customer Id_H2324,2.7673111790309625e-05
Customer Id_H2990,2.7663085387489176e-05
Customer Id_H2610,2.765386666259169e-05
Customer Id_H2181,2.7646979250456493e-05
Customer Id_H6455,2.763793934873328e-05
Customer Id_H7357,2.7628941234525975e-05
Customer Id_H18447,2.7624608665389847e-05
Customer Id_H14986,2.759146424529522e-05
Geo_Code_7349,2.7570609521262315e-05
Customer Id_H14747,2.7552127863999346e-05
Customer Id_H215,2.7518104412873712e-05
Geo_Code_90075,2.750461312127143e-05
Geo_Code_44204,2.749199519341895e-05
Customer Id_H7131,2.7476501496688414e-05
Customer Id_H12844,2.747565734135953e-05
Geo_Code_54323,2.7460951724709148e-05
Geo_Code_74180,2.7446440724938818e-05
Geo_Code_91377,2.741725012942939e-05
Customer Id_H6021,2.7405717782771848e-05
Customer Id_H18343,2.7402285661572697e-05
Geo_Code_73128,2.7400782600936375e-05
Customer Id_H3746,2.73591114637886e-05
Customer Id_H392,2.7318941849424086e-05
Customer Id_H1843,2.7316383477103236e-05
Customer Id_H15622,2.7303470426809634e-05
Customer Id_H3358,2.7291014116921194e-05
Customer Id_H4035,2.7276903668589747e-05
Customer Id_H5130,2.7276205203848977e-05
Customer Id_H6792,2.7271595237942774e-05
Customer Id_H374,2.725673331335637e-05
Customer Id_H5893,2.719961632272391e-05
Geo_Code_2408,2.7177791386194665e-05
Customer Id_H5388,2.7164387286032484e-05
Customer Id_H5956,2.7157132562381944e-05
Customer Id_H4230,2.7126356925239914e-05
Geo_Code_2B050,2.7123014841085366e-05
Customer Id_H3602,2.71183079742478e-05
Customer Id_H17277,2.7094856762390588e-05
Customer Id_H19077,2.6993251942461828e-05
Customer Id_H14766,2.6993023940336195e-05
Customer Id_H2566,2.694947025874326e-05
Geo_Code_31022,2.6917614569075304e-05
Customer Id_H14202,2.6904143003360766e-05
Customer Id_H17632,2.6903285940279185e-05
Geo_Code_78650,2.6902269878653507e-05
Customer Id_H14856,2.686354318530541e-05
Customer Id_H16987,2.6848146458774546e-05
Customer Id_H563,2.684625113770099e-05
Customer Id_H14521,2.6841363819963962e-05
Customer Id_H3477,2.6840725630419972e-05
Customer Id_H1997,2.6831048750193438e-05
Customer Id_H627,2.681881612496094e-05
Customer Id_H5217,2.680533540296268e-05
Customer Id_H3595,2.6791381804452063e-05
Geo_Code_30028,2.6761073029411067e-05
Customer Id_H13271,2.6749601023756216e-05
Customer Id_H17846,2.6726689270207392e-05
Customer Id_H16481,2.6708406883298747e-05
Customer Id_H6620,2.66773257702424e-05
Customer Id_H6627,2.6665684915935297e-05
Customer Id_H14589,2.66614107983002e-05
Customer Id_H4218,2.665767289644499e-05
Customer Id_H3080,2.6648902280566396e-05
Customer Id_H6387,2.6648834700338477e-05
Customer Id_H5552,2.6621393933859923e-05
Customer Id_H17486,2.65917600055977e-05
Customer Id_H12642,2.6590900100458555e-05
Geo_Code_83086,2.658881727430112e-05
Customer Id_H3569,2.6574329757392386e-05
Customer Id_H13233,2.6558836131937835e-05
Customer Id_H5764,2.6556910649247282e-05
Geo_Code_73021,2.6534715339029805e-05
Customer Id_H1339,2.650220770442287e-05
Customer Id_H3344,2.6500968271414745e-05
Customer Id_H17022,2.6499693692849584e-05
Customer Id_H14241,2.6492024017305122e-05
Customer Id_H5678,2.646525276821929e-05
Customer Id_H17649,2.6456885918180946e-05
Customer Id_H17791,2.645452880294999e-05
Geo_Code_12176,2.6425820248151375e-05
Customer Id_H6069,2.641370499040559e-05
Customer Id_H6177,2.6399055171678548e-05
Customer Id_H1476,2.6394197323663944e-05
Geo_Code_12084,2.639226734112978e-05
Customer Id_H18209,2.637525359831968e-05
Customer Id_H16137,2.6360892863610543e-05
Geo_Code_26114,2.6330013273824565e-05
Customer Id_H2050,2.632047361656047e-05
Customer Id_H1290,2.63190414321245e-05
Customer Id_H7412,2.6297917577236207e-05
Customer Id_H16443,2.629312076945349e-05
Customer Id_H1639,2.6289581797562457e-05
Customer Id_H13693,2.624806598911193e-05
Geo_Code_6128,2.622387599396281e-05
Customer Id_H5292,2.6216495418713033e-05
Customer Id_H19015,2.6195393979062023e-05
Customer Id_H2494,2.619139926838291e-05
Customer Id_H18594,2.6151400211712533e-05
Customer Id_H3859,2.6133285717673633e-05
Customer Id_H13728,2.612322503542036e-05
Customer Id_H396,2.6120767325954608e-05
Customer Id_H16990,2.6108351183116324e-05
Customer Id_H13800,2.6098870113443786e-05
Customer Id_H18180,2.60967482775735e-05
Customer Id_H1620,2.6091123078362702e-05
Customer Id_H3339,2.6079820137207857e-05
Customer Id_H5319,2.6056730039235487e-05
Customer Id_H6327,2.605338054020329e-05
Customer Id_H7164,2.605042142135513e-05
Customer Id_H3698,2.6038297607395532e-05
Customer Id_H4661,2.597273408193083e-05
Customer Id_H1891,2.5952425908576702e-05
Customer Id_H12663,2.595041333984696e-05
Customer Id_H16530,2.5941355943590338e-05
Geo_Code_88516,2.5912463607241984e-05
Customer Id_H1958,2.5868908100646837e-05
Customer Id_H3607,2.5840044048672546e-05
Customer Id_H18645,2.583717882553407e-05
Customer Id_H14645,2.5829105312060965e-05
Customer Id_H5003,2.582817509336646e-05
Customer Id_H6314,2.581969511172447e-05
Geo_Code_91228,2.580643382654111e-05
Customer Id_H17067,2.579090935999372e-05
Customer Id_H3826,2.578883349474018e-05
Customer Id_H1772,2.5780792799851613e-05
Geo_Code_13096,2.5758295202858167e-05
Customer Id_H6110,2.5742007318950362e-05
Customer Id_H6612,2.5693521175762374e-05
Customer Id_H363,2.56871403473085e-05
Customer Id_H5537,2.5670653993322404e-05
Customer Id_H1529,2.562002273033642e-05
Customer Id_H3588,2.5588083914533636e-05
Customer Id_H5088,2.5587650953844272e-05
Customer Id_H2365,2.5570024294932684e-05
Customer Id_H3677,2.5556809750916978e-05
Customer Id_H4984,2.554579900025384e-05
Customer Id_H17920,2.553307983813628e-05
Customer Id_H15488,2.5513735346200135e-05
Customer Id_H17459,2.5506845913681742e-05
Customer Id_H17260,2.5503676368464837e-05
Geo_Code_64160,2.5487928662981406e-05
Customer Id_H4057,2.5473280152137442e-05
Customer Id_H16248,2.546773218554327e-05
Geo_Code_43089,2.5457726391494416e-05
Customer Id_H230,2.5457079947670107e-05
Customer Id_H12872,2.5422819862322924e-05
Customer Id_H18102,2.5392799956056668e-05
Customer Id_H6796,2.538635771531498e-05
Customer Id_H6260,2.5382459660306632e-05
Customer Id_H5577,2.5377757850635814e-05
Customer Id_H18921,2.5376415551986724e-05
Customer Id_H4480,2.5369208903410985e-05
Geo_Code_14762,2.535293056369585e-05
Customer Id_H17312,2.5339757171306417e-05
Customer Id_H15906,2.5330833654480168e-05
Customer Id_H23,2.532908318185072e-05
Customer Id_H15839,2.531593100617883e-05
Customer Id_H13029,2.530221704805121e-05
Customer Id_H1283,2.5297339247816703e-05
Customer Id_H654,2.5275726485245155e-05
Customer Id_H14283,2.526589046026139e-05
Customer Id_H15124,2.5255258631272985e-05
Customer Id_H3238,2.5167555544047185e-05
Customer Id_H1572,2.515280575111711e-05
Customer Id_H5790,2.513651849580189e-05
Customer Id_H18836,2.5074930898279025e-05
Customer Id_H1619,2.5072229257861823e-05
Customer Id_H5333,2.5038393122212734e-05
Geo_Code_68013,2.5031795347950055e-05
Customer Id_H13432,2.497410943022678e-05
Customer Id_H2585,2.4970418331874505e-05
Customer Id_H2488,2.4958914840242116e-05
Customer Id_H18150,2.495403781892754e-05
Customer Id_H210,2.4918895957400313e-05
Customer Id_H16788,2.4911042587877522e-05
Customer Id_H2960,2.489616478881033e-05
Geo_Code_17274,2.4893267904537645e-05
Customer Id_H3245,2.4892886336265228e-05
Geo_Code_64140,2.487965051107649e-05
Customer Id_H6678,2.4878449194502593e-05
Customer Id_H4067,2.4862847387429015e-05
Customer Id_H4197,2.4858287009632587e-05
Customer Id_H5502,2.4834277935723694e-05
Customer Id_H13690,2.4825389349554693e-05
Customer Id_H5048,2.4797470475063594e-05
Customer Id_H19313,2.4791209741312846e-05
Customer Id_H7257,2.478804799768959e-05
Customer Id_H5525,2.4782001301696883e-05
Customer Id_H5455,2.477225386814042e-05
Customer Id_H2971,2.4770862458574588e-05
Geo_Code_91097,2.4757206235168456e-05
Customer Id_H16206,2.475286617890856e-05
Customer Id_H6145,2.4715182444792604e-05
Customer Id_H16465,2.4712130934372976e-05
Customer Id_H15518,2.469693955986649e-05
Customer Id_H2094,2.4677013616951826e-05
Customer Id_H15028,2.4669917832320146e-05
Customer Id_H13170,2.4645390002204446e-05
Customer Id_H17288,2.4638275899921667e-05
Customer Id_H13874,2.4629128449599448e-05
Customer Id_H17162,2.4609222248760856e-05
Customer Id_H13623,2.4599586066822296e-05
Customer Id_H216,2.452049086671674e-05
Customer Id_H13056,2.4512030926912647e-05
Customer Id_H18076,2.4499012835628536e-05
Customer Id_H6551,2.449301096922481e-05
Customer Id_H5792,2.4486419702662445e-05
Customer Id_H5521,2.4455690525578797e-05
Customer Id_H3298,2.4443862841613164e-05
Customer Id_H19615,2.4413901904546792e-05
Customer Id_H18648,2.4402404527978895e-05
Customer Id_H4537,2.438970729744275e-05
Customer Id_H15071,2.4348357999405644e-05
Customer Id_H7016,2.4334643086012242e-05
Customer Id_H3513,2.4316004894081623e-05
Geo_Code_6094,2.4309924462247433e-05
Customer Id_H5843,2.430286126267341e-05
Customer Id_H6116,2.428906368022662e-05
Customer Id_H16142,2.4273800576406352e-05
Geo_Code_74290,2.424963755785171e-05
Customer Id_H5480,2.424784237226069e-05
Customer Id_H7031,2.4234438672982293e-05
Customer Id_H13356,2.421300232729994e-05
Customer Id_H3303,2.420930340105651e-05
Customer Id_H18471,2.4205011421526257e-05
Customer Id_H14793,2.419084039331852e-05
Customer Id_H19449,2.419010177792842e-05
Customer Id_H18197,2.4189973669856545e-05
Geo_Code_77445,2.4110794926411993e-05
Customer Id_H18602,2.4105057207651787e-05
Customer Id_H15283,2.409458730781524e-05
Customer Id_H5727,2.407804980216287e-05
Customer Id_H17252,2.4067158036291188e-05
Customer Id_H15335,2.4063334194299943e-05
Customer Id_H18333,2.403664404251575e-05
Customer Id_H6688,2.4020249138548012e-05
Customer Id_H1778,2.401964281845609e-05
Customer Id_H4796,2.401907140389792e-05
Customer Id_H13638,2.400705608924301e-05
Customer Id_H17819,2.399560614872192e-05
Customer Id_H14651,2.3989121346994837e-05
Customer Id_H3787,2.3958069149874242e-05
Customer Id_H6205,2.394958095919579e-05
Geo_Code_10297,2.3885341212858765e-05
Customer Id_H16474,2.3865688617011933e-05
Customer Id_H18951,2.3864382339837535e-05
Customer Id_H18623,2.386434420728108e-05
Customer Id_H17099,2.3851465188836686e-05
Customer Id_H18614,2.3802600640876395e-05
Customer Id_H16892,2.377489112094325e-05
Customer Id_H1542,2.3769939512460602e-05
Geo_Code_64407,2.3762131891417662e-05
Customer Id_H229,2.3759108788806208e-05
Customer Id_H12947,2.3751885397598086e-05
Customer Id_H4952,2.374953382352932e-05
Customer Id_H17250,2.3709610452528048e-05
Customer Id_H3981,2.3701910696011697e-05
Customer Id_H13276,2.367257542262292e-05
Customer Id_H3827,2.365445318308709e-05
Customer Id_H16136,2.3627871571632207e-05
Customer Id_H15000,2.3605701862528395e-05
Customer Id_H14217,2.3605627817480757e-05
Customer Id_H18649,2.3590399756367812e-05
Customer Id_H18557,2.3567361564145292e-05
Customer Id_H13047,2.3558473423464155e-05
Geo_Code_92007,2.3545741195794074e-05
Customer Id_H676,2.3521598736821963e-05
Geo_Code_5161,2.3508563136164828e-05
Customer Id_H15662,2.349294122498415e-05
Customer Id_H14440,2.348514284885796e-05
Customer Id_H13648,2.34804764286738e-05
Geo_Code_94043,2.3470539903879475e-05
Customer Id_H3297,2.3463829647979757e-05
Customer Id_H321,2.3439461350318215e-05
Customer Id_H19937,2.3433156365930882e-05
Customer Id_H13760,2.343289733535922e-05
Customer Id_H15895,2.3399210777954915e-05
Customer Id_H1439,2.3386960453158526e-05
Customer Id_H1436,2.3371214291162194e-05
Customer Id_H4296,2.3369257733958307e-05
Customer Id_H19930,2.336784224877095e-05
Customer Id_H3123,2.3359639726427096e-05
Customer Id_H652,2.334907134683161e-05
Customer Id_H7141,2.3343227706913424e-05
Customer Id_H2507,2.3340644806438973e-05
Customer Id_H6653,2.3340593157398473e-05
Customer Id_H7265,2.3338138181769418e-05
Customer Id_H3271,2.333657821669199e-05
Customer Id_H2325,2.3328066578462566e-05
Customer Id_H17678,2.3320974387254886e-05
Customer Id_H3990,2.3319959662629973e-05
Customer Id_H680,2.3317026451498175e-05
Customer Id_H13855,2.330843572108562e-05
Customer Id_H6944,2.3294974086343335e-05
Geo_Code_6148,2.328682082393676e-05
Customer Id_H18258,2.3280523870397468e-05
Customer Id_H17622,2.3261924509078193e-05
Geo_Code_12174,2.325982692837915e-05
Geo_Code_43051,2.3234050716133694e-05
Customer Id_H14504,2.3221652410554742e-05
Geo_Code_67130,2.321275171978979e-05
Customer Id_H6168,2.32123419726807e-05
Customer Id_H1892,2.3204857691462374e-05
Customer Id_H4414,2.3203619075488984e-05
Customer Id_H1329,2.3199458807019482e-05
Customer Id_H3712,2.319872742161511e-05
Customer Id_H18833,2.3194007931734e-05
Geo_Code_74241,2.3168087042997046e-05
Customer Id_H4803,2.3143919581937126e-05
Customer Id_H4831,2.312337310681889e-05
Customer Id_H18761,2.3120822324857004e-05
Customer Id_H69,2.311890628431331e-05
Customer Id_H7183,2.3099516293341196e-05
Customer Id_H3682,2.3096258727867632e-05
Customer Id_H6454,2.309508361165721e-05
Customer Id_H18011,2.3092932009395308e-05
Customer Id_H18966,2.3091269292617854e-05
Customer Id_H15387,2.308210675311164e-05
Customer Id_H15799,2.3078358909773668e-05
Customer Id_H7103,2.3076947666681968e-05
Customer Id_H15187,2.306733135048051e-05
Customer Id_H4536,2.3051047188313448e-05
Customer Id_H17592,2.3016789437786044e-05
Geo_Code_38075,2.3001481570948644e-05
Customer Id_H16020,2.29977639735922e-05
Customer Id_H13460,2.299261588593165e-05
Geo_Code_38565,2.298351782140969e-05
Geo_Code_77294,2.2974279297143248e-05
Geo_Code_38057,2.293261793292093e-05
Customer Id_H3849,2.2930980082995663e-05
Customer Id_H19958,2.2924318352177217e-05
Customer Id_H6676,2.2912257118874064e-05
Customer Id_H14883,2.28786060934171e-05
Customer Id_H6383,2.2877840263583588e-05
Customer Id_H3767,2.2869306015741343e-05
Customer Id_H19085,2.278836500464546e-05
Customer Id_H17774,2.2778983050998654e-05
Customer Id_H3033,2.277819744255005e-05
Geo_Code_38386,2.2750135130773196e-05
Customer Id_H6405,2.2731324248348016e-05
Customer Id_H3701,2.2729109150628584e-05
Customer Id_H18866,2.2725874652146584e-05
Geo_Code_66148,2.2707962168986877e-05
Customer Id_H6790,2.270124829191953e-05
Customer Id_H6345,2.2675567170534133e-05
Customer Id_H1590,2.2674050769636325e-05
Customer Id_H14997,2.266055234286316e-05
Customer Id_H17959,2.2643989731809062e-05
Customer Id_H13306,2.2631752121481494e-05
Customer Id_H6816,2.261983182485739e-05
Customer Id_H13190,2.2612568569619676e-05
Customer Id_H13393,2.26034207235993e-05
Customer Id_H14258,2.2592813085213497e-05
Customer Id_H18675,2.2589546109598606e-05
Customer Id_H546,2.2578823595089297e-05
Customer Id_H2995,2.2565723285423712e-05
Customer Id_H16452,2.255784129869517e-05
Customer Id_H19678,2.2555610770361556e-05
Customer Id_H18713,2.252016557040119e-05
Customer Id_H18070,2.2493658900802046e-05
Customer Id_H4359,2.2492186832848374e-05
Customer Id_H7028,2.2491449424422274e-05
Customer Id_H13555,2.2491162591116527e-05
Customer Id_H13303,2.2489405871500895e-05
Customer Id_H2468,2.247189879854508e-05
Customer Id_H5129,2.2453719931548184e-05
Customer Id_H16520,2.2452031809516722e-05
Customer Id_H14043,2.2445608865650307e-05
Customer Id_H1676,2.243252720396353e-05
Customer Id_H2959,2.2414872804331246e-05
Customer Id_H13783,2.240355932205505e-05
Customer Id_H3674,2.240245267910036e-05
Customer Id_H18667,2.234037494791244e-05
Customer Id_H15910,2.2338006885979155e-05
Customer Id_H14842,2.2298753398231594e-05
Customer Id_H16510,2.226197567859249e-05
Customer Id_H3803,2.2248534098571638e-05
Customer Id_H1734,2.224632472141478e-05
Customer Id_H337,2.2244315704971753e-05
Customer Id_H15613,2.2214408817327526e-05
Customer Id_H2600,2.2213122055775462e-05
Geo_Code_7281,2.2212233720439436e-05
Customer Id_H1374,2.2194178843631698e-05
Customer Id_H5747,2.217054961458082e-05
Geo_Code_6152,2.2157793167188302e-05
Geo_Code_69034,2.2146986794387676e-05
Customer Id_H13349,2.2140616409249172e-05
Customer Id_H18037,2.2137817734880306e-05
Customer Id_H18832,2.213473485159748e-05
Customer Id_H6756,2.2134005301572002e-05
Customer Id_H15100,2.212703485542027e-05
Customer Id_H15954,2.210578721173848e-05
Customer Id_H16835,2.209792009039885e-05
Customer Id_H6564,2.2091754597124724e-05
Geo_Code_67204,2.2019233168804e-05
Customer Id_H16668,2.2008084000473877e-05
Customer Id_H2769,2.2005538471974495e-05
Customer Id_H2641,2.1994763322627393e-05
Customer Id_H5387,2.198866261447916e-05
Customer Id_H19181,2.1969250077502884e-05
Geo_Code_66218,2.1944326668610523e-05
Customer Id_H5036,2.193130526803639e-05
Customer Id_H13462,2.191336626883519e-05
Customer Id_H415,2.190398633931139e-05
Customer Id_H1394,2.189326221238379e-05
Customer Id_H15229,2.1880042706018217e-05
Customer Id_H19124,2.1860121428595546e-05
Customer Id_H284,2.1853773496267053e-05
Customer Id_H12848,2.1848904803255016e-05
Customer Id_H14759,2.18066890492417e-05
Customer Id_H6637,2.180236477438487e-05
Customer Id_H17958,2.1760761988876058e-05
Customer Id_H5937,2.175524793008644e-05
Customer Id_H13003,2.173642413463037e-05
Geo_Code_38067,2.1735016375875056e-05
Customer Id_H529,2.1724280468934458e-05
Customer Id_H17859,2.1721402974311656e-05
Customer Id_H3308,2.1696945353825132e-05
Customer Id_H4881,2.1688974747488426e-05
Customer Id_H17607,2.1675930287984977e-05
Customer Id_H16556,2.1665047040331394e-05
Customer Id_H6376,2.1664395354258085e-05
Geo_Code_77333,2.166410394747942e-05
Customer Id_H15905,2.164686544218812e-05
Customer Id_H16787,2.1643559476586227e-05
Customer Id_H7470,2.1640578133142274e-05
Customer Id_H19154,2.1619323762976946e-05
Customer Id_H14775,2.1611285185115977e-05
Customer Id_H6432,2.1555568934193274e-05
Customer Id_H18396,2.1542334975543866e-05
Customer Id_H16550,2.1540291859167897e-05
Customer Id_H14544,2.1530011274209463e-05
Customer Id_H3317,2.151509258239439e-05
Customer Id_H15366,2.148636870235636e-05
Customer Id_H12619,2.1483298710388575e-05
Customer Id_H14309,2.145377250038008e-05
Customer Id_H394,2.1447383497909274e-05
Customer Id_H4122,2.143928379464638e-05
Geo_Code_60139,2.1437852616936314e-05
Customer Id_H5245,2.1432593225938188e-05
Customer Id_H4745,2.1422608146688606e-05
Customer Id_H3512,2.141472414693086e-05
Geo_Code_21292,2.1393955342689977e-05
Customer Id_H15021,2.139346455148905e-05
Customer Id_H17089,2.1392664043726884e-05
Geo_Code_77268,2.1392410127655715e-05
Customer Id_H13925,2.138616521185623e-05
Customer Id_H16250,2.1366743518881776e-05
Geo_Code_43002,2.1355796703839387e-05
Geo_Code_91679,2.1346434514619416e-05
Geo_Code_29085,2.1342747125730352e-05
Customer Id_H14945,2.134080284171233e-05
Customer Id_H2458,2.132676331248863e-05
Customer Id_H18880,2.131421564270309e-05
Customer Id_H6117,2.1272037048915177e-05
Customer Id_H1697,2.1263593075116825e-05
Customer Id_H2088,2.125971130582151e-05
Customer Id_H1846,2.1253818784183332e-05
Customer Id_H16954,2.1242739249968326e-05
Customer Id_H186,2.1209686995120083e-05
Customer Id_H15158,2.118425654068202e-05
Customer Id_H1400,2.117684150851441e-05
Customer Id_H16283,2.1175732827637216e-05
Customer Id_H13414,2.1172235801442777e-05
Customer Id_H19510,2.116824026099807e-05
Customer Id_H18558,2.115019657903401e-05
Customer Id_H15392,2.1124267587905996e-05
Customer Id_H14392,2.1118217655838845e-05
Customer Id_H15393,2.1115772796191315e-05
Customer Id_H1763,2.109317966777349e-05
Customer Id_H2850,2.1084713069885653e-05
Customer Id_H13695,2.1064013049940035e-05
Customer Id_H17052,2.1057147790405116e-05
Customer Id_H14324,2.1047851405172008e-05
Customer Id_H5763,2.099481375214969e-05
Customer Id_H437,2.0987310575487444e-05
Customer Id_H6447,2.09797182635418e-05
Customer Id_H3300,2.0977562072057367e-05
Customer Id_H3500,2.096522229880466e-05
Customer Id_H15784,2.096321190361997e-05
Customer Id_H1937,2.096294227588047e-05
Customer Id_H7234,2.095633483645981e-05
Customer Id_H15902,2.0955603076639495e-05
Customer Id_H2525,2.0945929284238692e-05
Customer Id_H6401,2.0919296518692318e-05
Geo_Code_22186,2.0907367405011418e-05
Geo_Code_68908,2.090328747332542e-05
Customer Id_H5497,2.0898302938856267e-05
Customer Id_H5376,2.0896111590830883e-05
Customer Id_H1617,2.0848476037675544e-05
Customer Id_H4459,2.0843369987755887e-05
Customer Id_H7312,2.0837279935287272e-05
Customer Id_H4263,2.08369605924872e-05
Customer Id_H7058,2.0829154720283613e-05
Customer Id_H7224,2.0826720272504234e-05
Customer Id_H18141,2.082485739588976e-05
Customer Id_H19723,2.081623854593892e-05
Geo_Code_73087,2.0811211318464874e-05
Customer Id_H2124,2.080189418267756e-05
Customer Id_H17197,2.0783923494026216e-05
Customer Id_H1600,2.0782847698775556e-05
Customer Id_H6085,2.0781284774246264e-05
Geo_Code_54483,2.0780653352286014e-05
Geo_Code_43112,2.0767729410521505e-05
Customer Id_H1289,2.0761039241308e-05
Customer Id_H4037,2.0746114335346723e-05
Customer Id_H12681,2.0743098466843834e-05
Geo_Code_74278,2.073550591112041e-05
Customer Id_H562,2.0703803598414623e-05
Geo_Code_54321,2.067346393149289e-05
Customer Id_H5618,2.0670499639698498e-05
Customer Id_H16349,2.066299037176616e-05
Customer Id_H14984,2.065946803024888e-05
Customer Id_H19334,2.064745378624314e-05
Customer Id_H16669,2.062785496905872e-05
Customer Id_H6763,2.0608580954829206e-05
Customer Id_H6665,2.0606863074015114e-05
Geo_Code_95563,2.0595482342648965e-05
Customer Id_H18650,2.0592764103953984e-05
Geo_Code_42095,2.0584400170249244e-05
Customer Id_H15211,2.0571443325293383e-05
Customer Id_H14354,2.056778136677168e-05
Customer Id_H13686,2.055260024818059e-05
Customer Id_H17739,2.055157582356371e-05
Geo_Code_74169,2.0545207986139898e-05
Customer Id_H18313,2.05351509701532e-05
Customer Id_H12733,2.0483026787075725e-05
Customer Id_H14583,2.0462804308434343e-05
Customer Id_H334,2.0418098887010065e-05
Customer Id_H16918,2.039936474498434e-05
Customer Id_H16345,2.0398595526923358e-05
Customer Id_H13106,2.0395594000059267e-05
Customer Id_H5274,2.0342822807747232e-05
Customer Id_H4813,2.0340145738758476e-05
Customer Id_H6411,2.033203691664704e-05
Customer Id_H15388,2.032902521071817e-05
Customer Id_H5216,2.0325702528628956e-05
Geo_Code_13019,2.031331640496909e-05
Customer Id_H18104,2.030632619107201e-05
Geo_Code_80688,2.030052842048368e-05
Customer Id_H19211,2.0259562531190242e-05
Customer Id_H15826,2.0254892994707876e-05
Customer Id_H19888,2.0253285297679345e-05
Geo_Code_17380,2.023554934661364e-05
Customer Id_H18783,2.022822368911815e-05
Customer Id_H14380,2.0204509310488804e-05
Customer Id_H1644,2.0195664604902652e-05
Customer Id_H14393,2.0190912771415615e-05
Customer Id_H1419,2.01765809717616e-05
Customer Id_H17787,2.016816831922271e-05
Geo_Code_91421,2.0166326211795142e-05
Customer Id_H16339,2.01525339543057e-05
Customer Id_H13940,2.0147685723251214e-05
Geo_Code_21166,2.0129566591700203e-05
Customer Id_H4119,2.0118758174592176e-05
Geo_Code_6044,2.0116727469796555e-05
Geo_Code_54482,2.0112722563719412e-05
Customer Id_H2359,2.0037741482905506e-05
Geo_Code_78165,2.0022926305829688e-05
Customer Id_H3941,2.0021756809896243e-05
Customer Id_H5524,1.998878047822934e-05
Customer Id_H7437,1.9986593791776153e-05
Customer Id_H17898,1.997514507433849e-05
Customer Id_H5228,1.997296632016446e-05
Customer Id_H4380,1.9971053949180588e-05
Customer Id_H12909,1.99347730468286e-05
Customer Id_H1956,1.9932766950224065e-05
Customer Id_H6164,1.9932004559125496e-05
Customer Id_H5291,1.9916263498543897e-05
Customer Id_H13669,1.9892208960606568e-05
Customer Id_H14097,1.9889806493064306e-05
Customer Id_H5976,1.9859822354290717e-05
Customer Id_H17820,1.98518895127928e-05
Customer Id_H14253,1.9840429307321788e-05
Customer Id_H2066,1.9829578467471775e-05
Geo_Code_62916,1.9822295114832238e-05
Customer Id_H13368,1.9813161458955125e-05
Customer Id_H16407,1.980933686872402e-05
Customer Id_H19026,1.9809069224344054e-05
Customer Id_H15915,1.9805603886036203e-05
Customer Id_H13360,1.980288237148385e-05
Customer Id_H13978,1.9794356779537108e-05
Customer Id_H5575,1.9777728537896125e-05
Geo_Code_21575,1.9776267459394643e-05
Customer Id_H3629,1.977185418031715e-05
Customer Id_H18882,1.977004431669871e-05
Customer Id_H3061,1.9757198014910618e-05
Customer Id_H14086,1.9749004373295935e-05
Customer Id_H4468,1.9747947322711292e-05
Customer Id_H4029,1.9746968599087435e-05
Customer Id_H4227,1.9746927887158107e-05
Customer Id_H16844,1.9744205720442857e-05
Geo_Code_31561,1.9719888796300242e-05
Customer Id_H18182,1.9692090020347134e-05
Customer Id_H3121,1.9689614722016312e-05
Customer Id_H18930,1.9681510379466798e-05
Customer Id_H5865,1.9675599663601013e-05
Customer Id_H4117,1.9672853804003125e-05
Customer Id_H6271,1.9666797976461104e-05
Customer Id_H17170,1.965836760185875e-05
Customer Id_H13204,1.9657369758415938e-05
Customer Id_H17365,1.9639654390345114e-05
Customer Id_H4651,1.9629514351354268e-05
Customer Id_H2303,1.960586216423806e-05
Customer Id_H1463,1.957653848452103e-05
Customer Id_H13697,1.9575893006242996e-05
Customer Id_H5065,1.9575320464496907e-05
Customer Id_H14725,1.9571634521189395e-05
Customer Id_H15715,1.9536132503183065e-05
Customer Id_H2255,1.9522908416727865e-05
Geo_Code_5077,1.952041463593631e-05
Customer Id_H4613,1.9514233046974977e-05
Customer Id_H17773,1.9501957217408258e-05
Customer Id_H16350,1.9500331167923426e-05
Customer Id_H13510,1.9499529479925725e-05
Customer Id_H12658,1.9498520678953097e-05
Customer Id_H15411,1.94938000180276e-05
Customer Id_H19928,1.948331049210916e-05
Customer Id_H17348,1.948191788725957e-05
Customer Id_H14317,1.947136582701433e-05
Customer Id_H3708,1.9450534259680697e-05
Customer Id_H19316,1.944491748739868e-05
Customer Id_H18378,1.9443419380081183e-05
Geo_Code_62498,1.943630860606524e-05
Customer Id_H14699,1.9420684300374134e-05
Customer Id_H18433,1.9418715974703857e-05
Customer Id_H6267,1.9411237597289395e-05
Customer Id_H17606,1.9409843346714305e-05
Customer Id_H3079,1.9407459166540346e-05
Customer Id_H18241,1.940706361603522e-05
Customer Id_H19167,1.9402187276206846e-05
Geo_Code_78327,1.938728780996876e-05
Geo_Code_44131,1.937826145642569e-05
Customer Id_H6698,1.9375270328644713e-05
Customer Id_H15103,1.934751251052839e-05
Customer Id_H19436,1.934574617130293e-05
Customer Id_H5069,1.9324304275257083e-05
Customer Id_H13668,1.9317076131533544e-05
Customer Id_H1438,1.9296747112021716e-05
Customer Id_H13962,1.927981913893804e-05
Customer Id_H7251,1.92765057003337e-05
Customer Id_H1491,1.92741684305992e-05
Customer Id_H5289,1.9270859606795003e-05
Customer Id_H451,1.9247921029811192e-05
Customer Id_H17455,1.9240364113119578e-05
Customer Id_H6410,1.9230509795066022e-05
Customer Id_H6155,1.9205338754560014e-05
Customer Id_H2179,1.919646594879017e-05
Customer Id_H3436,1.9196369459548943e-05
Customer Id_H681,1.9183051341550825e-05
Customer Id_H430,1.9182176388156367e-05
Geo_Code_77075,1.9180461012375406e-05
Geo_Code_88408,1.9178431243664668e-05
Customer Id_H12758,1.9176770021200273e-05
Customer Id_H3844,1.916724305687054e-05
Customer Id_H3285,1.9165540054729046e-05
Customer Id_H14123,1.916434881914545e-05
Customer Id_H5350,1.915305437475206e-05
Customer Id_H2122,1.9139114600938783e-05
Customer Id_H3038,1.9131114612964827e-05
Geo_Code_91691,1.9117418394744276e-05
Customer Id_H15844,1.9114350555276004e-05
Customer Id_H13467,1.9099980514649726e-05
Customer Id_H1478,1.90984953207583e-05
Customer Id_H15555,1.9086339504093048e-05
Geo_Code_66210,1.9030811251837648e-05
Customer Id_H6153,1.9005486116329724e-05
Customer Id_H5932,1.898591144623696e-05
Customer Id_H14696,1.898563740541656e-05
Customer Id_H1816,1.898379277254506e-05
Customer Id_H2253,1.8971028665725882e-05
Customer Id_H1483,1.8960840047648018e-05
Customer Id_H19402,1.895427423530111e-05
Customer Id_H2282,1.8951853117523455e-05
Customer Id_H6108,1.8949744012428114e-05
Customer Id_H16682,1.894954043019883e-05
Customer Id_H7310,1.8943788413869114e-05
Customer Id_H15066,1.893650088091736e-05
Customer Id_H16357,1.8923988662502297e-05
Customer Id_H6563,1.8911103555458895e-05
Customer Id_H6315,1.890578066553211e-05
Customer Id_H13780,1.8892444021460473e-05
Customer Id_H17272,1.8884662720933555e-05
Customer Id_H13191,1.887938768200028e-05
Customer Id_H6332,1.8878831636616706e-05
Customer Id_H16019,1.88699486024008e-05
Customer Id_H429,1.8854799791526602e-05
Geo_Code_30937,1.8840888728066826e-05
Customer Id_H15558,1.8835584169033e-05
Customer Id_H1632,1.8833723396536728e-05
Customer Id_H3902,1.8824696702619337e-05
Customer Id_H15827,1.8820814972334388e-05
Geo_Code_94017,1.8816745543895948e-05
Customer Id_H7110,1.8797389357750244e-05
Customer Id_H3871,1.8789182051289014e-05
Customer Id_H5772,1.878637082570996e-05
Geo_Code_92033,1.877749056309142e-05
Customer Id_H16775,1.877480839713002e-05
Customer Id_H6370,1.877461630017602e-05
Customer Id_H15025,1.8758797553996698e-05
Customer Id_H6071,1.8750085885665206e-05
Customer Id_H13715,1.873551689900929e-05
Customer Id_H15055,1.8719141175653932e-05
Customer Id_H2004,1.8711706442359886e-05
Customer Id_H16996,1.8711540791963996e-05
Customer Id_H18726,1.8707728609439542e-05
Geo_Code_31203,1.8706970247441377e-05
Customer Id_H13685,1.8699815114295764e-05
Customer Id_H7069,1.8691396537394227e-05
Customer Id_H1606,1.868066035909138e-05
Customer Id_H3939,1.8677653729693043e-05
Customer Id_H17761,1.8664311127892956e-05
Customer Id_H15610,1.8661977221620674e-05
Customer Id_H12731,1.8654917626609702e-05
Customer Id_H12817,1.862392533676266e-05
Customer Id_H13616,1.8614919344322185e-05
Customer Id_H5605,1.8613054245396667e-05
Customer Id_H3076,1.8589078791063396e-05
Customer Id_H4985,1.8588019182902295e-05
Customer Id_H4747,1.8577090189706152e-05
Customer Id_H18008,1.857473247963611e-05
Geo_Code_38930,1.8572731779856374e-05
Customer Id_H17468,1.856373919372246e-05
Customer Id_H7041,1.8563627594816087e-05
Customer Id_H2447,1.8556928064431738e-05
Customer Id_H16783,1.8545165249291206e-05
Customer Id_H13001,1.8538910062281486e-05
Customer Id_H13548,1.8536367615576682e-05
Customer Id_H6934,1.8530225949318816e-05
Geo_Code_78517,1.851771331827743e-05
Customer Id_H3676,1.8511406458829328e-05
Customer Id_H16904,1.8501044714951845e-05
Customer Id_H17563,1.8491176598692904e-05
Customer Id_H13980,1.8488181720325507e-05
Customer Id_H14574,1.8475068191535465e-05
Customer Id_H6694,1.8474865512731353e-05
Geo_Code_57412,1.8461682872253994e-05
Customer Id_H14771,1.845991328848776e-05
Customer Id_H17618,1.8448380723533365e-05
Customer Id_H4519,1.844684651426007e-05
Customer Id_H5215,1.8439154017782863e-05
Geo_Code_7102,1.8403682122718122e-05
Customer Id_H15209,1.8401413042638668e-05
Customer Id_H17359,1.8389845536277627e-05
Geo_Code_12096,1.838440086790664e-05
Customer Id_H3197,1.837623360202403e-05
Customer Id_H17202,1.837292905811177e-05
Customer Id_H3449,1.8352832890670288e-05
Customer Id_H15909,1.8345699413034444e-05
Customer Id_H2214,1.834569044942497e-05
Customer Id_H15686,1.8320987264088577e-05
Customer Id_H13461,1.8317953823578996e-05
Customer Id_H12659,1.8313643384365782e-05
Customer Id_H18481,1.8311741378367613e-05
Customer Id_H17683,1.8310750128846516e-05
Customer Id_H18634,1.8308851853487202e-05
Customer Id_H6427,1.828911432786638e-05
Customer Id_H4203,1.8286944708613415e-05
Customer Id_H2709,1.8286753707465052e-05
Customer Id_H2304,1.828568397173665e-05
Customer Id_H5531,1.8285227462264266e-05
Customer Id_H18449,1.8261055228696443e-05
Customer Id_H14528,1.8260214900974892e-05
Customer Id_H543,1.825619725449891e-05
Geo_Code_74208,1.824696903988676e-05
Geo_Code_66164,1.8210887581730763e-05
Customer Id_H15416,1.8207946869123968e-05
Customer Id_H14995,1.818647126917194e-05
Customer Id_H17558,1.8166829194562702e-05
Customer Id_H4336,1.8145153761879677e-05
Customer Id_H5094,1.8140459390063966e-05
Customer Id_H18434,1.8129683693144852e-05
Customer Id_H15355,1.812904760289585e-05
Customer Id_H7269,1.810752383294479e-05
Customer Id_H16803,1.808456669489635e-05
Customer Id_H4455,1.8058701891812174e-05
Customer Id_H13072,1.8023051812460694e-05
Customer Id_H5332,1.801773208911393e-05
Customer Id_H13173,1.800784835696424e-05
Customer Id_H4238,1.800592103412463e-05
Customer Id_H3967,1.8002377738660668e-05
Customer Id_H14983,1.7998752927186208e-05
Customer Id_H2116,1.7997982991442578e-05
Customer Id_H18587,1.7995424951856134e-05
Customer Id_H19580,1.799269038158633e-05
Customer Id_H4156,1.797406966846342e-05
Customer Id_H4722,1.7968754711461103e-05
Customer Id_H16393,1.7953940497312495e-05
Customer Id_H6277,1.7952570439769358e-05
Customer Id_H3997,1.7948497762628975e-05
Customer Id_H13889,1.7948047262727496e-05
Customer Id_H3377,1.793254359853723e-05
Customer Id_H447,1.79196471873852e-05
Customer Id_H16408,1.7890922429720243e-05
Customer Id_H16212,1.788905706832092e-05
Customer Id_H7101,1.7862232566271118e-05
Customer Id_H2156,1.7862032154668318e-05
Customer Id_H6198,1.7855352983885567e-05
Customer Id_H14502,1.785090185045069e-05
Customer Id_H3932,1.7840635976049617e-05
Customer Id_H14134,1.783377978321361e-05
Customer Id_H14690,1.7830009797686937e-05
Geo_Code_44009,1.7828959995633083e-05
Customer Id_H14543,1.7823574115464017e-05
Geo_Code_6149,1.7820646438322707e-05
Customer Id_H4873,1.7767073248506684e-05
Customer Id_H51,1.776364221638552e-05
Customer Id_H13989,1.775500630340944e-05
Customer Id_H5367,1.7753366092998656e-05
Customer Id_H4058,1.7730472220715626e-05
Customer Id_H13799,1.770271039534612e-05
Geo_Code_40284,1.7702571932005398e-05
Customer Id_H306,1.769558312427655e-05
Customer Id_H6474,1.7693837577273e-05
Customer Id_H18349,1.769237060506969e-05
Customer Id_H6531,1.768947380968487e-05
Customer Id_H16563,1.7688882520766397e-05
Customer Id_H17051,1.767978784699923e-05
Customer Id_H15005,1.7667136835610123e-05
Customer Id_H2089,1.7657388602498115e-05
Customer Id_H17203,1.7647117576745156e-05
Customer Id_H6147,1.7646939672340312e-05
Customer Id_H2577,1.7642704663171372e-05
Customer Id_H3347,1.7638934147776415e-05
Customer Id_H4566,1.7636324769211136e-05
Customer Id_H4345,1.7627997791982724e-05
Customer Id_H13986,1.762630691972215e-05
Geo_Code_94078,1.7614492646506022e-05
Customer Id_H4935,1.7604928098057824e-05
Customer Id_H15795,1.7604113676562903e-05
Geo_Code_54188,1.758936412051697e-05
Customer Id_H18009,1.757701458649928e-05
Customer Id_H13426,1.757507900903739e-05
Customer Id_H5268,1.7567260155888785e-05
Customer Id_H4090,1.755893644048885e-05
Customer Id_H14748,1.7546655939914602e-05
Customer Id_H13739,1.7542442665372252e-05
Customer Id_H16558,1.7534715569356764e-05
Customer Id_H13769,1.7530811565550914e-05
Customer Id_H14637,1.7529639602604933e-05
Customer Id_H4010,1.7525746178090788e-05
Customer Id_H13759,1.7523261065435486e-05
Customer Id_H18867,1.75187578263937e-05
Customer Id_H1597,1.7516380990314106e-05
Customer Id_H19213,1.7498091961396347e-05
Customer Id_H13612,1.7497849499333547e-05
Customer Id_H6471,1.7492700591665635e-05
Customer Id_H15794,1.7468287990333058e-05
Geo_Code_91223,1.74646049135493e-05
Geo_Code_66119,1.7450725673960064e-05
Customer Id_H16253,1.744476116365862e-05
Customer Id_H5888,1.7443820883352455e-05
Customer Id_H5440,1.7440723437143614e-05
Customer Id_H17912,1.7430345347998395e-05
Customer Id_H2470,1.742807730938063e-05
Customer Id_H17701,1.7415511029107958e-05
Customer Id_H17667,1.7413861091315538e-05
Customer Id_H17423,1.740867407975878e-05
Customer Id_H1594,1.740346414389246e-05
Customer Id_H2791,1.739684076521757e-05
Customer Id_H14493,1.7390509835522224e-05
Customer Id_H19950,1.7387114349712094e-05
Customer Id_H14110,1.7366589819159913e-05
Customer Id_H6973,1.7358825361579496e-05
Customer Id_H17040,1.7340606129665953e-05
Customer Id_H3395,1.7336246454610248e-05
Customer Id_H2188,1.7335125729533924e-05
Customer Id_H17578,1.733336323708278e-05
Customer Id_H3857,1.7322946989186298e-05
Customer Id_H13720,1.731118739290983e-05
Customer Id_H489,1.730872344290548e-05
Geo_Code_6084,1.730010020906982e-05
Customer Id_H16167,1.7294795591321878e-05
Customer Id_H5397,1.726304661873679e-05
Customer Id_H15661,1.723855801245284e-05
Customer Id_H17248,1.7235576112330347e-05
Customer Id_H1510,1.7227898595722737e-05
Geo_Code_92072,1.7226305968773674e-05
Customer Id_H7443,1.7204804787095462e-05
Customer Id_H1996,1.717348763774258e-05
Customer Id_H16106,1.7160192173945456e-05
Geo_Code_73285,1.7152534175271417e-05
Customer Id_H14316,1.713945207715812e-05
Customer Id_H7190,1.7132518996096253e-05
Customer Id_H14212,1.7125549377917415e-05
Geo_Code_68300,1.7120187036510796e-05
Customer Id_H14327,1.711227507083857e-05
Customer Id_H4587,1.7111175788948742e-05
Customer Id_H15998,1.710713551283373e-05
Customer Id_H3691,1.7090860647803273e-05
Customer Id_H16464,1.7087736243006967e-05
Customer Id_H13758,1.7060451921309683e-05
Customer Id_H12759,1.704384994670559e-05
Customer Id_H2765,1.703631094802339e-05
Customer Id_H4024,1.702703584915768e-05
Customer Id_H17031,1.7003934370800736e-05
Customer Id_H3851,1.700106347218401e-05
Customer Id_H4789,1.698903385060034e-05
Customer Id_H17498,1.698200659194004e-05
Customer Id_H14463,1.697883779808235e-05
Customer Id_H16635,1.6965694278465198e-05
Customer Id_H16119,1.69650824971358e-05
Customer Id_H3672,1.6963603967319784e-05
Customer Id_H4951,1.6958460530782477e-05
Customer Id_H3312,1.6938456256541397e-05
Customer Id_H17405,1.6927620352451214e-05
Customer Id_H18384,1.6922022134197085e-05
Customer Id_H6520,1.6894379642033574e-05
Customer Id_H14855,1.6893668310706196e-05
Customer Id_H4104,1.6891398101352954e-05
Customer Id_H14614,1.6878893073876312e-05
Customer Id_H19773,1.687857204892774e-05
Customer Id_H3606,1.6875224916753415e-05
Customer Id_H4215,1.6870097644952395e-05
Customer Id_H6566,1.6869945026185772e-05
Customer Id_H2120,1.6850297444164496e-05
Customer Id_H2451,1.6848182668666613e-05
Geo_Code_6007,1.6833428885991032e-05
Customer Id_H5696,1.68089851648431e-05
Customer Id_H5538,1.6806210174954166e-05
Customer Id_H17056,1.680144574321442e-05
Customer Id_H17109,1.6800131670302437e-05
Customer Id_H13193,1.6767077273900553e-05
Customer Id_H15268,1.6764156574399893e-05
Customer Id_H17474,1.676221037365508e-05
Customer Id_H350,1.6748287353218744e-05
Customer Id_H12660,1.6745910427130427e-05
Customer Id_H15871,1.6744575510983143e-05
Customer Id_H19266,1.673527005574489e-05
Customer Id_H1372,1.67262970906518e-05
Geo_Code_5026,1.6705656634734782e-05
Geo_Code_66004,1.670058847307365e-05
Customer Id_H18843,1.670027630459627e-05
Customer Id_H13410,1.6664798453850944e-05
Customer Id_H17173,1.666469253633068e-05
Customer Id_H3788,1.6651214370966887e-05
Customer Id_H7179,1.6645916919095315e-05
Geo_Code_6077,1.664458660342743e-05
Customer Id_H6933,1.6637665863990743e-05
Customer Id_H13727,1.6633056075910803e-05
Customer Id_H18878,1.6625936657818805e-05
Customer Id_H19901,1.6613750575673942e-05
Customer Id_H4172,1.6609106088798753e-05
Customer Id_H16287,1.6608286149215218e-05
Customer Id_H6975,1.660535422861758e-05
Customer Id_H3385,1.659565598522779e-05
Customer Id_H2788,1.6591844339986743e-05
Customer Id_H2142,1.6590673745788915e-05
Customer Id_H17231,1.659013470140104e-05
Customer Id_H7174,1.6585457016003534e-05
Customer Id_H18925,1.657320131221323e-05
Geo_Code_62041,1.6571634629515136e-05
Geo_Code_29185,1.657017197776962e-05
Customer Id_H2331,1.6552208610583865e-05
Customer Id_H1355,1.6546419066318668e-05
Customer Id_H18817,1.654185140976827e-05
Customer Id_H329,1.6521258646284024e-05
Customer Id_H19312,1.6502986736585857e-05
Customer Id_H265,1.64909017144911e-05
Customer Id_H331,1.6488185071709157e-05
Customer Id_H7011,1.648735861336987e-05
Customer Id_H18361,1.6476887808850575e-05
Geo_Code_88413,1.6470779997514104e-05
Customer Id_H17013,1.646360588363857e-05
Customer Id_H19947,1.6427244982527923e-05
Customer Id_H20,1.6410496886512788e-05
Customer Id_H2192,1.640569089852349e-05
Geo_Code_85194,1.6394017802951515e-05
Customer Id_H15170,1.6367968350393907e-05
Customer Id_H13581,1.636015726752967e-05
Geo_Code_94059,1.634800951095537e-05
Customer Id_H16850,1.6343634774152047e-05
Customer Id_H4555,1.6329571340490136e-05
Customer Id_H14109,1.6323090315681616e-05
Customer Id_H2984,1.6308981109830565e-05
Customer Id_H1850,1.6274161287023234e-05
Customer Id_H4500,1.6266308629183618e-05
Customer Id_H2877,1.626486307306929e-05
Customer Id_H4415,1.6255452966213226e-05
Customer Id_H16499,1.625305357556703e-05
Customer Id_H2912,1.622284057595285e-05
Customer Id_H18902,1.6207609694264604e-05
Customer Id_H19265,1.6207386128853916e-05
Customer Id_H4815,1.6205947171181708e-05
Customer Id_H15412,1.620327561170502e-05
Geo_Code_1305,1.6187469655198117e-05
Customer Id_H4711,1.618647075317642e-05
Customer Id_H7015,1.6179855004024858e-05
Customer Id_H2687,1.617884878897431e-05
Customer Id_H17621,1.6156707136861337e-05
Customer Id_H501,1.6145021749710735e-05
Customer Id_H1870,1.6140908251468424e-05
Customer Id_H14111,1.6127448619265627e-05
Customer Id_H14405,1.611441859161659e-05
Customer Id_H15023,1.6105858054177592e-05
Customer Id_H2974,1.6101208765503054e-05
Geo_Code_93053,1.6096962644186318e-05
Customer Id_H17529,1.6088509737747647e-05
Customer Id_H6606,1.6081556897065142e-05
Customer Id_H1398,1.608012696260256e-05
Customer Id_H13920,1.6067001876308222e-05
Customer Id_H19439,1.6058188434290362e-05
Customer Id_H7314,1.6056276330904637e-05
Customer Id_H14838,1.6045295862204547e-05
Customer Id_H15102,1.6044494393753483e-05
Customer Id_H13578,1.603922048766647e-05
Customer Id_H5159,1.603470225886198e-05
Customer Id_H17957,1.603100341400142e-05
Geo_Code_78190,1.602924666661753e-05
Customer Id_H13836,1.602697677189717e-05
Customer Id_H19764,1.6015036475792586e-05
Customer Id_H6261,1.6009247836658485e-05
Customer Id_H19924,1.5999490163312442e-05
Customer Id_H2155,1.598620930462432e-05
Customer Id_H322,1.5979154773507413e-05
Customer Id_H3957,1.5977499074621575e-05
Geo_Code_65195,1.5974321056026413e-05
Customer Id_H18884,1.5970625107630746e-05
Customer Id_H16933,1.596513741414774e-05
Customer Id_H5410,1.5955933935452512e-05
Geo_Code_68249,1.5934135845284024e-05
Customer Id_H6429,1.5924362667260367e-05
Customer Id_H5947,1.5920782203734517e-05
Customer Id_H6603,1.5920117694419914e-05
Customer Id_H18917,1.5911440839000115e-05
Customer Id_H7196,1.5908322828943388e-05
Customer Id_H7102,1.589462516427358e-05
Customer Id_H6706,1.588603490165997e-05
Customer Id_H3220,1.587336578604825e-05
Customer Id_H663,1.5857976124736736e-05
Customer Id_H18071,1.5851538404571135e-05
Customer Id_H6837,1.584135570171941e-05
Geo_Code_42005,1.5841046502626036e-05
Customer Id_H15050,1.5840925518231502e-05
Customer Id_H17325,1.5839806173393187e-05
Customer Id_H3417,1.582826504947695e-05
Customer Id_H13603,1.5820097741863608e-05
Customer Id_H4286,1.5812935414059613e-05
Customer Id_H181,1.5805486947292068e-05
Customer Id_H3246,1.5801853046020303e-05
Geo_Code_83144,1.578342551321547e-05
Customer Id_H17372,1.577427120768606e-05
Customer Id_H3147,1.5760835816053014e-05
Geo_Code_62318,1.5758832185127097e-05
Geo_Code_10343,1.575412716031989e-05
Customer Id_H18405,1.5725173075734702e-05
Customer Id_H17998,1.5720903286770447e-05
Customer Id_H14787,1.571812587968113e-05
Customer Id_H3251,1.5710555209196167e-05
Customer Id_H267,1.5702636358662162e-05
Customer Id_H13689,1.568246135713013e-05
Customer Id_H16430,1.5673667543002897e-05
Customer Id_H6575,1.567200820429252e-05
Customer Id_H12975,1.5662307404994052e-05
Customer Id_H6202,1.5655638556497773e-05
Customer Id_H3882,1.5654478923927683e-05
Customer Id_H14851,1.563555869072758e-05
Customer Id_H13912,1.5610474530163835e-05
Customer Id_H6765,1.5610144106581717e-05
Customer Id_H13302,1.5597449692086994e-05
Customer Id_H6605,1.559741348758539e-05
Geo_Code_24037,1.558038841863894e-05
Geo_Code_95176,1.557885255619832e-05
Customer Id_H15750,1.5573621259557638e-05
Customer Id_H3027,1.5569173831304643e-05
Customer Id_H17693,1.5563657605652532e-05
Customer Id_H2009,1.55577800533125e-05
Customer Id_H19410,1.555337989686979e-05
Customer Id_H13023,1.5543751505738363e-05
Customer Id_H397,1.5530894852800002e-05
Customer Id_H147,1.5528926578552276e-05
Customer Id_H1651,1.551333338047903e-05
Customer Id_H19781,1.5508919202439992e-05
Geo_Code_83071,1.5500281860363483e-05
Customer Id_H5007,1.5485538051739276e-05
Customer Id_H3235,1.5483832376182802e-05
Customer Id_H18451,1.546524765864474e-05
Customer Id_H15370,1.545430781711215e-05
Customer Id_H7343,1.544729407351742e-05
Customer Id_H2140,1.5437584418250028e-05
Customer Id_H18342,1.5430009635054015e-05
Customer Id_H14852,1.5428067843182436e-05
Customer Id_H17805,1.5394304174808522e-05
Geo_Code_42305,1.537831891600291e-05
Geo_Code_8362,1.5367351242022515e-05
Customer Id_H302,1.536136311229621e-05
Customer Id_H17161,1.5355475233746857e-05
Geo_Code_91027,1.5349259384460062e-05
Customer Id_H15923,1.5337672508852553e-05
Customer Id_H14776,1.53028093972797e-05
Customer Id_H18963,1.5298919221521757e-05
Customer Id_H7308,1.5292423495321763e-05
Customer Id_H5340,1.5290776633790645e-05
Customer Id_H5458,1.5288121050889168e-05
Customer Id_H431,1.528535032023945e-05
Customer Id_H3494,1.5277953826642574e-05
Geo_Code_11910,1.527603831437691e-05
Customer Id_H1544,1.5256198000478363e-05
Customer Id_H13696,1.5252816959542322e-05
Customer Id_H3962,1.5247363088427817e-05
Customer Id_H2027,1.5246424502657426e-05
Customer Id_H17225,1.524614709086785e-05
Customer Id_H15114,1.5240303287882162e-05
Customer Id_H6250,1.5237388950485472e-05
Customer Id_H6858,1.5224227703612396e-05
Customer Id_H16983,1.522417448842517e-05
Customer Id_H15533,1.521497927973993e-05
Customer Id_H6834,1.521191929408214e-05
Customer Id_H14173,1.5202658206349473e-05
Customer Id_H14227,1.5188613835038394e-05
Geo_Code_77372,1.5151512352247821e-05
Customer Id_H13397,1.5142068560082484e-05
Geo_Code_94073,1.5141242069957171e-05
Customer Id_H16945,1.5113395001746804e-05
Geo_Code_42222,1.5110634792268039e-05
Customer Id_H16604,1.5109176362378969e-05
Customer Id_H19130,1.5095385868450621e-05
Customer Id_H7009,1.5087658714454772e-05
Geo_Code_77192,1.507089438685266e-05
Geo_Code_95426,1.50688355671334e-05
Geo_Code_84054,1.5053522422911258e-05
Customer Id_H2927,1.5045599977112081e-05
Customer Id_H4848,1.503462224345778e-05
Geo_Code_73094,1.5024703379848268e-05
Customer Id_H18292,1.502123121207717e-05
Customer Id_H6878,1.4995759710055218e-05
Customer Id_H2639,1.498921183452395e-05
Customer Id_H7226,1.4985354015433447e-05
Customer Id_H6535,1.4976060871275992e-05
Customer Id_H4863,1.4975169754520653e-05
Customer Id_H3963,1.4943413161875144e-05
Customer Id_H4636,1.4942307320269402e-05
Customer Id_H3952,1.4940218642975237e-05
Geo_Code_78245,1.4936632636538092e-05
Customer Id_H5160,1.4925676538948551e-05
Customer Id_H3266,1.492206034301501e-05
Customer Id_H406,1.4920572334419908e-05
Customer Id_H48,1.4919228919284904e-05
Customer Id_H13781,1.4916375110262824e-05
Customer Id_H13153,1.4893373389352225e-05
Customer Id_H3946,1.4881723665672337e-05
Customer Id_H13805,1.4879596986943682e-05
Customer Id_H2660,1.4878934761628967e-05
Customer Id_H16023,1.4855484770014725e-05
Customer Id_H17612,1.4852920850308374e-05
Customer Id_H4559,1.4845489033661816e-05
Customer Id_H17374,1.484314774608469e-05
Customer Id_H3118,1.4842755138688877e-05
Customer Id_H18715,1.4842180816557749e-05
Geo_Code_22050,1.483382451440371e-05
Geo_Code_38315,1.4819991479593401e-05
Customer Id_H1674,1.4815302812114813e-05
Customer Id_H14586,1.480224175109963e-05
Customer Id_H17367,1.4788440272565871e-05
Customer Id_H16572,1.4770791146911474e-05
Customer Id_H14927,1.4764348554875005e-05
Customer Id_H13005,1.4756675789482936e-05
Customer Id_H17319,1.4749451942947371e-05
Customer Id_H14500,1.4733557723060973e-05
Customer Id_H2279,1.4731680110547434e-05
Customer Id_H2994,1.4720910485808561e-05
Customer Id_H3695,1.4713694847215118e-05
Customer Id_H3311,1.4695211374902073e-05
Geo_Code_64125,1.4680839060699452e-05
Customer Id_H1874,1.4677439335972382e-05
Customer Id_H3600,1.4670125972918723e-05
Customer Id_H2191,1.466838219645446e-05
Customer Id_H4932,1.4666253823201655e-05
Customer Id_H6428,1.4665004033486833e-05
Customer Id_H5267,1.4658619102936666e-05
Customer Id_H13554,1.4648865783868884e-05
Customer Id_H5471,1.4648728965826234e-05
Customer Id_H16359,1.4645924969878541e-05
Customer Id_H3971,1.4645248396136702e-05
Customer Id_H19765,1.4644528490488414e-05
Geo_Code_61006,1.4636820756095727e-05
Geo_Code_73186,1.4624022095102414e-05
Customer Id_H17680,1.4620449493686994e-05
Customer Id_H17243,1.459484286581041e-05
Customer Id_H1863,1.4590726165815333e-05
Customer Id_H488,1.4574653489263794e-05
Customer Id_H15141,1.4571142945521612e-05
Customer Id_H15958,1.4568263858474427e-05
Customer Id_H5162,1.4566021672362637e-05
Customer Id_H16666,1.456411111739639e-05
Customer Id_H18998,1.4564042170686063e-05
Customer Id_H6997,1.4563002764574202e-05
Customer Id_H17817,1.4558833613043569e-05
Customer Id_H3396,1.4557437569841171e-05
Customer Id_H15772,1.4554315313985456e-05
Customer Id_H14601,1.4546363342870491e-05
Customer Id_H19272,1.4518747526181435e-05
Customer Id_H2211,1.4512076540562307e-05
Customer Id_H3559,1.4511001029325319e-05
Geo_Code_1053,1.4506733158006712e-05
Customer Id_H19003,1.4501254385301099e-05
Customer Id_H18819,1.449503591443518e-05
Customer Id_H13394,1.4493284635827391e-05
Customer Id_H7442,1.4488732190966224e-05
Customer Id_H1660,1.4485542079886649e-05
Customer Id_H14453,1.4481366169802666e-05
Customer Id_H19774,1.4471321433909033e-05
Geo_Code_13027,1.4467750668030342e-05
Customer Id_H16701,1.4459312684231622e-05
Customer Id_H14957,1.444546727490525e-05
Customer Id_H14174,1.4438063359827667e-05
Customer Id_H1511,1.44214723579706e-05
Customer Id_H1830,1.4414107668003215e-05
Customer Id_H1756,1.4413219767233916e-05
Customer Id_H19593,1.441042998097802e-05
Customer Id_H14092,1.4395513749796379e-05
Customer Id_H15583,1.4394433808997035e-05
Customer Id_H18404,1.4385565639798558e-05
Customer Id_H17523,1.4374766677390783e-05
Geo_Code_76410,1.4349440971590428e-05
Customer Id_H6827,1.4347241240691747e-05
Customer Id_H7051,1.4345374320100641e-05
Customer Id_H15460,1.4323777140756087e-05
Customer Id_H15716,1.431737041885161e-05
Customer Id_H15072,1.4309881266776494e-05
Customer Id_H12811,1.430298473593218e-05
Customer Id_H18019,1.4298870558545971e-05
Customer Id_H3012,1.4275700969746618e-05
Customer Id_H16025,1.4261155041880326e-05
Geo_Code_66147,1.4258249228811774e-05
Customer Id_H18535,1.4248055052894592e-05
Customer Id_H15491,1.423386277164213e-05
Customer Id_H4243,1.4229042563773378e-05
Customer Id_H19484,1.4223874826067955e-05
Customer Id_H12808,1.4222652282393574e-05
Geo_Code_76254,1.421945646124281e-05
Customer Id_H16798,1.4215613872401596e-05
Customer Id_H6435,1.4213714276081294e-05
Customer Id_H18194,1.4208280011514093e-05
Customer Id_H6049,1.4203111761193605e-05
Customer Id_H189,1.4202270658206895e-05
Customer Id_H7249,1.4199082053240263e-05
Geo_Code_68067,1.4197185866069766e-05
Customer Id_H14176,1.4189773704247548e-05
Customer Id_H6341,1.4174850780149098e-05
Customer Id_H16821,1.4172986876956808e-05
Customer Id_H16831,1.415894323116288e-05
Customer Id_H5801,1.4156368215579478e-05
Customer Id_H6969,1.41478696808906e-05
Customer Id_H5602,1.4136478137100066e-05
Customer Id_H4282,1.4133056615532227e-05
Customer Id_H6372,1.4131436213947834e-05
Customer Id_H7246,1.4129785703731812e-05
Customer Id_H2305,1.4121804578370795e-05
Customer Id_H5773,1.411482779074242e-05
Customer Id_H15787,1.4109069383491065e-05
Customer Id_H17324,1.4087688408700657e-05
Geo_Code_4197,1.4085384129599533e-05
Customer Id_H18464,1.4079829142636933e-05
Customer Id_H16941,1.4059831205787553e-05
Customer Id_H6833,1.4056555035840583e-05
Customer Id_H7136,1.4044198600452593e-05
Geo_Code_2A090,1.4025799271243912e-05
Customer Id_H4538,1.4023576371631225e-05
Customer Id_H16358,1.4021622959528384e-05
Customer Id_H6186,1.4020777294865122e-05
Customer Id_H16889,1.4014621719194183e-05
Customer Id_H14736,1.3996204501370439e-05
Customer Id_H19645,1.3991030607334747e-05
Geo_Code_30062,1.3987257066684691e-05
Customer Id_H7237,1.3978895257100834e-05
Customer Id_H2514,1.3971576322057008e-05
Customer Id_H5739,1.396607033947021e-05
Customer Id_H13389,1.3954030546785225e-05
Customer Id_H13620,1.3953872522663854e-05
Geo_Code_11441,1.3953531303274191e-05
Customer Id_H2717,1.393783233375798e-05
Geo_Code_12145,1.3922468560642109e-05
Geo_Code_69278,1.3915943864592202e-05
Customer Id_H18636,1.3903950802422159e-05
Customer Id_H14549,1.3902542622568904e-05
Geo_Code_30131,1.3897916134228534e-05
Customer Id_H13659,1.3889370513745697e-05
Customer Id_H4306,1.388903092814351e-05
Geo_Code_33018,1.3887368011886067e-05
Customer Id_H18725,1.3881290371386542e-05
Customer Id_H19769,1.3872736598785404e-05
Geo_Code_90039,1.3872264494857374e-05
Customer Id_H7213,1.3871974069215923e-05
Customer Id_H2371,1.3868365930711966e-05
Customer Id_H13604,1.386272333330432e-05
Customer Id_H18137,1.3860529779261558e-05
Customer Id_H1989,1.38520645229645e-05
Customer Id_H7300,1.3843887299038588e-05
Customer Id_H17358,1.384297113147862e-05
Customer Id_H502,1.3821093891566492e-05
Customer Id_H2701,1.3818895198612247e-05
Customer Id_H16988,1.3810776105395755e-05
Customer Id_H14938,1.3808833869633517e-05
Customer Id_H19475,1.3804871185995157e-05
Customer Id_H4526,1.3801575835922418e-05
Geo_Code_76552,1.3799887698918807e-05
Customer Id_H13691,1.3774156274645836e-05
Customer Id_H6558,1.3768249481829658e-05
Customer Id_H14008,1.376667603251212e-05
Geo_Code_82112,1.3758057566939759e-05
Customer Id_H12696,1.3756389755635586e-05
Customer Id_H2867,1.3754607655669242e-05
Customer Id_H6636,1.3750702177470847e-05
Customer Id_H1877,1.3750381822911642e-05
Customer Id_H6099,1.3749947033096666e-05
Customer Id_H1929,1.374548435498066e-05
Customer Id_H16330,1.371959968082456e-05
Customer Id_H12769,1.3719069722016352e-05
Customer Id_H1513,1.3714865203492314e-05
Customer Id_H18422,1.3711248229217037e-05
Customer Id_H376,1.3705013975485554e-05
Customer Id_H17556,1.3693993341012844e-05
Customer Id_H3143,1.3690610399868415e-05
Customer Id_H1576,1.3689581908598881e-05
Customer Id_H1933,1.3688250791612534e-05
Customer Id_H15519,1.3679950194084272e-05
Customer Id_H1661,1.3679944364480779e-05
Customer Id_H4220,1.3679037117992964e-05
Customer Id_H17969,1.3677979219575535e-05
Customer Id_H13882,1.3676790456676462e-05
Customer Id_H391,1.3667437278960684e-05
Customer Id_H6771,1.3658983731438003e-05
Customer Id_H19320,1.364879888395277e-05
Customer Id_H18436,1.362867429482918e-05
Customer Id_H503,1.3627344368503733e-05
Geo_Code_78358,1.3624337321248716e-05
Customer Id_H15956,1.3603909694861452e-05
Customer Id_H2205,1.3601528445569691e-05
Customer Id_H6148,1.3595635832178308e-05
Customer Id_H4882,1.3595322797234901e-05
Customer Id_H330,1.3593158123677999e-05
Customer Id_H13511,1.3590707498817306e-05
Customer Id_H13057,1.3583806584534716e-05
Customer Id_H6945,1.3581596949883504e-05
Customer Id_H15847,1.3580945635181185e-05
Customer Id_H16342,1.3580749090974477e-05
Customer Id_H17017,1.3562428996091744e-05
Customer Id_H6359,1.3557100493273148e-05
Customer Id_H3579,1.3550946861531588e-05
Geo_Code_16292,1.3525182149515689e-05
Customer Id_H16511,1.352496709540949e-05
Customer Id_H15191,1.3520961018206792e-05
Customer Id_H4865,1.3517436606276724e-05
Customer Id_H565,1.3515318079562745e-05
Customer Id_H4725,1.3513610820264502e-05
Customer Id_H5990,1.3496749589467963e-05
Customer Id_H4052,1.3487317492348355e-05
Customer Id_H6501,1.3487129126609455e-05
Customer Id_H6700,1.3486105600945656e-05
Customer Id_H18487,1.3484552081619824e-05
Customer Id_H14678,1.34842430739567e-05
Customer Id_H5568,1.347810013863245e-05
Customer Id_H17353,1.3475976338798792e-05
Customer Id_H19103,1.3473636892262046e-05
Customer Id_H5336,1.345398334769277e-05
Customer Id_H14596,1.3429372761333478e-05
Customer Id_H168,1.3423873290144167e-05
Customer Id_H14569,1.3413157868573823e-05
Customer Id_H14830,1.3412670838489796e-05
Customer Id_H17764,1.3409046576563495e-05
Customer Id_H16955,1.3401724244736978e-05
Customer Id_H3577,1.3393966238252065e-05
Customer Id_H3230,1.3385387036155208e-05
Customer Id_H16896,1.3385081440672819e-05
Customer Id_H2721,1.338246345981299e-05
Customer Id_H304,1.3373867989860179e-05
Geo_Code_73088,1.3364738110292844e-05
Customer Id_H516,1.3358767429406725e-05
Customer Id_H14595,1.3358679995097578e-05
Customer Id_H2516,1.3353713670286342e-05
Customer Id_H3046,1.3349311013195052e-05
Customer Id_H15202,1.3349004159967862e-05
Customer Id_H14340,1.3339063100718692e-05
Customer Id_H3074,1.3336910709426594e-05
Customer Id_H487,1.3320241102917112e-05
Customer Id_H19807,1.330222262931916e-05
Customer Id_H605,1.3291643997865433e-05
Geo_Code_5052,1.3283095806981805e-05
Customer Id_H60,1.3263913624371959e-05
Customer Id_H6525,1.3246344072402585e-05
Customer Id_H14267,1.324250564870174e-05
Customer Id_H2112,1.323390688283612e-05
Customer Id_H6393,1.3230063952650144e-05
Customer Id_H2785,1.32293270499583e-05
Customer Id_H4958,1.3225745279464432e-05
Customer Id_H5276,1.3217154031083602e-05
Geo_Code_56181,1.3215324058696782e-05
Customer Id_H2599,1.3203052081846355e-05
Geo_Code_5145,1.3180033665415834e-05
Customer Id_H16179,1.3177541383532877e-05
Geo_Code_61001,1.3167092605150012e-05
Customer Id_H13746,1.3164146150878924e-05
Customer Id_H5060,1.3159278718518845e-05
Customer Id_H3113,1.3158456629882323e-05
Customer Id_H18707,1.3155922936293539e-05
Customer Id_H5526,1.3140643209992338e-05
Customer Id_H2229,1.3132419817990237e-05
Customer Id_H1897,1.3128591380205557e-05
Geo_Code_44070,1.3122653886248677e-05
Geo_Code_69072,1.3114123885215258e-05
Customer Id_H1893,1.3101434177803636e-05
Customer Id_H15710,1.3098637410526124e-05
Customer Id_H13009,1.3094462506091206e-05
Customer Id_H14829,1.3090038194074663e-05
Geo_Code_34120,1.30891889574069e-05
Customer Id_H1605,1.307828222612956e-05
Customer Id_H16633,1.307615657918547e-05
Geo_Code_42285,1.3069935581633666e-05
Geo_Code_83101,1.3063274651784917e-05
Customer Id_H2292,1.3061881613864712e-05
Customer Id_H18818,1.3055192561157894e-05
Customer Id_H1308,1.3027750542863203e-05
Customer Id_H4351,1.3019722851425933e-05
Customer Id_H5049,1.3005261700387274e-05
Customer Id_H18712,1.3002642196039892e-05
Customer Id_H5899,1.2998112098287736e-05
Customer Id_H6050,1.2989245560276e-05
Customer Id_H16387,1.2969352194425712e-05
Customer Id_H14673,1.2966755788635351e-05
Customer Id_H18483,1.2948670398076317e-05
Customer Id_H6344,1.2938376070026054e-05
Geo_Code_17028,1.2933371173558309e-05
Customer Id_H14850,1.2932404736242843e-05
Geo_Code_13042,1.292750390878434e-05
Geo_Code_77378,1.2902161792020956e-05
Customer Id_H16093,1.289513632298736e-05
Geo_Code_73296,1.2894703812143201e-05
Customer Id_H6791,1.2893811123455979e-05
Customer Id_H3779,1.288051308498303e-05
Customer Id_H15431,1.2870185482420832e-05
Customer Id_H266,1.2862389378262165e-05
Customer Id_H16202,1.286198037280128e-05
Customer Id_H4993,1.285579231177176e-05
Customer Id_H135,1.2847275347805712e-05
Customer Id_H3584,1.284598249433171e-05
Customer Id_H15079,1.2845007051907433e-05
Customer Id_H18125,1.2825307085944965e-05
Customer Id_H4100,1.2825178437106855e-05
Customer Id_H30,1.2816729225856455e-05
Customer Id_H15234,1.2801447450589145e-05
Customer Id_H33,1.2776326822488561e-05
Customer Id_H19351,1.2753601085983084e-05
Customer Id_H5197,1.2752836297110553e-05
Customer Id_H2111,1.2744899077012296e-05
Geo_Code_2173,1.2742935090053757e-05
Customer Id_H4352,1.2734827801585936e-05
Customer Id_H19315,1.2733762620441062e-05
Customer Id_H504,1.2728228196287078e-05
Customer Id_H6783,1.2727371040280366e-05
Customer Id_H4013,1.2720657234713586e-05
Customer Id_H18134,1.2719702058302657e-05
Customer Id_H4748,1.2708565507566477e-05
Customer Id_H13928,1.270430060698972e-05
Customer Id_H2656,1.270132617805712e-05
Customer Id_H14780,1.2672637004231412e-05
Customer Id_H6964,1.2671074125413665e-05
Customer Id_H13395,1.2664305424007204e-05
Customer Id_H18841,1.2662663243083535e-05
Customer Id_H3690,1.26511840508285e-05
Customer Id_H17300,1.2639020956020421e-05
Geo_Code_33550,1.2637678247070794e-05
Geo_Code_93005,1.2636723446812902e-05
Customer Id_H19300,1.2627769821448583e-05
Customer Id_H3293,1.2618586142296919e-05
Customer Id_H13673,1.2617818082283178e-05
Geo_Code_6073,1.2616267197613792e-05
Customer Id_H15786,1.2602933967305284e-05
Customer Id_H12771,1.2587578742258747e-05
Customer Id_H7318,1.2587302433607624e-05
Customer Id_H3923,1.2581700863060967e-05
Geo_Code_83092,1.2572784835066446e-05
Customer Id_H4862,1.2571782002177836e-05
Customer Id_H4687,1.2571671137642318e-05
Geo_Code_91511,1.2565414736838711e-05
Customer Id_H5068,1.2552601101646832e-05
Customer Id_H14694,1.2552437769292409e-05
Customer Id_H13155,1.2547793099150292e-05
Customer Id_H3215,1.254627458405311e-05
Customer Id_H1493,1.2544732330197132e-05
Customer Id_H16984,1.2535666807687541e-05
Customer Id_H7140,1.2533093744264064e-05
Customer Id_H16513,1.2527941399437539e-05
Customer Id_H14774,1.2522170457968276e-05
Customer Id_H14872,1.2516000080016526e-05
Customer Id_H13014,1.2515489432538818e-05
Geo_Code_38140,1.2511986036803847e-05
Geo_Code_78092,1.250706552809743e-05
Customer Id_H19244,1.2493411270338847e-05
Customer Id_H18653,1.24906140110517e-05
Customer Id_H7272,1.249006745401865e-05
Customer Id_H14481,1.2489730173711723e-05
Customer Id_H3493,1.2487949303606458e-05
Customer Id_H7359,1.2486982262634944e-05
Customer Id_H4959,1.2475596480870777e-05
Customer Id_H3357,1.2473164755913713e-05
Customer Id_H5445,1.2469471032137256e-05
Customer Id_H19762,1.2446642643241128e-05
Customer Id_H7364,1.2442635469444117e-05
Customer Id_H15169,1.2434165986553981e-05
Customer Id_H6317,1.2419051717069357e-05
Customer Id_H5945,1.2413589259077591e-05
Geo_Code_59295,1.240770017889436e-05
Geo_Code_34150,1.2399952579145322e-05
Customer Id_H4133,1.2395676970391278e-05
Customer Id_H17465,1.2380246237624988e-05
Customer Id_H6125,1.237761545025839e-05
Customer Id_H5972,1.2372176824247008e-05
Customer Id_H14025,1.2370709888702758e-05
Customer Id_H15638,1.2366939215764476e-05
Customer Id_H3644,1.2358880252768685e-05
Customer Id_H286,1.235789054310634e-05
Customer Id_H3628,1.2349485655621434e-05
Customer Id_H14966,1.2345804379106616e-05
Customer Id_H17015,1.2336189940343139e-05
Geo_Code_74182,1.2326172429407199e-05
Customer Id_H2204,1.2307061036246027e-05
Customer Id_H6245,1.230704649611403e-05
Customer Id_H2042,1.229710557350827e-05
Customer Id_H15432,1.2296719815804971e-05
Customer Id_H4245,1.228925628804942e-05
Customer Id_H444,1.2268774354951648e-05
Customer Id_H2406,1.2259506589314726e-05
Customer Id_H6589,1.2249484724207115e-05
Customer Id_H6299,1.2248468108830978e-05
Customer Id_H14790,1.2239878194141425e-05
Customer Id_H5199,1.2237614756488191e-05
Customer Id_H1609,1.2236856630357851e-05
Customer Id_H19927,1.2230046383741953e-05
Customer Id_H6762,1.222516325782999e-05
Customer Id_H17944,1.2208873846547003e-05
Customer Id_H4817,1.2206362615713869e-05
Customer Id_H4312,1.2198697765080457e-05
Geo_Code_95051,1.2193713377449288e-05
Customer Id_H132,1.2184276563807361e-05
Customer Id_H13679,1.217366459472055e-05
Customer Id_H15576,1.2170303492342592e-05
Customer Id_H3533,1.2163826579420426e-05
Customer Id_H575,1.2159490674807222e-05
Customer Id_H17684,1.2159371943972087e-05
Customer Id_H14175,1.2156518680301729e-05
Customer Id_H5894,1.2147287878972712e-05
Customer Id_H3229,1.2147026396838148e-05
Customer Id_H4703,1.2141649792281386e-05
Geo_Code_59508,1.2135957115821299e-05
Customer Id_H15367,1.2122218289650634e-05
Customer Id_H2083,1.2116474839922687e-05
Customer Id_H7070,1.2111579038357159e-05
Customer Id_H15922,1.210921044807377e-05
Customer Id_H5842,1.2108408791371893e-05
Customer Id_H14554,1.210361030382622e-05
Customer Id_H5315,1.2102125587082106e-05
Customer Id_H4572,1.2100584770902412e-05
Customer Id_H6000,1.2098280290644029e-05
Customer Id_H15459,1.2097517724056152e-05
Customer Id_H3180,1.2085049643708886e-05
Customer Id_H3873,1.2083793352686146e-05
Geo_Code_28134,1.2077284818188855e-05
Customer Id_H14087,1.2071172147714457e-05
Customer Id_H4913,1.2058915207895106e-05
Customer Id_H15830,1.2058841606612462e-05
Customer Id_H6264,1.2047444742256518e-05
Customer Id_H4423,1.204707335932961e-05
Customer Id_H4064,1.1996323835580002e-05
Customer Id_H711,1.1991002737404686e-05
Customer Id_H15577,1.1990656689501943e-05
Customer Id_H6403,1.199001535050499e-05
Customer Id_H6836,1.1986192537297647e-05
Customer Id_H2290,1.197830733004771e-05
Customer Id_H2570,1.1975503606092568e-05
Customer Id_H5666,1.197416380797598e-05
Customer Id_H6079,1.1969869209657875e-05
Customer Id_H4213,1.1968395571968146e-05
Customer Id_H17058,1.196487175306081e-05
Customer Id_H16183,1.1963186285493272e-05
Customer Id_H4383,1.1936522233398418e-05
Customer Id_H14009,1.1935265530428698e-05
Customer Id_H18385,1.1931277779653837e-05
Customer Id_H3352,1.1930585199433533e-05
Customer Id_H18864,1.1929634128985706e-05
Customer Id_H19891,1.1924131587156368e-05
Customer Id_H17467,1.1920513147674048e-05
Customer Id_H4988,1.191907722514878e-05
Customer Id_H1855,1.1916555811285769e-05
Customer Id_H14834,1.191215224083283e-05
Customer Id_H5702,1.191158006262295e-05
Customer Id_H14427,1.191046654655789e-05
Geo_Code_83130,1.1908572190906757e-05
Customer Id_H4209,1.1895108449739517e-05
Geo_Code_34073,1.1891430142298108e-05
Customer Id_H18574,1.1885868535106315e-05
Geo_Code_59650,1.1879192541420044e-05
Customer Id_H7098,1.1874933835485388e-05
Customer Id_H4330,1.187139484046828e-05
Customer Id_H6646,1.1863306332063234e-05
Customer Id_H16169,1.1860977997821733e-05
Customer Id_H15584,1.186026840679784e-05
Customer Id_H6953,1.1851423137931756e-05
Customer Id_H3669,1.1851004517055245e-05
Customer Id_H1693,1.1849934347976069e-05
Customer Id_H3036,1.1833139432834531e-05
Customer Id_H19190,1.1831422285899136e-05
Customer Id_H357,1.1829744705555065e-05
Geo_Code_25147,1.1825052177607191e-05
Customer Id_H16827,1.1815903437524076e-05
Customer Id_H199,1.1812021677342006e-05
Geo_Code_22379,1.1806625137200897e-05
Geo_Code_12208,1.1799838733348933e-05
Geo_Code_32096,1.1798494360359887e-05
Customer Id_H5233,1.1794825184033347e-05
Customer Id_H14899,1.1785705635391415e-05
Customer Id_H17081,1.177472341887819e-05
Customer Id_H19120,1.1771969946681297e-05
Customer Id_H6486,1.1770853814591659e-05
Customer Id_H17138,1.176910675816467e-05
Customer Id_H4210,1.1768311393989185e-05
Customer Id_H5164,1.1760039255131685e-05
Customer Id_H2423,1.1756805251788449e-05
Customer Id_H3745,1.1756463747303017e-05
Customer Id_H4181,1.1745340996073502e-05
Customer Id_H283,1.1739613615514698e-05
Customer Id_H14548,1.1739112524336344e-05
Customer Id_H16744,1.1734640597404573e-05
Customer Id_H6803,1.1732035358613668e-05
Geo_Code_83019,1.1714776928291174e-05
Geo_Code_93013,1.1711050553492197e-05
Customer Id_H14508,1.170687199079255e-05
Customer Id_H15692,1.1704728980901885e-05
Customer Id_H18879,1.1684599427397735e-05
Customer Id_H16781,1.1681112884229876e-05
Customer Id_H4676,1.16712918418945e-05
Customer Id_H1879,1.1658230870683639e-05
Geo_Code_93061,1.1627521323047e-05
Customer Id_H4398,1.1623775375915414e-05
Customer Id_H6573,1.1619547351938942e-05
Customer Id_H1949,1.1614833267165411e-05
Customer Id_H15599,1.1614090097845587e-05
Customer Id_H5883,1.1608012101441888e-05
Customer Id_H14499,1.1607549314094944e-05
Customer Id_H17028,1.1601635798464935e-05
Geo_Code_4088,1.1598105087105555e-05
Customer Id_H17841,1.1594348613028288e-05
Customer Id_H17366,1.1592983255741787e-05
Customer Id_H1854,1.158879751015628e-05
Customer Id_H3626,1.1577438195399275e-05
Customer Id_H5536,1.1563979088291437e-05
Customer Id_H18839,1.1562549537342415e-05
Customer Id_H5768,1.1549479909194987e-05
Customer Id_H18716,1.1541522353257775e-05
Customer Id_H17861,1.1540424047980304e-05
Customer Id_H16598,1.1531819795365778e-05
Customer Id_H5018,1.151831580496946e-05
Customer Id_H3915,1.151695005393943e-05
Customer Id_H5380,1.1513729335601969e-05
Geo_Code_69256,1.1498778925943572e-05
Customer Id_H13184,1.1495627234627294e-05
Customer Id_H3153,1.1493136847373379e-05
Customer Id_H16067,1.148978525722539e-05
Customer Id_H14726,1.1489262470006417e-05
Customer Id_H13327,1.145712860620543e-05
Customer Id_H2779,1.1454339318496941e-05
Customer Id_H6478,1.144759782890865e-05
Customer Id_H4716,1.1437559750898286e-05
Customer Id_H2697,1.1432528417989424e-05
Customer Id_H2863,1.1429853052666512e-05
Geo_Code_4166,1.141913154338924e-05
Customer Id_H2753,1.1414112739808762e-05
Customer Id_H3269,1.1407189360014166e-05
Customer Id_H19795,1.1404623568239646e-05
Customer Id_H5341,1.1396300963179087e-05
Customer Id_H3552,1.1396055217032771e-05
Customer Id_H18116,1.139421739939989e-05
Customer Id_H7365,1.139153721555086e-05
Customer Id_H18813,1.1384516342153007e-05
Customer Id_H1908,1.1379373471737215e-05
Customer Id_H13582,1.13588439675826e-05
Customer Id_H2911,1.1356426923953454e-05
Customer Id_H18562,1.1354414022591278e-05
Customer Id_H14901,1.135402695034421e-05
Customer Id_H17414,1.1346327042122668e-05
Customer Id_H15714,1.1345126480126972e-05
Customer Id_H19584,1.1341923609334759e-05
Customer Id_H14588,1.1334415052837646e-05
Customer Id_H17887,1.1330453299794183e-05
Geo_Code_42119,1.1317971212801973e-05
Customer Id_H2370,1.1315694879864984e-05
Customer Id_H14509,1.1313144928223124e-05
Customer Id_H2378,1.1309817293834031e-05
Customer Id_H15647,1.1296122202409731e-05
Geo_Code_4094,1.1295382244684142e-05
Customer Id_H13438,1.128936865249166e-05
Customer Id_H6643,1.1283471645538704e-05
Customer Id_H3280,1.1283402820582632e-05
Customer Id_H4609,1.1278471861325439e-05
Geo_Code_67414,1.1273050241571571e-05
Customer Id_H14252,1.1260555285935321e-05
Customer Id_H17194,1.125709286922112e-05
Customer Id_H1952,1.1255009972584212e-05
Geo_Code_91345,1.1254799794282614e-05
Customer Id_H399,1.125270780139226e-05
Customer Id_H4773,1.1251736087017305e-05
Customer Id_H2228,1.1242373935829793e-05
Customer Id_H14524,1.1240294959597278e-05
Customer Id_H7400,1.1234288551312807e-05
Customer Id_H6569,1.12289542520994e-05
Customer Id_H16660,1.122575211185345e-05
Customer Id_H5100,1.122247291494611e-05
Geo_Code_74266,1.1219734946269167e-05
Customer Id_H3969,1.1218698483849408e-05
Geo_Code_88465,1.1218136783524941e-05
Customer Id_H17302,1.1213547887581462e-05
Customer Id_H12800,1.121204322453183e-05
Customer Id_H4073,1.1199062772354715e-05
Customer Id_H2700,1.1194656319985855e-05
Customer Id_H686,1.11847850239195e-05
Customer Id_H16652,1.1169767238628237e-05
Customer Id_H3583,1.1166018621127943e-05
Customer Id_H14345,1.116508962199417e-05
Customer Id_H4003,1.1164330011157973e-05
Customer Id_H6661,1.1162432745832342e-05
Customer Id_H19254,1.1156609032240832e-05
Customer Id_H3558,1.1156227429205908e-05
Customer Id_H709,1.1150274090893484e-05
Customer Id_H18518,1.114990641919013e-05
Customer Id_H18439,1.1148057535705527e-05
Customer Id_H5288,1.1143937815769274e-05
Customer Id_H15217,1.1134526282369527e-05
Customer Id_H3032,1.1130539490282338e-05
Customer Id_H2492,1.113047395836117e-05
Customer Id_H710,1.1125372671221552e-05
Customer Id_H14728,1.1117198305978806e-05
Customer Id_H14211,1.110487255400499e-05
Customer Id_H7176,1.1084547083524202e-05
Customer Id_H2326,1.1084079448748039e-05
Customer Id_H1285,1.1083885527520681e-05
Customer Id_H6546,1.1074755804971666e-05
Customer Id_H17589,1.1074440381472328e-05
Customer Id_H18580,1.1072207622838918e-05
Customer Id_H16008,1.1049882837704392e-05
Customer Id_H6303,1.1049274603135319e-05
Customer Id_H6143,1.1047241232000692e-05
Customer Id_H17530,1.1044842287220998e-05
Customer Id_H1481,1.1041969360424099e-05
Customer Id_H15695,1.1038995195153713e-05
Customer Id_H7236,1.1036796684086691e-05
Customer Id_H6339,1.1004009139068081e-05
Customer Id_H400,1.099702800667283e-05
Geo_Code_68138,1.099400984766369e-05
Customer Id_H2794,1.0993200827291723e-05
Customer Id_H2926,1.0992689764175116e-05
Customer Id_H4529,1.0980784954640912e-05
Customer Id_H17350,1.0968890396698892e-05
Customer Id_H7181,1.0958848952357609e-05
Customer Id_H15870,1.0955716678577582e-05
Customer Id_H5660,1.095436422105399e-05
Customer Id_H6302,1.0951348376218573e-05
Geo_Code_74123,1.0947055395368233e-05
Geo_Code_95555,1.094136694809332e-05
Customer Id_H2714,1.092810742791719e-05
Customer Id_H13396,1.092551405581306e-05
Customer Id_H461,1.0921834915497185e-05
Geo_Code_34057,1.0921011362600482e-05
Customer Id_H17995,1.0919045983034334e-05
Customer Id_H3089,1.0914984359504343e-05
Customer Id_H13875,1.0905542536860606e-05
Customer Id_H19598,1.0903564952184674e-05
Customer Id_H1994,1.0900459759403377e-05
Geo_Code_87106,1.0898827425862257e-05
Customer Id_H14946,1.088543573556742e-05
Customer Id_H3282,1.0879554244879315e-05
Customer Id_H6840,1.0877357535804698e-05
Customer Id_H5218,1.087622514439151e-05
Customer Id_H3944,1.0865618779065791e-05
Customer Id_H18607,1.0858588474966797e-05
Customer Id_H4539,1.0854284490790204e-05
Geo_Code_13026,1.084899554276221e-05
Customer Id_H5612,1.0840409941152328e-05
Customer Id_H14002,1.0839195955850778e-05
Customer Id_H19286,1.0832244018066218e-05
Customer Id_H4728,1.0831067152861664e-05
Customer Id_H16456,1.0828782798335428e-05
Customer Id_H3651,1.0828728703080941e-05
Customer Id_H3496,1.082725762401662e-05
Customer Id_H6729,1.0825956632696558e-05
Geo_Code_78586,1.0822589368354686e-05
Customer Id_H13470,1.0818207906986985e-05
Geo_Code_38527,1.0817492688985873e-05
Customer Id_H4563,1.0814811180844675e-05
Customer Id_H5148,1.0811635424364558e-05
Customer Id_H3625,1.0803700934522197e-05
Customer Id_H1864,1.0801877423957022e-05
Customer Id_H1737,1.0798198550123785e-05
Customer Id_H3019,1.079576867179495e-05
Customer Id_H2483,1.0774970925439957e-05
Customer Id_H16415,1.0769707000847501e-05
Customer Id_H5225,1.0769656250867348e-05
Customer Id_H2914,1.0761426981171727e-05
Customer Id_H6686,1.0759738951742552e-05
Customer Id_H18512,1.0741773671651906e-05
Customer Id_H19191,1.0736139282847546e-05
Customer Id_H1546,1.0732032463879326e-05
Customer Id_H14026,1.0731784989481128e-05
Customer Id_H15312,1.0731064626145245e-05
Geo_Code_73029,1.0728327253748966e-05
Customer Id_H2821,1.072811342867848e-05
Customer Id_H3781,1.0726481368190444e-05
Customer Id_H17176,1.0724624039666414e-05
Customer Id_H1341,1.0724130699811699e-05
Customer Id_H4160,1.072276366983008e-05
Customer Id_H1878,1.0715164614682013e-05
Customer Id_H15476,1.0710865130482809e-05
Customer Id_H4174,1.0703368708960816e-05
Customer Id_H7013,1.0696699602383162e-05
Customer Id_H3770,1.0690910584736314e-05
Customer Id_H19247,1.0687242741753784e-05
Customer Id_H16760,1.0686559292132432e-05
Customer Id_H13428,1.0683926121554616e-05
Customer Id_H13383,1.0674153261568927e-05
Geo_Code_77379,1.0670983689927751e-05
Customer Id_H19749,1.0666438475542634e-05
Customer Id_H2127,1.0658693857777077e-05
Customer Id_H17073,1.0650553795918511e-05
Customer Id_H19798,1.0648841561341115e-05
Customer Id_H13751,1.064186720057523e-05
Customer Id_H16003,1.0638909019204399e-05
Customer Id_H13866,1.0636245694445194e-05
Customer Id_H14113,1.0633172572419503e-05
Customer Id_H1948,1.0630840614112691e-05
Geo_Code_83018,1.062895960298986e-05
Customer Id_H1928,1.0626664011773017e-05
Geo_Code_38126,1.062585223582971e-05
Geo_Code_30344,1.0624662077071468e-05
Customer Id_H1735,1.0604826730349866e-05
Customer Id_H1267,1.0594818752327337e-05
Customer Id_H5278,1.0587306675620957e-05
Customer Id_H361,1.0575585300037523e-05
Customer Id_H17595,1.057286445937429e-05
Customer Id_H6152,1.057069777691432e-05
Customer Id_H17059,1.0568797494259516e-05
Customer Id_H1636,1.0558724714996494e-05
Customer Id_H5659,1.0558629956501148e-05
Customer Id_H17354,1.0554620101562258e-05
Customer Id_H3649,1.0551950441126253e-05
Customer Id_H6812,1.0548972970677572e-05
Customer Id_H17679,1.054303983274271e-05
Customer Id_H4101,1.0532648490703135e-05
Customer Id_H5254,1.0530525471986718e-05
Customer Id_H19553,1.0525550523753444e-05
Customer Id_H16368,1.0516666400529416e-05
Customer Id_H5476,1.0498870598777733e-05
Customer Id_H17146,1.0494694506687045e-05
Customer Id_H15324,1.049093027845257e-05
Customer Id_H14580,1.048109977780128e-05
Customer Id_H2396,1.0480688379805155e-05
Geo_Code_38562,1.0478969608662124e-05
Customer Id_H15445,1.0478606492223007e-05
Customer Id_H17748,1.0471652413558267e-05
Customer Id_H17946,1.0466398985112277e-05
Customer Id_H19919,1.0457053910278187e-05
Customer Id_H6734,1.044716569071646e-05
Customer Id_H13169,1.0444986479016648e-05
Customer Id_H18763,1.0434664422472047e-05
Customer Id_H17480,1.0434550922968175e-05
Geo_Code_95488,1.0433731448983164e-05
Customer Id_H4334,1.0430462719466029e-05
Customer Id_H4354,1.0425976397352242e-05
Customer Id_H1461,1.0425726796403191e-05
Customer Id_H14063,1.042525550714179e-05
Customer Id_H14143,1.0422570700361453e-05
Customer Id_H13131,1.0413964430798211e-05
Customer Id_H14773,1.0410504153745937e-05
Customer Id_H6072,1.0391519794475824e-05
Geo_Code_37132,1.038591096218489e-05
Customer Id_H442,1.0380753909158401e-05
Customer Id_H12621,1.0373147593740236e-05
Customer Id_H15632,1.0369849989489917e-05
Customer Id_H15624,1.0364186558294367e-05
Customer Id_H599,1.036377348632684e-05
Customer Id_H18709,1.035984404221824e-05
Customer Id_H19444,1.0357134378625695e-05
Customer Id_H7395,1.0351435868041473e-05
Geo_Code_19272,1.0348078683148159e-05
Customer Id_H19869,1.034698088936818e-05
Customer Id_H3865,1.0344401533324344e-05
Geo_Code_93059,1.033700758714631e-05
Customer Id_H5806,1.0333124432873604e-05
Customer Id_H5111,1.0332160909318693e-05
Customer Id_H2000,1.0325165496931016e-05
Customer Id_H16413,1.0323024071761924e-05
Geo_Code_32013,1.031835077045101e-05
Customer Id_H1532,1.0312599463873324e-05
Customer Id_H4678,1.0307137915983829e-05
Customer Id_H2661,1.0293993245885729e-05
Customer Id_H15113,1.0293270412209844e-05
Customer Id_H17796,1.0286780471961534e-05
Customer Id_H6242,1.0285438747318491e-05
Customer Id_H4262,1.0281161055264401e-05
Customer Id_H3340,1.0269423179638381e-05
Customer Id_H14587,1.0261376429534921e-05
Customer Id_H5255,1.0259717516778466e-05
Customer Id_H1819,1.0242840445555038e-05
Geo_Code_67010,1.0233564087763992e-05
Customer Id_H172,1.023194239906196e-05
Customer Id_H18136,1.0224577684987263e-05
Customer Id_H16037,1.0223081243220275e-05
Customer Id_H6668,1.0220446865095395e-05
Customer Id_H6127,1.0206203962870368e-05
Customer Id_H13101,1.0203989874214422e-05
Customer Id_H590,1.0203826776943093e-05
Customer Id_H6204,1.0193935537435939e-05
Geo_Code_49050,1.0191933329318163e-05
Customer Id_H18139,1.0187807128218837e-05
Customer Id_H15981,1.0185383302637494e-05
Geo_Code_54329,1.0184212707246676e-05
Customer Id_H2562,1.0179197225281068e-05
Customer Id_H3976,1.0178618133197056e-05
Customer Id_H3991,1.0178288840812464e-05
Geo_Code_7181,1.0177450793391613e-05
Customer Id_H2256,1.0174760760297853e-05
Customer Id_H5949,1.017306917431034e-05
Customer Id_H19164,1.015706222844443e-05
Customer Id_H3593,1.014788516997041e-05
Customer Id_H5076,1.01301807270191e-05
Customer Id_H65,1.0126095553523333e-05
Customer Id_H14059,1.0121123164173964e-05
Customer Id_H270,1.0103402574171782e-05
Customer Id_H3661,1.0099852456012715e-05
Customer Id_H18457,1.0099010179837416e-05
Customer Id_H17681,1.0098155539215682e-05
Geo_Code_89069,1.0094944940874087e-05
Customer Id_H4342,1.009135819296469e-05
Customer Id_H7455,1.008719849956212e-05
Customer Id_H4256,1.0079443748851139e-05
Customer Id_H5974,1.007757586385703e-05
Customer Id_H5470,1.0076972174645309e-05
Customer Id_H13421,1.0075060178176296e-05
Customer Id_H6078,1.006290001825377e-05
Customer Id_H4611,1.0056555247515743e-05
Customer Id_H6512,1.0049981822066126e-05
Customer Id_H7456,1.0037705542979132e-05
Customer Id_H3456,1.0037173804416865e-05
Customer Id_H4498,1.0019983484450556e-05
Customer Id_H17328,1.0003857410798802e-05
Geo_Code_88351,9.995532232612376e-06
Customer Id_H4899,9.99100599126202e-06
Customer Id_H4972,9.985359023018927e-06
Customer Id_H217,9.980907597166026e-06
Customer Id_H16573,9.976631282763747e-06
Customer Id_H4440,9.964724063642742e-06
Customer Id_H3950,9.964610542954001e-06
Customer Id_H1470,9.962084057441596e-06
Geo_Code_54043,9.961777848709553e-06
Customer Id_H178,9.960834205457888e-06
Customer Id_H3243,9.946944690220945e-06
Customer Id_H7337,9.944226432419927e-06
Customer Id_H18528,9.94326842843714e-06
Geo_Code_5065,9.942321158215347e-06
Customer Id_H7429,9.941101693248025e-06
Customer Id_H3707,9.934855780575551e-06
Customer Id_H15776,9.922420211712305e-06
Customer Id_H18600,9.907113236096146e-06
Customer Id_H14435,9.904202380642496e-06
Customer Id_H7346,9.894125104594341e-06
Customer Id_H2916,9.891388066087066e-06
Customer Id_H14960,9.875751455998978e-06
Customer Id_H5206,9.869345180891977e-06
Customer Id_H4991,9.868200407386168e-06
Customer Id_H5944,9.863302772717217e-06
Customer Id_H5400,9.862241197872386e-06
Customer Id_H16109,9.853195905591288e-06
Customer Id_H13994,9.840779550386051e-06
Customer Id_H17448,9.8390758436822e-06
Customer Id_H13026,9.837098474858816e-06
Customer Id_H13663,9.834985664952824e-06
Geo_Code_83070,9.834917420121292e-06
Customer Id_H7040,9.832473471218542e-06
Geo_Code_77305,9.818993213922971e-06
Customer Id_H16217,9.817826281389153e-06
Customer Id_H5134,9.814841612556633e-06
Geo_Code_1283,9.811841402694163e-06
Geo_Code_95219,9.80809618698861e-06
Customer Id_H3618,9.80587384988335e-06
Customer Id_H4298,9.802071271722643e-06
Customer Id_H3360,9.801621451877073e-06
Customer Id_H15222,9.800364847520618e-06
Customer Id_H15251,9.782216461118854e-06
Customer Id_H6228,9.776473257742005e-06
Geo_Code_38068,9.76719690544573e-06
Customer Id_H19905,9.75627865418499e-06
Customer Id_H19812,9.747673647662656e-06
Customer Id_H13948,9.745760478911381e-06
Customer Id_H3,9.743571738527298e-06
Customer Id_H16934,9.739172334853056e-06
Customer Id_H2560,9.722286744925104e-06
Customer Id_H2732,9.715933948025446e-06
Customer Id_H14877,9.711791694553755e-06
Customer Id_H13322,9.709307454579328e-06
Customer Id_H18274,9.707189677172019e-06
Geo_Code_40065,9.69929851085794e-06
Geo_Code_42011,9.696501328263642e-06
Customer Id_H13443,9.688334674321218e-06
Customer Id_H14669,9.686536599294067e-06
Customer Id_H15325,9.6812099197222e-06
Customer Id_H2037,9.680655093812672e-06
Customer Id_H6601,9.6800974072273e-06
Geo_Code_38408,9.67776123058759e-06
Customer Id_H15289,9.67453050578631e-06
Customer Id_H18838,9.670940322975132e-06
Customer Id_H5573,9.645702044485371e-06
Geo_Code_81060,9.643910334888211e-06
Customer Id_H1427,9.643829548202837e-06
Customer Id_H17770,9.6316790046397e-06
Customer Id_H18749,9.621666646983149e-06
Customer Id_H15184,9.620455506108431e-06
Customer Id_H14131,9.600182299381826e-06
Geo_Code_91045,9.59753484863918e-06
Customer Id_H13649,9.590016350534709e-06
Customer Id_H6532,9.58704699172471e-06
Customer Id_H13199,9.583507326667185e-06
Customer Id_H4781,9.574361841029477e-06
Geo_Code_60338,9.569529950522662e-06
Customer Id_H15138,9.567856026507645e-06
Geo_Code_64453,9.561589031299109e-06
Customer Id_H5234,9.557392844001171e-06
Customer Id_H18225,9.55688920107955e-06
Customer Id_H14599,9.550137806178383e-06
Geo_Code_74238,9.544757307808798e-06
Customer Id_H18401,9.541898542063333e-06
Customer Id_H19908,9.541668943825946e-06
Customer Id_H505,9.536823585372645e-06
Customer Id_H5925,9.52889437131945e-06
Customer Id_H15429,9.518386079624736e-06
Customer Id_H7245,9.515552195197175e-06
Customer Id_H5867,9.504786099599246e-06
Customer Id_H3603,9.493910874915993e-06
Geo_Code_39097,9.48999899631124e-06
Customer Id_H17999,9.477199413469448e-06
Customer Id_H13767,9.4761501251746e-06
Geo_Code_63300,9.475307679285365e-06
Customer Id_H17185,9.474258330009605e-06
Customer Id_H6503,9.468625285967682e-06
Customer Id_H651,9.46546337922496e-06
Geo_Code_5133,9.464684402623465e-06
Customer Id_H14189,9.464052257375466e-06
Customer Id_H18837,9.456226918433573e-06
Customer Id_H16414,9.439846319860312e-06
Customer Id_H14338,9.436654110134491e-06
Customer Id_H211,9.433848897817284e-06
Customer Id_H18494,9.433068897987804e-06
Customer Id_H6746,9.427745406559448e-06
Customer Id_H19689,9.42194440676726e-06
Customer Id_H1918,9.419848254492378e-06
Customer Id_H13111,9.410906676594822e-06
Customer Id_H3341,9.408161482582084e-06
Customer Id_H18918,9.40129646393297e-06
Customer Id_H6229,9.398294813198838e-06
Customer Id_H3408,9.396654298452833e-06
Customer Id_H1520,9.385811934846766e-06
Customer Id_H1469,9.385027152957284e-06
Customer Id_H13465,9.381707305775116e-06
Customer Id_H19601,9.373145972490465e-06
Customer Id_H5079,9.369254395502239e-06
Customer Id_H5219,9.361822341797987e-06
Customer Id_H3612,9.35701780301873e-06
Customer Id_H18731,9.356046380382745e-06
Geo_Code_77296,9.347587024630244e-06
Customer Id_H18371,9.347473799867408e-06
Customer Id_H4718,9.347010453936188e-06
Customer Id_H13092,9.325927292779263e-06
Customer Id_H17611,9.323014594558335e-06
Customer Id_H12721,9.318916476148496e-06
Customer Id_H5697,9.303503414850407e-06
Customer Id_H14788,9.29996417151899e-06
Customer Id_H7457,9.291576941327727e-06
Customer Id_H1945,9.290616793202261e-06
Geo_Code_42225,9.287985375310847e-06
Geo_Code_69094,9.280974713509095e-06
Customer Id_H18441,9.274544649628263e-06
Customer Id_H3203,9.269401743091462e-06
Customer Id_H2071,9.26645575754458e-06
Customer Id_H14149,9.265244293147686e-06
Customer Id_H5872,9.26486860176057e-06
Customer Id_H7444,9.262508581927933e-06
Customer Id_H3234,9.254194648287299e-06
Customer Id_H14477,9.252635858196953e-06
Customer Id_H18166,9.249314847772388e-06
Customer Id_H4906,9.239785044752488e-06
Customer Id_H5841,9.235027931786736e-06
Customer Id_H19048,9.234691038480223e-06
Customer Id_H4146,9.227427356722555e-06
Geo_Code_91064,9.211928715987039e-06
Customer Id_H17206,9.207722794664177e-06
Customer Id_H15796,9.1998264757489e-06
Customer Id_H7339,9.195012577591665e-06
Customer Id_H7079,9.193350691405001e-06
Customer Id_H7386,9.185124231350399e-06
Customer Id_H12958,9.178538548363209e-06
Geo_Code_76231,9.17542471795164e-06
Customer Id_H4313,9.170797160231075e-06
Customer Id_H15534,9.164184261879916e-06
Customer Id_H15711,9.14653024694139e-06
Customer Id_H16806,9.144051643837599e-06
Customer Id_H14011,9.141631738571627e-06
Customer Id_H295,9.140024932385546e-06
Customer Id_H2206,9.137436478878767e-06
Customer Id_H2006,9.136305318841622e-06
Customer Id_H5008,9.1356340570308e-06
Geo_Code_77390,9.134698939484827e-06
Customer Id_H16144,9.134502346716473e-06
Customer Id_H7243,9.133521029413198e-06
Customer Id_H13400,9.132064225915696e-06
Customer Id_H5882,9.13038236742289e-06
Customer Id_H19319,9.124692765807416e-06
Customer Id_H4625,9.122625708692575e-06
Customer Id_H13896,9.118688919501698e-06
Customer Id_H17489,9.114726287595769e-06
Geo_Code_35299,9.113336337900172e-06
Customer Id_H13542,9.110018335155974e-06
Customer Id_H14754,9.1098664803051e-06
Customer Id_H14922,9.105535985768196e-06
Customer Id_H13522,9.103521170457262e-06
Customer Id_H1999,9.09983228420394e-06
Customer Id_H14936,9.096804154309355e-06
Customer Id_H13566,9.096592736858081e-06
Customer Id_H7451,9.096444473205544e-06
Customer Id_H15408,9.09636450378153e-06
Customer Id_H14498,9.090391235825715e-06
Customer Id_H14374,9.088743594258898e-06
Customer Id_H13407,9.08070886510631e-06
Customer Id_H6856,9.080222003721897e-06
Customer Id_H6604,9.075539314404147e-06
Customer Id_H6296,9.067326441352655e-06
Customer Id_H2484,9.06193624781748e-06
Customer Id_H15768,9.061542469074484e-06
Customer Id_H16264,9.048491351883528e-06
Customer Id_H5588,9.046163458525698e-06
Customer Id_H17849,9.044448461528184e-06
Customer Id_H462,9.043328299013922e-06
Customer Id_H6542,9.040722818108729e-06
Customer Id_H14016,9.037823027628737e-06
Customer Id_H15377,9.025157103478388e-06
Customer Id_H16071,9.022385457114285e-06
Customer Id_H14208,9.016856421070766e-06
Geo_Code_33039,9.013875228870495e-06
Customer Id_H17301,9.003423214790022e-06
Customer Id_H14199,9.000246221894653e-06
Customer Id_H1358,8.999248237106309e-06
Customer Id_H3346,8.990437207983925e-06
Customer Id_H18160,8.982013962196804e-06
Customer Id_H5028,8.97896961143218e-06
Geo_Code_40328,8.975739716809581e-06
Customer Id_H19922,8.975138307262381e-06
Customer Id_H14982,8.971457142431297e-06
Customer Id_H3786,8.962912496316666e-06
Customer Id_H14285,8.958794760548637e-06
Customer Id_H6897,8.957243817113183e-06
Customer Id_H1399,8.948091990235395e-06
Customer Id_H13590,8.942129225024741e-06
Customer Id_H3581,8.932804845768686e-06
Customer Id_H2103,8.92071499113726e-06
Customer Id_H18566,8.919284157784956e-06
Customer Id_H3732,8.911697261167366e-06
Customer Id_H19558,8.905718841629034e-06
Customer Id_H4001,8.883412655516448e-06
Geo_Code_38548,8.883188812804441e-06
Customer Id_H5917,8.873954302143882e-06
Geo_Code_74264,8.86478884597241e-06
Geo_Code_68120,8.857189883052583e-06
Customer Id_H7240,8.856722146923456e-06
Customer Id_H4759,8.854396996043168e-06
Customer Id_H149,8.85279012061354e-06
Customer Id_H3668,8.85236116548031e-06
Customer Id_H13095,8.848596846323573e-06
Customer Id_H4353,8.845466493241892e-06
Customer Id_H4127,8.844057488667034e-06
Customer Id_H5758,8.83959871268184e-06
Customer Id_H3820,8.829823484381335e-06
Customer Id_H16888,8.823962226851744e-06
Customer Id_H16201,8.823130170198317e-06
Customer Id_H14744,8.8151077367908e-06
Customer Id_H3741,8.811294042094492e-06
Customer Id_H12828,8.810378117834576e-06
Geo_Code_56083,8.799471089765716e-06
Geo_Code_95014,8.795619787781046e-06
Customer Id_H19902,8.79410255825128e-06
Customer Id_H13219,8.789494432586782e-06
Customer Id_H18671,8.788620952330365e-06
Customer Id_H13831,8.7867792727169e-06
Customer Id_H18456,8.779540667700596e-06
Customer Id_H13164,8.77652684784234e-06
Customer Id_H12968,8.770566465208398e-06
Customer Id_H179,8.76489416993924e-06
Geo_Code_54273,8.746053875792274e-06
Customer Id_H410,8.742395603047058e-06
Customer Id_H4974,8.732408379871576e-06
Customer Id_H2369,8.723160668903294e-06
Geo_Code_89024,8.710679357274359e-06
Customer Id_H3349,8.700060017010057e-06
Customer Id_H16943,8.698383540262847e-06
Customer Id_H7378,8.690014553405723e-06
Customer Id_H14628,8.687178396304809e-06
Customer Id_H6967,8.67962073609787e-06
Customer Id_H5414,8.676152050265412e-06
Geo_Code_38545,8.673198798463312e-06
Customer Id_H4551,8.66844268018179e-06
Customer Id_H14836,8.664981075438022e-06
Customer Id_H13814,8.663073376251992e-06
Geo_Code_69136,8.66289884697212e-06
Customer Id_H5382,8.65211512697034e-06
Customer Id_H16574,8.646818976359428e-06
Customer Id_H7430,8.637168381936719e-06
Customer Id_H4482,8.62885538066e-06
Customer Id_H2225,8.624091517983676e-06
Customer Id_H2711,8.621984634981313e-06
Customer Id_H17797,8.620842301556254e-06
Customer Id_H16790,8.618101900426805e-06
Customer Id_H19926,8.604060908867835e-06
Customer Id_H3057,8.603715746376515e-06
Customer Id_H17604,8.602430218591629e-06
Customer Id_H14210,8.593946012680197e-06
Customer Id_H2480,8.593159446706586e-06
Customer Id_H3437,8.58851264988175e-06
Customer Id_H3301,8.58481193014746e-06
Customer Id_H14373,8.58365810905334e-06
Geo_Code_2B096,8.577094548574302e-06
Geo_Code_5168,8.57158595193398e-06
Geo_Code_93033,8.569277262023067e-06
Customer Id_H16678,8.566920952315293e-06
Customer Id_H7436,8.563798140078291e-06
Geo_Code_44194,8.552538798370605e-06
Customer Id_H18525,8.551290261830945e-06
Geo_Code_69027,8.549441824945716e-06
Geo_Code_67389,8.535011322590483e-06
Customer Id_H3000,8.527101782936087e-06
Geo_Code_17218,8.524055555906213e-06
Customer Id_H7146,8.522385517264507e-06
Customer Id_H14803,8.519360320546089e-06
Customer Id_H2284,8.518612459332985e-06
Customer Id_H5864,8.517061991113562e-06
Customer Id_H14390,8.515145866582351e-06
Customer Id_H13388,8.513559986566567e-06
Customer Id_H2595,8.511123259247978e-06
Geo_Code_77135,8.508975076863008e-06
Customer Id_H7439,8.508617013599898e-06
Customer Id_H1460,8.486250988943321e-06
Customer Id_H4204,8.482340005927514e-06
Customer Id_H6709,8.475851414125625e-06
Customer Id_H18617,8.470833357403926e-06
Customer Id_H19126,8.467051480218492e-06
Customer Id_H16908,8.46268744776678e-06
Customer Id_H16380,8.450950646907752e-06
Customer Id_H3532,8.44635060927144e-06
Customer Id_H14159,8.439497522972817e-06
Geo_Code_57663,8.436771787355721e-06
Customer Id_H14262,8.43299712773387e-06
Customer Id_H16336,8.42913176366662e-06
Customer Id_H15713,8.42444427934079e-06
Customer Id_H6456,8.415132595428879e-06
Customer Id_H18744,8.414924748650748e-06
Customer Id_H4760,8.412094651183135e-06
Customer Id_H6094,8.409441620155923e-06
Customer Id_H15818,8.407934760782399e-06
Customer Id_H15916,8.406777185550476e-06
Customer Id_H14818,8.406691690973379e-06
Customer Id_H14194,8.399266011888358e-06
Geo_Code_13030,8.398177856224118e-06
Customer Id_H4395,8.39659068573024e-06
Customer Id_H19023,8.39285430479345e-06
Customer Id_H1847,8.388434503864974e-06
Customer Id_H18929,8.388042554164097e-06
Customer Id_H5486,8.38559161053795e-06
Customer Id_H19864,8.384692110065066e-06
Customer Id_H14037,8.384458885468894e-06
Customer Id_H294,8.378286248167383e-06
Customer Id_H19474,8.367178640885292e-06
Customer Id_H1947,8.360478442571351e-06
Customer Id_H6055,8.359510903719302e-06
Customer Id_H19616,8.352471307982768e-06
Customer Id_H2061,8.351946075184145e-06
Customer Id_H6282,8.351251587770067e-06
Geo_Code_83004,8.349798888407727e-06
Customer Id_H15146,8.343963459110704e-06
Customer Id_H5304,8.341802224055401e-06
Customer Id_H13789,8.324499026155158e-06
Customer Id_H19174,8.321523525802906e-06
Customer Id_H6927,8.31148479762294e-06
Customer Id_H2664,8.311159761615923e-06
Customer Id_H15112,8.303314560511212e-06
Customer Id_H2063,8.297009347837634e-06
Customer Id_H19676,8.294874438263598e-06
Customer Id_H19659,8.291808140027236e-06
Customer Id_H2551,8.286201827551313e-06
Customer Id_H2234,8.28538322175212e-06
Customer Id_H15841,8.28530847911432e-06
Customer Id_H1852,8.276996186116921e-06
Customer Id_H17425,8.26762122982791e-06
Customer Id_H6758,8.26531477152722e-06
Customer Id_H6338,8.25849341114648e-06
Customer Id_H3723,8.258296602844007e-06
Customer Id_H14051,8.247751427575742e-06
Customer Id_H14808,8.246895611548906e-06
Customer Id_H3979,8.246884047105622e-06
Geo_Code_95060,8.240070818859316e-06
Customer Id_H15467,8.23555386620963e-06
Customer Id_H16498,8.235015075957914e-06
Customer Id_H6930,8.231864802491137e-06
Geo_Code_69275,8.225171057582075e-06
Customer Id_H12792,8.216557621533359e-06
Customer Id_H5950,8.215220812012907e-06
Customer Id_H15721,8.212818596504379e-06
Geo_Code_60513,8.207342140604872e-06
Geo_Code_4073,8.203942946236024e-06
Customer Id_H19061,8.199840952862187e-06
Customer Id_H1692,8.19362418054756e-06
Customer Id_H19646,8.19274034960429e-06
Customer Id_H3333,8.190852428528976e-06
Customer Id_H2150,8.188923770654926e-06
Geo_Code_33366,8.187225083789675e-06
Geo_Code_34157,8.18294206119034e-06
Customer Id_H2167,8.181105328765394e-06
Customer Id_H6722,8.178543459177107e-06
Customer Id_H7195,8.174693939122214e-06
Customer Id_H282,8.165537596660116e-06
Customer Id_H5583,8.16442367353575e-06
Customer Id_H12706,8.16275273409857e-06
Customer Id_H4884,8.161474923243192e-06
Customer Id_H2657,8.159503377316939e-06
Customer Id_H13705,8.15496404862993e-06
Geo_Code_30075,8.15214680319021e-06
Customer Id_H5788,8.14399250103948e-06
Customer Id_H6365,8.141302121463876e-06
Customer Id_H17687,8.138739214874987e-06
Customer Id_H13325,8.136821825870377e-06
Customer Id_H7266,8.133346352871129e-06
Customer Id_H18913,8.11476394186432e-06
Geo_Code_23096,8.112885458926138e-06
Geo_Code_68021,8.112819307390747e-06
Customer Id_H17294,8.10785926233958e-06
Geo_Code_24322,8.10614205684848e-06
Customer Id_H15380,8.097881104285677e-06
Customer Id_H13344,8.095975650076211e-06
Customer Id_H18851,8.095247151114644e-06
Customer Id_H1700,8.075622517902242e-06
Geo_Code_38306,8.061428885920535e-06
Customer Id_H4735,8.060327090850449e-06
Customer Id_H2403,8.05989033467458e-06
Geo_Code_83017,8.059291423931028e-06
Customer Id_H15673,8.0518485344473e-06
Customer Id_H18291,8.050437493007522e-06
Customer Id_H18210,8.045473726740007e-06
Customer Id_H17497,8.043807411596713e-06
Customer Id_H6352,8.032551255671443e-06
Geo_Code_28173,8.021241969354013e-06
Geo_Code_82033,8.006679308629131e-06
Customer Id_H16333,8.005701476637924e-06
Geo_Code_38317,8.005690658036794e-06
Customer Id_H14061,7.995906024977738e-06
Geo_Code_68362,7.990166105705193e-06
Customer Id_H1826,7.990077359752854e-06
Customer Id_H14003,7.988937406392742e-06
Customer Id_H13651,7.988869043411366e-06
Geo_Code_50626,7.979979351518638e-06
Customer Id_H4494,7.969426311007001e-06
Customer Id_H4165,7.96413059793527e-06
Geo_Code_6089,7.960437103082369e-06
Customer Id_H592,7.957146410102241e-06
Customer Id_H13256,7.953684416505525e-06
Customer Id_H16051,7.948585275917111e-06
Customer Id_H13262,7.935628070533303e-06
Geo_Code_64237,7.930951491123284e-06
Geo_Code_77083,7.92922315393798e-06
Customer Id_H3815,7.927085886804684e-06
Customer Id_H18290,7.916928238780045e-06
Geo_Code_13020,7.91218517884635e-06
Customer Id_H5483,7.911098694749943e-06
Customer Id_H352,7.909928103429867e-06
Customer Id_H13816,7.90771596194391e-06
Customer Id_H19557,7.89916521364084e-06
Customer Id_H14245,7.895496723746304e-06
Customer Id_H2561,7.87739974648157e-06
Customer Id_H15479,7.874937556805618e-06
Customer Id_H12818,7.873925277534099e-06
Customer Id_H15760,7.870678468794661e-06
Customer Id_H5794,7.87000913988556e-06
Customer Id_H5981,7.868167954421497e-06
Customer Id_H19718,7.855377828241404e-06
Customer Id_H4120,7.852711370781009e-06
Customer Id_H19972,7.850632867663256e-06
Customer Id_H15047,7.846091323891199e-06
Geo_Code_25237,7.835747263477463e-06
Customer Id_H17278,7.834621247041408e-06
Customer Id_H2162,7.828920928576655e-06
Customer Id_H6298,7.823747541083564e-06
Customer Id_H18855,7.818762317231484e-06
Customer Id_H7374,7.812800670492608e-06
Geo_Code_51030,7.805998392014806e-06
Customer Id_H495,7.803867745151236e-06
Customer Id_H5611,7.798909423137654e-06
Customer Id_H6577,7.794638134043308e-06
Customer Id_H4720,7.794268918433617e-06
Customer Id_H2728,7.790498734724394e-06
Customer Id_H4553,7.786369223713687e-06
Geo_Code_42330,7.782613183012022e-06
Customer Id_H2467,7.781081459271993e-06
Customer Id_H4761,7.77973900230849e-06
Customer Id_H608,7.778260925958241e-06
Geo_Code_62300,7.77669113075702e-06
Customer Id_H19202,7.775822337335382e-06
Customer Id_H6759,7.767974208608993e-06
Customer Id_H6714,7.767069367464869e-06
Customer Id_H13471,7.7590215279891e-06
Customer Id_H3610,7.751109862087856e-06
Customer Id_H18814,7.749981669645139e-06
Customer Id_H4573,7.74780740975073e-06
Customer Id_H6493,7.74076316985879e-06
Customer Id_H12931,7.732421219491012e-06
Geo_Code_91477,7.728393420604203e-06
Geo_Code_95127,7.720222006028745e-06
Customer Id_H3899,7.69662911514708e-06
Customer Id_H16385,7.695416871758679e-06
Customer Id_H6772,7.674965059183291e-06
Geo_Code_38294,7.669276605135508e-06
Geo_Code_43224,7.659395145154216e-06
Customer Id_H4137,7.651551375089703e-06
Customer Id_H6206,7.643189802490227e-06
Customer Id_H13985,7.641834862032413e-06
Customer Id_H18590,7.641403425490996e-06
Geo_Code_29103,7.640269714429215e-06
Customer Id_H6784,7.637436873801173e-06
Customer Id_H4407,7.632157423912128e-06
Customer Id_H18207,7.629354844073668e-06
Customer Id_H17576,7.624137951906333e-06
Customer Id_H19511,7.621225390152611e-06
Customer Id_H4159,7.619642140939694e-06
Customer Id_H18747,7.618321148055618e-06
Customer Id_H6347,7.61457165964724e-06
Customer Id_H5345,7.611838996347225e-06
Customer Id_H6828,7.606132403727347e-06
Customer Id_H2879,7.603282366520208e-06
Customer Id_H5984,7.589110123030522e-06
Customer Id_H16985,7.584008585974499e-06
Customer Id_H1473,7.57266984020984e-06
Customer Id_H5318,7.569527182239468e-06
Customer Id_H13922,7.566658764927825e-06
Customer Id_H4581,7.565912313580099e-06
Customer Id_H1875,7.558110439828177e-06
Customer Id_H18359,7.53516683109591e-06
Customer Id_H15376,7.534585867238308e-06
Customer Id_H4141,7.530203138739039e-06
Geo_Code_61169,7.529987925845049e-06
Customer Id_H15674,7.529347242329513e-06
Customer Id_H481,7.528999231656479e-06
Customer Id_H4061,7.516062063958934e-06
Customer Id_H18147,7.513950415303916e-06
Geo_Code_13007,7.51295997230326e-06
Customer Id_H13390,7.512843447131803e-06
Customer Id_H18547,7.505860929686872e-06
Customer Id_H2739,7.504268398870164e-06
Customer Id_H3542,7.502133232054648e-06
Customer Id_H5231,7.499158745605509e-06
Customer Id_H6255,7.498360691128193e-06
Customer Id_H2293,7.4895453573461164e-06
Customer Id_H3501,7.488201085773352e-06
Customer Id_H16404,7.481011602227366e-06
Customer Id_H16658,7.465450149260117e-06
Customer Id_H15879,7.462156053598492e-06
Customer Id_H1458,7.4603706698262976e-06
Customer Id_H12999,7.456221531340226e-06
Customer Id_H18146,7.454930962563364e-06
Geo_Code_38087,7.452613531729018e-06
Customer Id_H18364,7.444096562992529e-06
Customer Id_H19878,7.442964998024976e-06
Geo_Code_13087,7.441324811982011e-06
Customer Id_H17002,7.4409532163106105e-06
Customer Id_H6652,7.436599220651927e-06
Customer Id_H6283,7.426052881788073e-06
Customer Id_H3922,7.4254753646873235e-06
Geo_Code_38163,7.423687023337955e-06
Customer Id_H5900,7.422012077682542e-06
Customer Id_H15640,7.418741484929798e-06
Customer Id_H13187,7.4178182803986296e-06
Customer Id_H14379,7.414854039199012e-06
Customer Id_H2018,7.3938817803130185e-06
Customer Id_H15544,7.393332452502028e-06
Customer Id_H14758,7.392655500941164e-06
Customer Id_H17373,7.390552559437718e-06
Customer Id_H3270,7.388021810417419e-06
Customer Id_H3921,7.38675289250802e-06
Customer Id_H4664,7.380931787546586e-06
Customer Id_H16348,7.366504463685263e-06
Customer Id_H17977,7.3661427751265284e-06
Customer Id_H12617,7.361116746595355e-06
Geo_Code_57209,7.360833791653035e-06
Customer Id_H7438,7.354960340663199e-06
Customer Id_H18488,7.352122734543539e-06
Customer Id_H17032,7.351933005355418e-06
Geo_Code_74081,7.350800479803048e-06
Customer Id_H17125,7.337721710099252e-06
Customer Id_H19873,7.328247147962371e-06
Customer Id_H14062,7.326193172143242e-06
Customer Id_H5085,7.325430453941913e-06
Customer Id_H16411,7.323612263949569e-06
Customer Id_H7052,7.32202926594812e-06
Customer Id_H18357,7.317822836600299e-06
Customer Id_H5277,7.31511392443353e-06
Customer Id_H3092,7.30337570052848e-06
Customer Id_H19243,7.289878194447644e-06
Customer Id_H15185,7.289708323826103e-06
Customer Id_H14183,7.28793767910591e-06
Customer Id_H5209,7.2878191874939915e-06
Customer Id_H6218,7.286361373376341e-06
Customer Id_H2166,7.285786123629953e-06
Customer Id_H7255,7.2777105977092105e-06
Customer Id_H17559,7.26819620404365e-06
Customer Id_H12934,7.245420860749967e-06
Customer Id_H7298,7.245295683573267e-06
Customer Id_H5346,7.245070883429883e-06
Customer Id_H4995,7.236745582786323e-06
Customer Id_H2390,7.23019964345575e-06
Customer Id_H6417,7.2262171158183675e-06
Customer Id_H1773,7.226185506440936e-06
Geo_Code_73006,7.22486982119622e-06
Customer Id_H3791,7.223613093894709e-06
Geo_Code_57143,7.2203259650891275e-06
Customer Id_H4382,7.217982832223803e-06
Customer Id_H16351,7.216936100687414e-06
Customer Id_H2392,7.216932348100075e-06
Customer Id_H14854,7.205986295822206e-06
Customer Id_H18144,7.198941605198914e-06
Customer Id_H19608,7.197908003229778e-06
Customer Id_H7135,7.196930135663362e-06
Customer Id_H12810,7.1912053360357555e-06
Customer Id_H15111,7.18550815982371e-06
Customer Id_H16028,7.185097076150376e-06
Customer Id_H17438,7.177939713421124e-06
Customer Id_H14841,7.16832569064334e-06
Customer Id_H3161,7.16183303789175e-06
Customer Id_H15676,7.157366525831419e-06
Customer Id_H6663,7.154952503923679e-06
Customer Id_H17112,7.147467145251725e-06
Customer Id_H3196,7.146972327683188e-06
Customer Id_H5103,7.139981549386173e-06
Geo_Code_60450,7.135424198912851e-06
Customer Id_H4721,7.133337948969659e-06
Customer Id_H4276,7.131080158267764e-06
Customer Id_H1412,7.123066356369401e-06
Customer Id_H17200,7.1191885268460864e-06
Customer Id_H19624,7.117550232295299e-06
Customer Id_H2062,7.116943951649636e-06
Customer Id_H14165,7.11497953530492e-06
Customer Id_H15500,7.111891718310574e-06
Customer Id_H3056,7.108335909768665e-06
Customer Id_H13580,7.107158526444854e-06
Customer Id_H4756,7.096937437562056e-06
Customer Id_H6007,7.096409533266838e-06
Customer Id_H15272,7.096182138124866e-06
Customer Id_H2928,7.079905655432848e-06
Customer Id_H4507,7.078598249595383e-06
Customer Id_H6063,7.073356600602133e-06
Customer Id_H19458,7.071480795858135e-06
Customer Id_H4846,7.070333837587789e-06
Customer Id_H16232,7.059529893884514e-06
Customer Id_H18811,7.054130560282925e-06
Customer Id_H2571,7.0524227855238115e-06
Customer Id_H16208,7.050067674629546e-06
Customer Id_H2007,7.0466186081827916e-06
Customer Id_H16863,7.0425379858884604e-06
Customer Id_H16777,7.042225144462237e-06
Geo_Code_36063,7.038802232829287e-06
Customer Id_H14642,7.029793832719192e-06
Customer Id_H7074,7.017548434291618e-06
Geo_Code_1363,7.012843287780314e-06
Customer Id_H18571,7.012750890924355e-06
Customer Id_H16107,6.997983488662008e-06
Geo_Code_67194,6.99328304326456e-06
Customer Id_H4175,6.9868278272732986e-06
Geo_Code_42275,6.983438003548536e-06
Geo_Code_63103,6.978255831167716e-06
Customer Id_H14977,6.976926248164519e-06
Customer Id_H17349,6.9662010461218805e-06
Customer Id_H16184,6.9657862135994115e-06
Geo_Code_14079,6.964459786118856e-06
Customer Id_H19432,6.953169887453842e-06
Customer Id_H13479,6.947404477133379e-06
Customer Id_H6737,6.946486002531766e-06
Customer Id_H19898,6.9341192835082545e-06
Customer Id_H16791,6.930562463881619e-06
Customer Id_H16390,6.9215875789848575e-06
Customer Id_H16858,6.919069581718744e-06
Customer Id_H14727,6.894461065717815e-06
Customer Id_H6844,6.883488935303559e-06
Customer Id_H2070,6.877228342270884e-06
Customer Id_H7301,6.8744724829399464e-06
Customer Id_H1465,6.868939133331908e-06
Geo_Code_67506,6.868176316946089e-06
Customer Id_H5963,6.867774724374345e-06
Customer Id_H16288,6.851775995367175e-06
Customer Id_H5823,6.845135511683584e-06
Customer Id_H13755,6.84242819479867e-06
Customer Id_H3430,6.839693828831123e-06
Customer Id_H2678,6.834487392792226e-06
Geo_Code_13102,6.8256841663926905e-06
Customer Id_H4110,6.8210641212637775e-06
Customer Id_H12747,6.819565363362543e-06
Customer Id_H1664,6.817946298955373e-06
Customer Id_H5145,6.812028670337207e-06
Customer Id_H3201,6.798817434733524e-06
Customer Id_H1810,6.798360536677617e-06
Customer Id_H19704,6.796102328887528e-06
Customer Id_H13960,6.793689940995878e-06
Customer Id_H2238,6.788383968769738e-06
Customer Id_H5906,6.785420493059534e-06
Customer Id_H3949,6.776975126899408e-06
Geo_Code_57631,6.771578784710397e-06
Customer Id_H6074,6.762586244779659e-06
Customer Id_H2774,6.759124424444166e-06
Customer Id_H18804,6.7562452387227594e-06
Geo_Code_69201,6.754934604058229e-06
Customer Id_H18805,6.753746622873641e-06
Customer Id_H19529,6.751455370672428e-06
Geo_Code_44015,6.751442466143796e-06
Customer Id_H4597,6.750079489588697e-06
Customer Id_H3909,6.742042030777947e-06
Customer Id_H6948,6.740611415275434e-06
Customer Id_H18513,6.739527925218446e-06
Customer Id_H12953,6.7372307335805674e-06
Customer Id_H14024,6.734880354304139e-06
Customer Id_H3330,6.728344824900159e-06
Customer Id_H13222,6.7234661086022535e-06
Geo_Code_44069,6.7224462154858495e-06
Geo_Code_83038,6.717736591057487e-06
Customer Id_H6041,6.717126529576666e-06
Customer Id_H1577,6.713434213349645e-06
Customer Id_H15259,6.69877218220215e-06
Customer Id_H441,6.692468398682724e-06
Customer Id_H4658,6.688569347571257e-06
Geo_Code_74043,6.683245286768553e-06
Customer Id_H2736,6.678736190400932e-06
Customer Id_H18095,6.677115424770567e-06
Customer Id_H14779,6.673258204449238e-06
Customer Id_H19939,6.659534227987644e-06
Customer Id_H4867,6.656827885454747e-06
Customer Id_H14318,6.647864657719619e-06
Customer Id_H4791,6.6444506469321695e-06
Customer Id_H18802,6.64226363924223e-06
Customer Id_H3792,6.620180592791138e-06
Customer Id_H2862,6.616390065600721e-06
Customer Id_H4588,6.61638498862311e-06
Customer Id_H4292,6.613909799492167e-06
Customer Id_H16436,6.597515787172774e-06
Geo_Code_28088,6.590818533107995e-06
Customer Id_H35,6.583928707326124e-06
Customer Id_H586,6.5819373819623205e-06
Customer Id_H2029,6.581305122521442e-06
Customer Id_H16792,6.574231265359144e-06
Customer Id_H14705,6.571119223422246e-06
Customer Id_H4417,6.570606206886403e-06
Customer Id_H5499,6.5635640378175766e-06
Customer Id_H567,6.55524426101625e-06
Customer Id_H3845,6.55258781566721e-06
Customer Id_H2090,6.547333738314297e-06
Customer Id_H15712,6.5463492327997535e-06
Customer Id_H6926,6.5401881655352755e-06
Customer Id_H4954,6.530034058212228e-06
Customer Id_H3009,6.52890876954071e-06
Customer Id_H18975,6.522338711511279e-06
Customer Id_H12683,6.5087229099937645e-06
Customer Id_H16078,6.5066918627837e-06
Customer Id_H17436,6.502656630949832e-06
Customer Id_H18576,6.495666432932413e-06
Customer Id_H13183,6.4935887249418e-06
Customer Id_H465,6.4889544450421186e-06
Geo_Code_1224,6.481817173002515e-06
Customer Id_H17499,6.479295084972429e-06
Customer Id_H4908,6.472378960585947e-06
Customer Id_H2428,6.4654317279567825e-06
Customer Id_H3403,6.4646837043102405e-06
Geo_Code_4176,6.462442052174198e-06
Customer Id_H1932,6.459607894705121e-06
Customer Id_H5072,6.450956563246353e-06
Customer Id_H2929,6.446042785404526e-06
Customer Id_H359,6.4361073181306105e-06
Customer Id_H14167,6.4140631403504606e-06
Geo_Code_42304,6.412281921642126e-06
Customer Id_H18193,6.407909778994823e-06
Customer Id_H356,6.407055452252105e-06
Customer Id_H4708,6.398452342400666e-06
Customer Id_H2469,6.3936468009133866e-06
Customer Id_H4399,6.389968181437744e-06
Geo_Code_90041,6.377064556125539e-06
Customer Id_H17502,6.3710868014066315e-06
Customer Id_H18152,6.3710491595924206e-06
Customer Id_H5017,6.364215241076431e-06
Customer Id_H12963,6.355626840042446e-06
Geo_Code_74099,6.348409528410909e-06
Customer Id_H4214,6.337964446916054e-06
Customer Id_H6178,6.319610543210118e-06
Customer Id_H5320,6.31862992056179e-06
Customer Id_H486,6.29777392370737e-06
Customer Id_H14846,6.296955402928685e-06
Customer Id_H15027,6.2891474495793935e-06
Customer Id_H1701,6.285924330202319e-06
Customer Id_H14094,6.2848088492903355e-06
Customer Id_H552,6.283971321941427e-06
Customer Id_H14943,6.282619864233102e-06
Customer Id_H1545,6.2718126778736585e-06
Customer Id_H6596,6.269009007635256e-06
Geo_Code_26243,6.260597186119167e-06
Customer Id_H6936,6.258430002838008e-06
Customer Id_H18919,6.2555363062583195e-06
Customer Id_H5500,6.254205826131279e-06
Customer Id_H324,6.252732098535224e-06
Customer Id_H15090,6.25050825045939e-06
Customer Id_H15274,6.249380325542193e-06
Customer Id_H2418,6.242040742451403e-06
Customer Id_H15862,6.231107444755954e-06
Customer Id_H18211,6.228907932383864e-06
Customer Id_H14517,6.227394434029437e-06
Customer Id_H15602,6.221972284763515e-06
Customer Id_H1298,6.217296227761559e-06
Customer Id_H13742,6.215875515600583e-06
Customer Id_H6845,6.2075264250032305e-06
Customer Id_H14802,6.202413821531777e-06
Customer Id_H6592,6.19641331252064e-06
Customer Id_H3214,6.195211357700826e-06
Customer Id_H134,6.1948766873230435e-06
Geo_Code_57017,6.192752024204381e-06
Customer Id_H19681,6.191657762048645e-06
Customer Id_H6951,6.191368835888292e-06
Customer Id_H15252,6.180949211799667e-06
Customer Id_H7017,6.180262322167553e-06
Customer Id_H18212,6.177220316296649e-06
Customer Id_H7206,6.163891145547912e-06
Customer Id_H5574,6.160212855966761e-06
Geo_Code_33003,6.157490820870585e-06
Customer Id_H7472,6.154717480158739e-06
Customer Id_H3938,6.151755447574717e-06
Customer Id_H2381,6.150988401863029e-06
Customer Id_H4778,6.147341918318766e-06
Customer Id_H16969,6.1450256727485006e-06
Customer Id_H6470,6.14436833171456e-06
Geo_Code_50532,6.143627464880906e-06
Geo_Code_94021,6.1381005458172e-06
Customer Id_H14004,6.126256313709876e-06
Customer Id_H2536,6.111540638579973e-06
Customer Id_H4436,6.111027112089227e-06
Geo_Code_13045,6.1091912370174296e-06
Customer Id_H15800,6.1062372317361285e-06
Customer Id_H2128,6.1061062206393404e-06
Customer Id_H53,6.105838416703353e-06
Customer Id_H1549,6.105787359151822e-06
Customer Id_H2454,6.105161030085413e-06
Customer Id_H13365,6.104667681702145e-06
Geo_Code_62645,6.099031372404457e-06
Customer Id_H14319,6.097909761683278e-06
Customer Id_H6857,6.09346295534388e-06
Customer Id_H12864,6.093362765532068e-06
Customer Id_H13880,6.084663177885344e-06
Customer Id_H17001,6.079646533687912e-06
Customer Id_H4839,6.0730938669948604e-06
Customer Id_H16740,6.07293750023296e-06
Customer Id_H19278,6.07288598406254e-06
Customer Id_H6670,6.066441239289981e-06
Customer Id_H439,6.066004497854814e-06
Customer Id_H201,6.055467055319421e-06
Customer Id_H14523,6.054977698219811e-06
Geo_Code_83923,6.054839463395183e-06
Customer Id_H5884,6.050265660725433e-06
Customer Id_H15363,6.044667326127342e-06
Customer Id_H18909,6.041606635409306e-06
Customer Id_H13771,6.040750636147796e-06
Customer Id_H19850,6.039784004043579e-06
Customer Id_H4805,6.0324238729228325e-06
Customer Id_H446,6.025338124713864e-06
Customer Id_H4790,6.01294717620042e-06
Customer Id_H7267,6.008854268437088e-06
Customer Id_H3202,6.0081767562461e-06
Customer Id_H1357,6.0062444568691326e-06
Customer Id_H17597,5.996042990306837e-06
Customer Id_H18339,5.979442860172544e-06
Customer Id_H5151,5.975405143679123e-06
Geo_Code_77131,5.975003360694245e-06
Customer Id_H3709,5.972176811919028e-06
Customer Id_H18601,5.972086523655074e-06
Customer Id_H6297,5.971180852593522e-06
Geo_Code_47323,5.97071532707809e-06
Customer Id_H2401,5.967280432070772e-06
Customer Id_H5871,5.966510425740628e-06
Customer Id_H18183,5.964475912123428e-06
Customer Id_H14006,5.96398251009612e-06
Customer Id_H7396,5.9558422433103264e-06
Customer Id_H5609,5.953537083024795e-06
Customer Id_H14445,5.952486531892311e-06
Customer Id_H5101,5.950186690235504e-06
Customer Id_H6187,5.947681494453787e-06
Geo_Code_13904,5.94747251319461e-06
Customer Id_H6773,5.927063644025333e-06
Customer Id_H3031,5.922008866975781e-06
Geo_Code_78217,5.9170463256178644e-06
Customer Id_H18729,5.9167130402054575e-06
Customer Id_H4632,5.914221182055763e-06
Customer Id_H2028,5.902687312824332e-06
Customer Id_H4895,5.8950002682225715e-06
Customer Id_H19875,5.885126212414537e-06
Customer Id_H6151,5.884824353147461e-06
Customer Id_H6084,5.879548826652486e-06
Geo_Code_90008,5.863171719589489e-06
Customer Id_H19442,5.862437518516236e-06
Geo_Code_69052,5.859018905828042e-06
Customer Id_H2412,5.857760503031955e-06
Customer Id_H3966,5.857470847102027e-06
Customer Id_H17226,5.8504927591477935e-06
Customer Id_H1269,5.8455703909307265e-06
Geo_Code_31157,5.8433334775705375e-06
Customer Id_H18206,5.83878038848781e-06
Customer Id_H1446,5.834613796738525e-06
Geo_Code_38052,5.8306524758046275e-06
Customer Id_H1428,5.83036244670479e-06
Customer Id_H5752,5.827681125707961e-06
Customer Id_H5381,5.827547123571984e-06
Geo_Code_33236,5.8203334943487655e-06
Customer Id_H15477,5.8180989797123e-06
Customer Id_H15087,5.814929661499237e-06
Geo_Code_38394,5.8129878594986815e-06
Geo_Code_38095,5.810559801354999e-06
Customer Id_H12839,5.80454438526512e-06
Customer Id_H13724,5.804441870845047e-06
Customer Id_H1293,5.803723582137279e-06
Customer Id_H3545,5.8009465051372035e-06
Customer Id_H19978,5.790480997255897e-06
Customer Id_H5796,5.784401056032245e-06
Customer Id_H6008,5.7839566341524245e-06
Customer Id_H19960,5.780116464939618e-06
Customer Id_H6287,5.761515189395542e-06
Customer Id_H3578,5.760954486721424e-06
Customer Id_H12959,5.75862248599231e-06
Customer Id_H4240,5.752914305147354e-06
Customer Id_H4607,5.752414693257205e-06
Geo_Code_33933,5.751683641748583e-06
Customer Id_H15110,5.737586145236445e-06
Customer Id_H12625,5.715667966128831e-06
Customer Id_H18635,5.715421935765234e-06
Customer Id_H18850,5.709390435269558e-06
Geo_Code_59328,5.705181618188694e-06
Customer Id_H19635,5.690212846576007e-06
Customer Id_H5923,5.687918269570152e-06
Customer Id_H14934,5.686831882175306e-06
Customer Id_H1350,5.68654921427203e-06
Customer Id_H2593,5.6658278365489246e-06
Customer Id_H19979,5.656507625222886e-06
Customer Id_H2362,5.64901731814581e-06
Geo_Code_28085,5.624280501944734e-06
Geo_Code_68118,5.624213809881597e-06
Customer Id_H15361,5.6200999992021794e-06
Customer Id_H5452,5.614652192341847e-06
Customer Id_H17199,5.606008381351523e-06
Customer Id_H17715,5.6029722994506825e-06
Customer Id_H1780,5.59962113790286e-06
Customer Id_H16077,5.597008422433999e-06
Customer Id_H17457,5.594902284958184e-06
Customer Id_H14074,5.5867041766667455e-06
Customer Id_H5799,5.5859697032006615e-06
Customer Id_H5994,5.585457553488678e-06
Customer Id_H5173,5.5823150266315545e-06
Customer Id_H3794,5.572276399859479e-06
Customer Id_H14816,5.566644450083908e-06
Customer Id_H4367,5.5541644332234585e-06
Customer Id_H4702,5.553287006089668e-06
Customer Id_H2285,5.548882823338519e-06
Customer Id_H5104,5.5478142510431205e-06
Customer Id_H4350,5.546039080995792e-06
Customer Id_H15137,5.54013459243307e-06
Customer Id_H12988,5.523834943272235e-06
Customer Id_H6480,5.522711787004878e-06
Geo_Code_71153,5.515775157501881e-06
Customer Id_H3565,5.5152484208207055e-06
Customer Id_H15970,5.499402472749813e-06
Customer Id_H6502,5.497997915865371e-06
Customer Id_H5363,5.496623311279809e-06
Customer Id_H2722,5.491622844265667e-06
Customer Id_H5833,5.490378121485125e-06
Customer Id_H1898,5.467900768562782e-06
Customer Id_H2676,5.455645065811776e-06
Customer Id_H3894,5.439672130953059e-06
Customer Id_H2537,5.438215044370038e-06
Customer Id_H638,5.433243640643051e-06
Customer Id_H13881,5.430315413580747e-06
Customer Id_H18096,5.412632465712675e-06
Geo_Code_22113,5.4081533510018525e-06
Customer Id_H15305,5.400895800662357e-06
Customer Id_H15913,5.400495982443947e-06
Geo_Code_38412,5.390577586099949e-06
Customer Id_H18589,5.382647056711281e-06
Customer Id_H1515,5.378362156516265e-06
Customer Id_H5825,5.3766775539519e-06
Customer Id_H14661,5.373323754007804e-06
Customer Id_H19078,5.36645414437523e-06
Customer Id_H6,5.362090126209807e-06
Customer Id_H4824,5.3526495534779535e-06
Customer Id_H389,5.34597312247557e-06
Customer Id_H4393,5.336471673780145e-06
Customer Id_H7398,5.330433342848097e-06
Customer Id_H4173,5.312684651244089e-06
Customer Id_H3760,5.308407178874323e-06
Geo_Code_91390,5.307435087743752e-06
Customer Id_H368,5.30687259462722e-06
Customer Id_H4812,5.3067078094988755e-06
Customer Id_H19913,5.298352688658925e-06
Customer Id_H2893,5.296850181944491e-06
Customer Id_H6640,5.296160843568596e-06
Customer Id_H18598,5.2885460315053586e-06
Customer Id_H17329,5.288407817897131e-06
Geo_Code_83153,5.286512252541755e-06
Customer Id_H14185,5.272636732534468e-06
Customer Id_H2540,5.271839880644461e-06
Customer Id_H323,5.271730130612609e-06
Customer Id_H12819,5.2627766402231904e-06
Customer Id_H17080,5.242721156774554e-06
Customer Id_H133,5.234176631322751e-06
Customer Id_H7338,5.231185703921041e-06
Customer Id_H5429,5.2295978743200366e-06
Customer Id_H14529,5.220266448239813e-06
Customer Id_H1287,5.21706066999249e-06
Geo_Code_69243,5.214646994471948e-06
Customer Id_H2272,5.201090169914939e-06
Geo_Code_54197,5.187776827295526e-06
Customer Id_H14019,5.185870784226501e-06
Customer Id_H4502,5.182789151831506e-06
Customer Id_H14177,5.178533307287111e-06
Geo_Code_74245,5.174830666650175e-06
Customer Id_H7445,5.1667719464473985e-06
Customer Id_H13864,5.166024127486991e-06
Customer Id_H4166,5.165565318618311e-06
Customer Id_H4081,5.163333468222709e-06
Customer Id_H14784,5.159936644351914e-06
Customer Id_H1880,5.149167082098686e-06
Customer Id_H18264,5.144785714383626e-06
Customer Id_H16703,5.140861349773072e-06
Customer Id_H13909,5.131615130835188e-06
Customer Id_H6313,5.128483321963578e-06
Geo_Code_77431,5.127659157439712e-06
Customer Id_H5875,5.125445019912121e-06
Customer Id_H6708,5.119982635186391e-06
Geo_Code_56052,5.1178763640899794e-06
Customer Id_H6549,5.109912282882684e-06
Customer Id_H13773,5.108486939789885e-06
Customer Id_H3175,5.102486736851457e-06
Customer Id_H4663,5.102038425862792e-06
Customer Id_H13296,5.099931305261536e-06
Customer Id_H17452,5.087242973104771e-06
Geo_Code_67434,5.0824638372276656e-06
Customer Id_H5354,5.068994557243117e-06
Customer Id_H14073,5.0679421581872096e-06
Customer Id_H5477,5.063059967813692e-06
Customer Id_H4016,5.062141288691403e-06
Customer Id_H1659,5.0581976762969974e-06
Customer Id_H15945,5.052872026802313e-06
Customer Id_H301,5.049829980122779e-06
Customer Id_H1548,5.04690654549677e-06
Customer Id_H417,5.024243223204795e-06
Customer Id_H360,5.013573375158373e-06
Customer Id_H14560,5.0114298353632195e-06
Customer Id_H19620,5.007379513181098e-06
Customer Id_H5040,4.999109197892216e-06
Geo_Code_35236,4.997670237088948e-06
Geo_Code_21485,4.991966159254132e-06
Customer Id_H412,4.986627719099215e-06
Customer Id_H19751,4.972122535722155e-06
Customer Id_H19502,4.969699748654605e-06
Geo_Code_17411,4.96131350602293e-06
Geo_Code_21540,4.959171853357151e-06
Geo_Code_77088,4.958891406229291e-06
Customer Id_H6649,4.956837808404946e-06
Customer Id_H14363,4.952498930617319e-06
Customer Id_H12626,4.948776405059296e-06
Customer Id_H5191,4.9480469915816454e-06
Customer Id_H5934,4.948020821526353e-06
Customer Id_H12838,4.940031563447255e-06
Customer Id_H13584,4.9393712382349e-06
Customer Id_H6304,4.938146717228911e-06
Customer Id_H1689,4.93736617870613e-06
Customer Id_H4083,4.925324873137282e-06
Customer Id_H1695,4.92365658991926e-06
Customer Id_H7215,4.923272296622983e-06
Customer Id_H4623,4.923044020400079e-06
Customer Id_H7428,4.905006110237894e-06
Customer Id_H19245,4.900361158255632e-06
Customer Id_H4626,4.899647474271291e-06
Customer Id_H18588,4.892375477597835e-06
Customer Id_H13309,4.89165858593282e-06
Customer Id_H4926,4.891189726644425e-06
Customer Id_H573,4.888214591395222e-06
Geo_Code_17094,4.881629245154673e-06
Customer Id_H4729,4.879695254351434e-06
Customer Id_H1498,4.872454089381915e-06
Customer Id_H3913,4.870267805114225e-06
Customer Id_H14426,4.861270423191621e-06
Customer Id_H5441,4.861128519683008e-06
Customer Id_H3778,4.856690607872057e-06
Customer Id_H3711,4.854836660004569e-06
Customer Id_H4147,4.852460577630988e-06
Geo_Code_69389,4.8508499996053185e-06
Customer Id_H14442,4.844531079868281e-06
Customer Id_H13523,4.840990816712513e-06
Customer Id_H6751,4.835107030536475e-06
Customer Id_H2377,4.834208246811196e-06
Customer Id_H19418,4.833592565334645e-06
Customer Id_H6591,4.822280748604572e-06
Customer Id_H19574,4.821389144835894e-06
Customer Id_H19208,4.8177267020314556e-06
Geo_Code_38133,4.814411680359028e-06
Geo_Code_14366,4.798147054998259e-06
Customer Id_H5935,4.794925923888396e-06
Customer Id_H2376,4.787571044553806e-06
Customer Id_H17837,4.7872678065024635e-06
Customer Id_H46,4.777882844270487e-06
Customer Id_H15718,4.775827346382811e-06
Customer Id_H13764,4.758439757429562e-06
Customer Id_H2413,4.7449674223021045e-06
Customer Id_H2673,4.744433412669649e-06
Customer Id_H15278,4.725982770739637e-06
Customer Id_H13110,4.71993500692667e-06
Customer Id_H6904,4.715009264359264e-06
Customer Id_H3888,4.706664054723621e-06
Geo_Code_66048,4.703868271707439e-06
Geo_Code_91521,4.697473773246686e-06
Customer Id_H14558,4.696030342331262e-06
Geo_Code_38442,4.688303310518946e-06
Customer Id_H19849,4.686584570792389e-06
Customer Id_H4552,4.677750792648163e-06
Customer Id_H696,4.6731613547894675e-06
Customer Id_H2743,4.667326689236328e-06
Customer Id_H254,4.665827741591397e-06
Customer Id_H13741,4.660254747766806e-06
Customer Id_H3731,4.633119564599921e-06
Customer Id_H12622,4.630326810997788e-06
Customer Id_H5417,4.626801663239919e-06
Geo_Code_83081,4.62217964682791e-06
Customer Id_H7440,4.606848629003834e-06
Geo_Code_17297,4.6029046146612655e-06
Customer Id_H15359,4.599420145799292e-06
Customer Id_H7239,4.591673066941421e-06
Customer Id_H7352,4.590015290664873e-06
Customer Id_H5428,4.5846046999104904e-06
Customer Id_H14147,4.573271857599361e-06
Customer Id_H1425,4.55045692879715e-06
Customer Id_H13119,4.535784676618882e-06
Geo_Code_64191,4.531007173093426e-06
Customer Id_H3720,4.530660504920242e-06
Customer Id_H174,4.525388054620652e-06
Customer Id_H16587,4.522579251850006e-06
Customer Id_H3795,4.51229995212195e-06
Customer Id_H1296,4.503149716184483e-06
Customer Id_H18737,4.501970436349818e-06
Customer Id_H18662,4.484825551813674e-06
Customer Id_H14007,4.475316951144184e-06
Customer Id_H18736,4.471416094607033e-06
Customer Id_H310,4.468151064777198e-06
Customer Id_H2742,4.467686936799385e-06
Customer Id_H2443,4.4641551607950805e-06
Customer Id_H3772,4.463683914280536e-06
Customer Id_H14014,4.463081310865732e-06
Customer Id_H5795,4.457907365054624e-06
Customer Id_H343,4.455719024750224e-06
Customer Id_H16192,4.455128301367405e-06
Geo_Code_74924,4.45345588205616e-06
Customer Id_H3295,4.449437845628306e-06
Customer Id_H15326,4.449333172235793e-06
Customer Id_H15738,4.449331169017824e-06
Customer Id_H15404,4.445030052447543e-06
Geo_Code_74215,4.440512038802018e-06
Geo_Code_67948,4.437210955616171e-06
Customer Id_H16369,4.433138658455561e-06
Customer Id_H4593,4.4300262888351165e-06
Customer Id_H14593,4.41558516822061e-06
Customer Id_H3011,4.401213252639233e-06
Customer Id_H15311,4.39435899143817e-06
Customer Id_H12820,4.387501279612989e-06
Geo_Code_73099,4.373361303175436e-06
Customer Id_H5399,4.372568054996463e-06
Customer Id_H15468,4.362988309671819e-06
Customer Id_H17594,4.355978458319448e-06
Geo_Code_78015,4.353294462648743e-06
Customer Id_H13249,4.349217754891418e-06
Customer Id_H6013,4.34468459354842e-06
Geo_Code_3095,4.331252813490675e-06
Customer Id_H14466,4.328982640908437e-06
Geo_Code_9301,4.318197657847913e-06
Geo_Code_73008,4.308167689505653e-06
Customer Id_H14510,4.305545788694152e-06
Customer Id_H3632,4.303945449515132e-06
Customer Id_H13399,4.285825201171565e-06
Geo_Code_69029,4.283140311448603e-06
Customer Id_H18889,4.279487740446314e-06
Customer Id_H3242,4.277404557308624e-06
Customer Id_H13815,4.274686251999795e-06
Customer Id_H19379,4.266705953605888e-06
Customer Id_H16016,4.262732555471811e-06
Customer Id_H5227,4.247335822162125e-06
Customer Id_H4408,4.245303507830314e-06
Customer Id_H515,4.2277402920262735e-06
Customer Id_H4575,4.219799657633231e-06
Customer Id_H2248,4.216380197843234e-06
Customer Id_H18308,4.199936121060542e-06
Geo_Code_66008,4.1890375028214576e-06
Customer Id_H13159,4.1821294916677894e-06
Customer Id_H15903,4.1746133656453e-06
Customer Id_H5749,4.172594952769953e-06
Geo_Code_91182,4.1710877758353845e-06
Geo_Code_38507,4.167854696109474e-06
Customer Id_H240,4.165955702576611e-06
Customer Id_H2723,4.160733811342296e-06
Customer Id_H4075,4.1573522802045855e-06
Customer Id_H3481,4.1547661882968005e-06
Customer Id_H16467,4.151715090859708e-06
Geo_Code_59355,4.148175644762058e-06
Customer Id_H16887,4.139090209715069e-06
Customer Id_H13678,4.131566673218224e-06
Customer Id_H5122,4.1199926616756594e-06
Geo_Code_38337,4.118529686428828e-06
Geo_Code_57221,4.116576663342019e-06
Customer Id_H18904,4.109429093895994e-06
Customer Id_H2139,4.106932118261204e-06
Customer Id_H6775,4.103331202524356e-06
Customer Id_H13585,4.099705379980482e-06
Customer Id_H7238,4.090541171229899e-06
Customer Id_H4129,4.0891431276803206e-06
Customer Id_H3869,4.072804967545378e-06
Geo_Code_33529,4.059996370298516e-06
Customer Id_H6256,4.046418037947596e-06
Customer Id_H16826,4.042951085878733e-06
Geo_Code_32248,4.037724511821934e-06
Customer Id_H602,4.014537937654485e-06
Customer Id_H6995,4.002955546397605e-06
Customer Id_H14072,3.984380952095677e-06
Customer Id_H5986,3.978147990724196e-06
Customer Id_H3838,3.9704726906884465e-06
Customer Id_H3893,3.970159070499488e-06
Customer Id_H4834,3.957213933766915e-06
Customer Id_H18219,3.950009226246049e-06
Customer Id_H17453,3.942229021010376e-06
Customer Id_H13860,3.9363989053138315e-06
Customer Id_H6922,3.928342308021532e-06
Customer Id_H15057,3.928173882159988e-06
Customer Id_H19951,3.9143540986771676e-06
Geo_Code_38205,3.903774133033754e-06
Customer Id_H14465,3.893329200175126e-06
Customer Id_H16581,3.888242367693712e-06
Customer Id_H4377,3.884978619773655e-06
Customer Id_H4657,3.884632894230025e-06
Customer Id_H6308,3.882616015514905e-06
Customer Id_H13942,3.8618342899495834e-06
Customer Id_H5061,3.84817693701031e-06
Customer Id_H5487,3.843383228251687e-06
Customer Id_H479,3.826932269339355e-06
Customer Id_H344,3.821401657438116e-06
Customer Id_H5435,3.819488380867681e-06
Customer Id_H19356,3.808151499494199e-06
Customer Id_H17193,3.795299830345076e-06
Customer Id_H5224,3.7946102253977923e-06
Customer Id_H5089,3.7830107929062103e-06
Geo_Code_42097,3.7766805841276547e-06
Customer Id_H5257,3.774817904650341e-06
Customer Id_H2047,3.768779764672322e-06
Geo_Code_55502,3.7646290186218585e-06
Customer Id_H3274,3.751881838678739e-06
Customer Id_H6685,3.7487642645161857e-06
Customer Id_H18151,3.746681540819715e-06
Customer Id_H2762,3.7399652436081747e-06
Customer Id_H3768,3.735948739021417e-06
Customer Id_H4493,3.735271906231048e-06
Customer Id_H15277,3.729200268570037e-06
Customer Id_H4501,3.725293986583415e-06
Customer Id_H15044,3.7186301767902936e-06
Customer Id_H2738,3.708609145102939e-06
Customer Id_H13039,3.702803040246261e-06
Geo_Code_73150,3.702770596673453e-06
Geo_Code_66180,3.6962376982534696e-06
Customer Id_H2905,3.6624670283808967e-06
Customer Id_H5995,3.6579542234002854e-06
Customer Id_H3729,3.6528126055715836e-06
Customer Id_H13577,3.645745562431842e-06
Customer Id_H15020,3.6355889566627704e-06
Customer Id_H1686,3.628861659913326e-06
Customer Id_H2328,3.6286601511275217e-06
Customer Id_H7379,3.622844637518037e-06
Customer Id_H13541,3.615469230103648e-06
Customer Id_H18592,3.614171238022065e-06
Customer Id_H1440,3.6105546740766416e-06
Customer Id_H528,3.6075886085206717e-06
Customer Id_H5929,3.60492697733782e-06
Customer Id_H19949,3.602476362607397e-06
Customer Id_H4765,3.6020855158037066e-06
Customer Id_H13098,3.5936796650155742e-06
Customer Id_H19877,3.5901253765467575e-06
Customer Id_H2455,3.576649391302865e-06
Customer Id_H6530,3.567986473944372e-06
Customer Id_H14486,3.564600215352042e-06
Customer Id_H12965,3.550596014549743e-06
Customer Id_H19900,3.5492175028842944e-06
Customer Id_H13579,3.538426520303589e-06
Customer Id_H1272,3.5293747510717132e-06
Customer Id_H7407,3.5240528605199935e-06
Customer Id_H14738,3.5237367432062405e-06
Customer Id_H13801,3.5205413475787058e-06
Customer Id_H13097,3.5164922349340255e-06
Customer Id_H171,3.512137359500031e-06
Customer Id_H12865,3.482891248560776e-06
Customer Id_H4806,3.4736882849014113e-06
Customer Id_H1812,3.4621568950804144e-06
Customer Id_H2435,3.46058040973401e-06
Customer Id_H19847,3.4489814643485947e-06
Customer Id_H17745,3.4477771014037498e-06
Customer Id_H6838,3.4454682330498718e-06
Customer Id_H4453,3.4422708332861345e-06
Geo_Code_29259,3.439146228048001e-06
Customer Id_H5275,3.4359776168693712e-06
Geo_Code_93046,3.4291158133847656e-06
Customer Id_H4670,3.4103604590069302e-06
Customer Id_H5910,3.4070634738222305e-06
Geo_Code_60661,3.4024803717204677e-06
Customer Id_H7035,3.3939398090878578e-06
Customer Id_H2744,3.3893002168845517e-06
Geo_Code_72181,3.3832433180712294e-06
Customer Id_H3325,3.34759558223715e-06
Customer Id_H6134,3.3384492873448295e-06
Customer Id_H3802,3.3368533622874544e-06
Customer Id_H16366,3.3329521382933804e-06
Geo_Code_73257,3.330171887555551e-06
Customer Id_H3725,3.327925698211049e-06
Customer Id_H1631,3.3275396718546316e-06
Customer Id_H19308,3.301458999923526e-06
Customer Id_H5404,3.2947439467677553e-06
Customer Id_H15381,3.272390594673128e-06
Customer Id_H4332,3.2701870702954874e-06
Customer Id_H5495,3.268098501652571e-06
Geo_Code_81220,3.2445763743972935e-06
Customer Id_H15581,3.241021989910064e-06
Customer Id_H6254,3.2346046537781016e-06
Customer Id_H19441,3.2267761273169242e-06
Customer Id_H14635,3.2143335990627875e-06
Customer Id_H3296,3.209948478799638e-06
Customer Id_H7366,3.201785659608597e-06
Customer Id_H3539,3.19850028560928e-06
Customer Id_H5789,3.1972003754040494e-06
Customer Id_H18484,3.196462082650346e-06
Customer Id_H3188,3.1757437591957548e-06
Customer Id_H238,3.148169729958265e-06
Customer Id_H3756,3.1438887211544807e-06
Customer Id_H2329,3.132210197401796e-06
Customer Id_H6309,3.1191085924050687e-06
Customer Id_H3237,3.082325790163579e-06
Geo_Code_57907,3.080795459305124e-06
Customer Id_H5868,3.0750196633771804e-06
Geo_Code_9029,3.074013817112205e-06
Customer Id_H16058,3.0687223923646725e-06
Geo_Code_15012,3.065241707386466e-06
Geo_Code_59560,3.0592493134269854e-06
Customer Id_H239,3.051289029389973e-06
Customer Id_H14742,3.0371320794953954e-06
Customer Id_H19207,3.02750655157045e-06
Customer Id_H6495,3.0207386180270287e-06
Customer Id_H19737,3.0080699452901636e-06
Customer Id_H13126,3.0062633302482235e-06
Customer Id_H42,2.979702064257714e-06
Geo_Code_21209,2.9695390004288995e-06
Customer Id_H18748,2.952709482248914e-06
Customer Id_H19768,2.930699522566587e-06
Customer Id_H19794,2.929610418290739e-06
Geo_Code_44135,2.9254965815921933e-06
Customer Id_H6360,2.9041806049974927e-06
Customer Id_H19079,2.886459941075023e-06
Customer Id_H5817,2.8525643539041913e-06
Geo_Code_68161,2.8500770909332907e-06
Customer Id_H2363,2.848160508136376e-06
Customer Id_H3912,2.825215451519498e-06
Customer Id_H510,2.820780418477835e-06
Customer Id_H19903,2.8073863734073657e-06
Customer Id_H15403,2.803235507882396e-06
Customer Id_H17704,2.8013248368618866e-06
Customer Id_H14918,2.7860936515435794e-06
Geo_Code_71076,2.7803478525267772e-06
Customer Id_H15173,2.7662322371545422e-06
Customer Id_H6716,2.754890677032363e-06
Customer Id_H1637,2.7430666395974046e-06
Customer Id_H3719,2.6890634230176426e-06
Customer Id_H3078,2.6785077760235137e-06
Customer Id_H1950,2.6766941780470035e-06
Geo_Code_83112,2.672667076890103e-06
Customer Id_H1342,2.6720922002321437e-06
Customer Id_H17178,2.6583514024664e-06
Geo_Code_30276,2.64519522432077e-06
Customer Id_H19934,2.6332630075533755e-06
Geo_Code_15187,2.6070363066093953e-06
Customer Id_H1280,2.582274524532709e-06
Customer Id_H2818,2.5620170436399574e-06
Customer Id_H3839,2.5502019769489794e-06
Customer Id_H150,2.5487869360429747e-06
Customer Id_H5824,2.5449228304417353e-06
Customer Id_H15763,2.542088135609827e-06
Customer Id_H1912,2.5341683233694874e-06
Geo_Code_39470,2.523203616514051e-06
Customer Id_H3497,2.5200936062696154e-06
Customer Id_H584,2.5067915850621995e-06
Customer Id_H3551,2.5049148710836756e-06
Customer Id_H4438,2.4911621178249932e-06
Geo_Code_91292,2.479852785021261e-06
Customer Id_H19276,2.459907779791203e-06
Customer Id_H6960,2.4476333372769173e-06
Customer Id_H5235,2.4153764046175875e-06
Customer Id_H3393,2.404521118373907e-06
Customer Id_H4483,2.3978599259217478e-06
Customer Id_H5423,2.38683135720541e-06
Customer Id_H5039,2.3688275470663487e-06
Customer Id_H3735,2.317520426190661e-06
Customer Id_H13525,2.3122305653093507e-06
Customer Id_H19385,2.2958219086879343e-06
Customer Id_H5549,2.2876252672102562e-06
Customer Id_H3724,2.2312420121488244e-06
Customer Id_H2375,2.211092062759017e-06
Customer Id_H7399,2.2036104473596797e-06
Customer Id_H6705,2.2027891805205615e-06
Geo_Code_25367,2.195349760497038e-06
Customer Id_H5214,2.193422738035379e-06
Customer Id_H4236,2.1887320783224765e-06
Geo_Code_56034,2.186069390071626e-06
Customer Id_H6005,2.1655312948719616e-06
Customer Id_H5863,2.164558306148973e-06
Customer Id_H18730,2.1628857397530687e-06
Customer Id_H2891,2.1615012358735856e-06
Customer Id_H6877,2.131162455628444e-06
Customer Id_H6196,2.1002965461187176e-06
Customer Id_H7166,2.058873863198867e-06
Geo_Code_88492,2.038380840483896e-06
Customer Id_H5540,2.037199199333001e-06
Customer Id_H4027,2.0149322497677934e-06
Customer Id_H2379,2.0118468314441393e-06
Customer Id_H425,2.0055544658188164e-06
Customer Id_H16970,1.9866277772315306e-06
Customer Id_H16221,1.977161833546921e-06
Customer Id_H4343,1.8877605655408982e-06
Customer Id_H6458,1.8798822145699916e-06
Customer Id_H18092,1.8521389076852725e-06
Customer Id_H3780,1.8307657353627063e-06
Customer Id_H6588,1.8024971848374586e-06
Customer Id_H5303,1.7897511849301768e-06
Customer Id_H6482,1.7807069892495164e-06
Geo_Code_91577,1.7434432761096946e-06
Customer Id_H158,1.740833209310818e-06
Customer Id_H13861,1.7280147404018417e-06
Customer Id_H2402,1.714137438405314e-06
Customer Id_H13445,1.6344634771605824e-06
Customer Id_H14663,1.5759930193824822e-06
Customer Id_H2985,1.5434470647097037e-06
Customer Id_H13944,1.4376121290999584e-06
Customer Id_H3480,1.337606552167592e-06
Geo_Code_34259,1.2953528741721258e-06
Customer Id_H2374,1.1809807546087283e-06
Customer Id_H1281,1.1076084423774706e-06
Customer Id_H16958,1.0214359471232178e-06
Customer Id_H13287,1.0183324738936918e-06
Customer Id_H3743,8.542839873511477e-07
Customer Id_H18624,0.0
Customer Id_H18626,0.0
Customer Id_H13949,0.0
Customer Id_H2712,0.0
Customer Id_H2710,0.0
Customer Id_H271,0.0
Customer Id_H2705,0.0
Customer Id_H18687,0.0
Customer Id_H18681,0.0
Customer Id_H13820,0.0
Geo_Code_67356,0.0
Customer Id_H13812,0.0
Customer Id_H2715,0.0
Geo_Code_6901,0.0
Geo_Code_68256,0.0
Customer Id_H2619,0.0
Customer Id_H2613,0.0
Customer Id_H2609,0.0
Customer Id_H13854,0.0
Customer Id_H18720,0.0
Customer Id_H18702,0.0
Customer Id_H2638,0.0
Customer Id_H13822,0.0
Customer Id_H2556,0.0
Customer Id_H2553,0.0
Customer Id_H2552,0.0
Customer Id_H18672,0.0
Customer Id_H269,0.0
Customer Id_H2686,0.0
Customer Id_H6479,0.0
Geo_Code_68126,0.0
Customer Id_H6536,0.0
Customer Id_H6529,0.0
Customer Id_H6522,0.0
Customer Id_H15777,0.0
Customer Id_H15773,0.0
Customer Id_H5143,0.0
Customer Id_H513,0.0
Customer Id_H5126,0.0
Customer Id_H5193,0.0
Customer Id_H2683,0.0
Geo_Code_67268,0.0
Customer Id_H2716,0.0
Customer Id_H16859,0.0
Customer Id_H6557,0.0
Customer Id_H16879,0.0
Customer Id_H5113,0.0
Customer Id_H2759,0.0
Customer Id_H2756,0.0
Customer Id_H2752,0.0
Customer Id_H2747,0.0
Customer Id_H2799,0.0
Customer Id_H2795,0.0
Customer Id_H2793,0.0
Customer Id_H13903,0.0
Geo_Code_64256,0.0
Customer Id_H13977,0.0
Customer Id_H13974,0.0
Customer Id_H2783,0.0
Customer Id_H2782,0.0
Customer Id_H18660,0.0
Customer Id_H18659,0.0
Customer Id_H16832,0.0
Customer Id_H5168,0.0
Customer Id_H16866,0.0
Customer Id_H16930,0.0
Customer Id_H13939,0.0
Geo_Code_67261,0.0
Geo_Code_67152,0.0
Customer Id_H18722,0.0
Customer Id_H18673,0.0
Customer Id_H13879,0.0
Geo_Code_66196,0.0
Customer Id_H13931,0.0
Customer Id_H13929,0.0
Geo_Code_67500,0.0
Customer Id_H1386,0.0
Customer Id_H13856,0.0
Customer Id_H656,0.0
Customer Id_H13913,0.0
Geo_Code_66065,0.0
Geo_Code_66025,0.0
Customer Id_H5189,0.0
Customer Id_H5185,0.0
Customer Id_H5177,0.0
Customer Id_H15761,0.0
Customer Id_H15757,0.0
Customer Id_H15753,0.0
Customer Id_H15752,0.0
Customer Id_H6565,0.0
Customer Id_H13924,0.0
Customer Id_H18772,0.0
Customer Id_H18770,0.0
Customer Id_H18767,0.0
Customer Id_H13714,0.0
Customer Id_H5251,0.0
Customer Id_H6434,0.0
Customer Id_H6426,0.0
Customer Id_H6476,0.0
Customer Id_H6466,0.0
Customer Id_H15840,0.0
Customer Id_H15835,0.0
Customer Id_H18738,0.0
Customer Id_H5198,0.0
Customer Id_H5246,0.0
Customer Id_H5242,0.0
Customer Id_H5236,0.0
Customer Id_H13782,0.0
Customer Id_H13778,0.0
Customer Id_H2550,0.0
Customer Id_H2547,0.0
Customer Id_H2539,0.0
Customer Id_H5729,0.0
Customer Id_H5726,0.0
Customer Id_H5202,0.0
Customer Id_H1585,0.0
Customer Id_H15849,0.0
Customer Id_H15846,0.0
Customer Id_H16829,0.0
Customer Id_H5284,0.0
Customer Id_H5273,0.0
Customer Id_H5266,0.0
Customer Id_H5262,0.0
Customer Id_H1681,0.0
Customer Id_H16793,0.0
Customer Id_H13713,0.0
Customer Id_H2383,0.0
Customer Id_H13682,0.0
Customer Id_H13680,0.0
Customer Id_H24,0.0
Customer Id_H18756,0.0
Customer Id_H2436,0.0
Customer Id_H2431,0.0
Customer Id_H243,0.0
Customer Id_H2427,0.0
Geo_Code_73198,0.0
Customer Id_H13653,0.0
Customer Id_H13640,0.0
Geo_Code_73071,0.0
Customer Id_H13808,0.0
Customer Id_H13807,0.0
Customer Id_H13802,0.0
Customer Id_H13792,0.0
Geo_Code_71378,0.0
Customer Id_H15834,0.0
Customer Id_H6453,0.0
Customer Id_H15863,0.0
Customer Id_H16851,0.0
Customer Id_H16840,0.0
Customer Id_H16838,0.0
Customer Id_H5760,0.0
Customer Id_H6484,0.0
Customer Id_H15806,0.0
Customer Id_H16833,0.0
Geo_Code_69189,0.0
Geo_Code_69149,0.0
Geo_Code_69141,0.0
Customer Id_H1384,0.0
Customer Id_H13838,0.0
Customer Id_H13827,0.0
Customer Id_H15736,0.0
Customer Id_H18732,0.0
Customer Id_H15771,0.0
Customer Id_H13736,0.0
Customer Id_H13719,0.0
Customer Id_H2500,0.0
Customer Id_H250,0.0
Customer Id_H2499,0.0
Customer Id_H2479,0.0
Customer Id_H2478,0.0
Customer Id_H2472,0.0
Customer Id_H5222,0.0
Customer Id_H2569,0.0
Customer Id_H13787,0.0
Customer Id_H13770,0.0
Customer Id_H5742,0.0
Customer Id_H5737,0.0
Customer Id_H5736,0.0
Customer Id_H16195,0.0
Customer Id_H5958,0.0
Customer Id_H5954,0.0
Customer Id_H2526,0.0
Customer Id_H252,0.0
Customer Id_H2512,0.0
Customer Id_H2563,0.0
Customer Id_H2559,0.0
Customer Id_H13748,0.0
Customer Id_H5757,0.0
Customer Id_H3010,0.0
Geo_Code_59025,0.0
Customer Id_H14184,0.0
Customer Id_H18452,0.0
Customer Id_H3088,0.0
Customer Id_H18411,0.0
Customer Id_H3187,0.0
Customer Id_H16938,0.0
Customer Id_H16937,0.0
Customer Id_H16980,0.0
Customer Id_H5071,0.0
Customer Id_H6583,0.0
Customer Id_H15744,0.0
Customer Id_H15743,0.0
Customer Id_H15739,0.0
Customer Id_H16946,0.0
Customer Id_H1694,0.0
Customer Id_H3247,0.0
Customer Id_H18389,0.0
Customer Id_H3126,0.0
Customer Id_H14169,0.0
Geo_Code_57433,0.0
Geo_Code_57227,0.0
Customer Id_H15703,0.0
Customer Id_H307,0.0
Customer Id_H3066,0.0
Customer Id_H14104,0.0
Geo_Code_59636,0.0
Customer Id_H2950,0.0
Customer Id_H18540,0.0
Customer Id_H18526,0.0
Customer Id_H14030,0.0
Geo_Code_6067,0.0
Customer Id_H317,0.0
Customer Id_H3146,0.0
Customer Id_H18460,0.0
Geo_Code_59527,0.0
Geo_Code_59410,0.0
Customer Id_H1416,0.0
Customer Id_H14151,0.0
Customer Id_H3052,0.0
Customer Id_H3035,0.0
Customer Id_H3034,0.0
Customer Id_H309,0.0
Customer Id_H18479,0.0
Customer Id_H18468,0.0
Customer Id_H18463,0.0
Customer Id_H3145,0.0
Customer Id_H3257,0.0
Customer Id_H572,0.0
Customer Id_H570,0.0
Geo_Code_54439,0.0
Geo_Code_54431,0.0
Customer Id_H14220,0.0
Customer Id_H333,0.0
Customer Id_H3316,0.0
Customer Id_H3292,0.0
Customer Id_H3287,0.0
Customer Id_H3286,0.0
Customer Id_H14213,0.0
Customer Id_H14297,0.0
Customer Id_H18363,0.0
Geo_Code_55029,0.0
Customer Id_H3204,0.0
Customer Id_H319,0.0
Customer Id_H15717,0.0
Customer Id_H5035,0.0
Customer Id_H16981,0.0
Customer Id_H6702,0.0
Customer Id_H6699,0.0
Customer Id_H6687,0.0
Customer Id_H1426,0.0
Customer Id_H3115,0.0
Customer Id_H3111,0.0
Customer Id_H18382,0.0
Customer Id_H1838,0.0
Customer Id_H18372,0.0
Customer Id_H14200,0.0
Geo_Code_57049,0.0
Customer Id_H14144,0.0
Geo_Code_59178,0.0
Customer Id_H3284,0.0
Customer Id_H3283,0.0
Customer Id_H6623,0.0
Customer Id_H3264,0.0
Customer Id_H3263,0.0
Customer Id_H3261,0.0
Customer Id_H5419,0.0
Customer Id_H16625,0.0
Customer Id_H17014,0.0
Customer Id_H4990,0.0
Customer Id_H16935,0.0
Customer Id_H5053,0.0
Customer Id_H6641,0.0
Customer Id_H6633,0.0
Customer Id_H3272,0.0
Customer Id_H14,0.0
Customer Id_H13997,0.0
Customer Id_H13996,0.0
Customer Id_H18586,0.0
Customer Id_H1858,0.0
Customer Id_H18579,0.0
Customer Id_H18578,0.0
Customer Id_H18569,0.0
Customer Id_H2937,0.0
Customer Id_H2801,0.0
Customer Id_H28,0.0
Customer Id_H14119,0.0
Customer Id_H285,0.0
Customer Id_H2844,0.0
Customer Id_H2843,0.0
Customer Id_H2825,0.0
Customer Id_H2811,0.0
Customer Id_H281,0.0
Customer Id_H2807,0.0
Customer Id_H14060,0.0
Customer Id_H14050,0.0
Customer Id_H14038,0.0
Customer Id_H18552,0.0
Customer Id_H2876,0.0
Customer Id_H15732,0.0
Customer Id_H15722,0.0
Customer Id_H15853,0.0
Customer Id_H6579,0.0
Customer Id_H6567,0.0
Customer Id_H16927,0.0
Customer Id_H16926,0.0
Customer Id_H16912,0.0
Customer Id_H18595,0.0
Customer Id_H18593,0.0
Customer Id_H18591,0.0
Geo_Code_63178,0.0
Geo_Code_62899,0.0
Geo_Code_62643,0.0
Geo_Code_62516,0.0
Customer Id_H13967,0.0
Customer Id_H278,0.0
Customer Id_H2775,0.0
Customer Id_H2773,0.0
Customer Id_H2766,0.0
Geo_Code_63470,0.0
Geo_Code_63430,0.0
Geo_Code_63284,0.0
Customer Id_H13993,0.0
Geo_Code_6085,0.0
Geo_Code_60572,0.0
Geo_Code_6057,0.0
Customer Id_H14088,0.0
Customer Id_H14085,0.0
Customer Id_H14081,0.0
Customer Id_H14080,0.0
Customer Id_H5077,0.0
Customer Id_H16909,0.0
Customer Id_H16906,0.0
Customer Id_H544,0.0
Customer Id_H18551,0.0
Customer Id_H6227,0.0
Customer Id_H6223,0.0
Customer Id_H6217,0.0
Customer Id_H6216,0.0
Customer Id_H6211,0.0
Customer Id_H3008,0.0
Customer Id_H2999,0.0
Customer Id_H2998,0.0
Customer Id_H14064,0.0
Geo_Code_6016,0.0
Geo_Code_59656,0.0
Customer Id_H5434,0.0
Customer Id_H18546,0.0
Customer Id_H2915,0.0
Customer Id_H16383,0.0
Customer Id_H16375,0.0
Customer Id_H5648,0.0
Customer Id_H600,0.0
Customer Id_H13963,0.0
Customer Id_H14018,0.0
Customer Id_H14010,0.0
Customer Id_H1401,0.0
Geo_Code_6150,0.0
Customer Id_H18565,0.0
Customer Id_H18515,0.0
Customer Id_H18486,0.0
Customer Id_H5989,0.0
Customer Id_H5985,0.0
Customer Id_H16211,0.0
Customer Id_H16365,0.0
Customer Id_H16353,0.0
Customer Id_H5734,0.0
Customer Id_H2993,0.0
Customer Id_H2963,0.0
Customer Id_H2935,0.0
Customer Id_H293,0.0
Customer Id_H16939,0.0
Customer Id_H19166,0.0
Geo_Code_90104,0.0
Geo_Code_90093,0.0
Geo_Code_90089,0.0
Customer Id_H13093,0.0
Customer Id_H19113,0.0
Customer Id_H19111,0.0
Customer Id_H1911,0.0
Customer Id_H19101,0.0
Customer Id_H19142,0.0
Customer Id_H1311,0.0
Customer Id_H15887,0.0
Customer Id_H13103,0.0
Customer Id_H1310,0.0
Customer Id_H13096,0.0
Customer Id_H13137,0.0
Customer Id_H1971,0.0
Customer Id_H19702,0.0
Customer Id_H19701,0.0
Customer Id_H19141,0.0
Customer Id_H1914,0.0
Customer Id_H16709,0.0
Customer Id_H16708,0.0
Customer Id_H13105,0.0
Customer Id_H5415,0.0
Customer Id_H5407,0.0
Customer Id_H5348,0.0
Customer Id_H5377,0.0
Customer Id_H16693,0.0
Customer Id_H16685,0.0
Customer Id_H16715,0.0
Customer Id_H6301,0.0
Customer Id_H6295,0.0
Customer Id_H6286,0.0
Customer Id_H6328,0.0
Geo_Code_91272,0.0
Customer Id_H5393,0.0
Customer Id_H19137,0.0
Customer Id_H19136,0.0
Customer Id_H19129,0.0
Customer Id_H19122,0.0
Customer Id_H19787,0.0
Customer Id_H19786,0.0
Customer Id_H13081,0.0
Customer Id_H13078,0.0
Geo_Code_90032,0.0
Geo_Code_91286,0.0
Customer Id_H6325,0.0
Customer Id_H15933,0.0
Customer Id_H15928,0.0
Customer Id_H16712,0.0
Customer Id_H16710,0.0
Customer Id_H19020,0.0
Customer Id_H13158,0.0
Geo_Code_83087,0.0
Customer Id_H1321,0.0
Customer Id_H13201,0.0
Customer Id_H19074,0.0
Customer Id_H19882,0.0
Customer Id_H19792,0.0
Customer Id_H19055,0.0
Customer Id_H19053,0.0
Customer Id_H19052,0.0
Customer Id_H16289,0.0
Customer Id_H5908,0.0
Customer Id_H5907,0.0
Customer Id_H5905,0.0
Customer Id_H5902,0.0
Customer Id_H13264,0.0
Customer Id_H19917,0.0
Customer Id_H19906,0.0
Customer Id_H19853,0.0
Customer Id_H19899,0.0
Customer Id_H19089,0.0
Customer Id_H13130,0.0
Geo_Code_84087,0.0
Geo_Code_84031,0.0
Customer Id_H13177,0.0
Customer Id_H13176,0.0
Customer Id_H13172,0.0
Customer Id_H19804,0.0
Customer Id_H5928,0.0
Customer Id_H5927,0.0
Customer Id_H6311,0.0
Customer Id_H19789,0.0
Customer Id_H1627,0.0
Customer Id_H16277,0.0
Customer Id_H16273,0.0
Customer Id_H5813,0.0
Customer Id_H198,0.0
Customer Id_H5391,0.0
Customer Id_H539,0.0
Customer Id_H15953,0.0
Customer Id_H15949,0.0
Customer Id_H6343,0.0
Customer Id_H6329,0.0
Customer Id_H13114,0.0
Customer Id_H5855,0.0
Customer Id_H5847,0.0
Customer Id_H1268,0.0
Customer Id_H12628,0.0
Customer Id_H12641,0.0
Customer Id_H5835,0.0
Customer Id_H1295,0.0
Customer Id_H19271,0.0
Customer Id_H12722,0.0
Customer Id_H12720,0.0
Customer Id_H12717,0.0
Customer Id_H6321,0.0
Geo_Code_94038,0.0
Geo_Code_94034,0.0
Customer Id_H12770,0.0
Customer Id_H12755,0.0
Customer Id_H19230,0.0
Customer Id_H19219,0.0
Customer Id_H1921,0.0
Customer Id_H19471,0.0
Customer Id_H19462,0.0
Customer Id_H12843,0.0
Customer Id_H12914,0.0
Customer Id_H12716,0.0
Customer Id_H12734,0.0
Customer Id_H12723,0.0
Customer Id_H19196,0.0
Customer Id_H12806,0.0
Customer Id_H12801,0.0
Customer Id_H1286,0.0
Customer Id_H19189,0.0
Customer Id_H19404,0.0
Customer Id_H19403,0.0
Customer Id_H19400,0.0
Customer Id_H12654,0.0
Customer Id_H5861,0.0
Customer Id_H12623,0.0
Customer Id_H12738,0.0
Customer Id_H12648,0.0
Customer Id_H5802,0.0
Customer Id_H5797,0.0
Customer Id_H19366,0.0
Customer Id_H1626,0.0
Customer Id_H16254,0.0
Customer Id_H16251,0.0
Customer Id_H12710,0.0
Customer Id_H12694,0.0
Customer Id_H12712,0.0
Customer Id_H1288,0.0
Customer Id_H12925,0.0
Customer Id_H12920,0.0
Customer Id_H1292,0.0
Customer Id_H12915,0.0
Customer Id_H19770,0.0
Geo_Code_91469,0.0
Customer Id_H19571,0.0
Customer Id_H19561,0.0
Customer Id_H19552,0.0
Customer Id_H19698,0.0
Customer Id_H12904,0.0
Customer Id_H19600,0.0
Customer Id_H19182,0.0
Customer Id_H13002,0.0
Customer Id_H12998,0.0
Geo_Code_91376,0.0
Customer Id_H12937,0.0
Geo_Code_92019,0.0
Customer Id_H12989,0.0
Customer Id_H12981,0.0
Customer Id_H13087,0.0
Customer Id_H13082,0.0
Customer Id_H19690,0.0
Customer Id_H19524,0.0
Customer Id_H19519,0.0
Customer Id_H19341,0.0
Customer Id_H19340,0.0
Customer Id_H19339,0.0
Customer Id_H15943,0.0
Customer Id_H6244,0.0
Customer Id_H6241,0.0
Customer Id_H6240,0.0
Customer Id_H15994,0.0
Customer Id_H16665,0.0
Geo_Code_91649,0.0
Customer Id_H16653,0.0
Customer Id_H6324,0.0
Customer Id_H19482,0.0
Customer Id_H19481,0.0
Customer Id_H19156,0.0
Customer Id_H19153,0.0
Customer Id_H19148,0.0
Customer Id_H1960,0.0
Customer Id_H12976,0.0
Customer Id_H12974,0.0
Customer Id_H12973,0.0
Geo_Code_91692,0.0
Customer Id_H16659,0.0
Customer Id_H2215,0.0
Customer Id_H2203,0.0
Customer Id_H6394,0.0
Customer Id_H2322,0.0
Customer Id_H18834,0.0
Customer Id_H5781,0.0
Customer Id_H5775,0.0
Customer Id_H5771,0.0
Customer Id_H16231,0.0
Customer Id_H5933,0.0
Customer Id_H18872,0.0
Customer Id_H16707,0.0
Customer Id_H18852,0.0
Customer Id_H1351,0.0
Customer Id_H226,0.0
Customer Id_H13456,0.0
Customer Id_H13490,0.0
Customer Id_H13483,0.0
Customer Id_H2274,0.0
Customer Id_H2260,0.0
Customer Id_H15907,0.0
Customer Id_H16730,0.0
Customer Id_H16721,0.0
Customer Id_H18871,0.0
Customer Id_H18903,0.0
Customer Id_H2104,0.0
Customer Id_H209,0.0
Customer Id_H18901,0.0
Customer Id_H1890,0.0
Customer Id_H18895,0.0
Customer Id_H18894,0.0
Customer Id_H2187,0.0
Customer Id_H2169,0.0
Geo_Code_77285,0.0
Customer Id_H13524,0.0
Customer Id_H222,0.0
Customer Id_H18888,0.0
Customer Id_H18885,0.0
Customer Id_H18873,0.0
Customer Id_H5951,0.0
Customer Id_H16247,0.0
Customer Id_H16237,0.0
Customer Id_H1633,0.0
Customer Id_H2143,0.0
Customer Id_H2243,0.0
Customer Id_H223,0.0
Customer Id_H2224,0.0
Customer Id_H13513,0.0
Customer Id_H5259,0.0
Customer Id_H1882,0.0
Geo_Code_74001,0.0
Customer Id_H13589,0.0
Geo_Code_74161,0.0
Geo_Code_74140,0.0
Customer Id_H13629,0.0
Customer Id_H2354,0.0
Customer Id_H2341,0.0
Customer Id_H2398,0.0
Customer Id_H2394,0.0
Customer Id_H6425,0.0
Customer Id_H13614,0.0
Customer Id_H13605,0.0
Geo_Code_74085,0.0
Customer Id_H13658,0.0
Customer Id_H2380,0.0
Customer Id_H242,0.0
Customer Id_H2417,0.0
Customer Id_H6382,0.0
Customer Id_H6380,0.0
Customer Id_H6677,0.0
Customer Id_H15869,0.0
Customer Id_H2393,0.0
Customer Id_H6420,0.0
Customer Id_H642,0.0
Customer Id_H6418,0.0
Customer Id_H5247,0.0
Customer Id_H16752,0.0
Customer Id_H16751,0.0
Customer Id_H1675,0.0
Customer Id_H16746,0.0
Customer Id_H6406,0.0
Customer Id_H64,0.0
Customer Id_H13571,0.0
Customer Id_H2286,0.0
Geo_Code_74190,0.0
Customer Id_H136,0.0
Customer Id_H18831,0.0
Customer Id_H232,0.0
Customer Id_H2316,0.0
Customer Id_H18853,0.0
Customer Id_H2364,0.0
Customer Id_H13507,0.0
Customer Id_H13549,0.0
Customer Id_H13531,0.0
Customer Id_H1885,0.0
Customer Id_H18846,0.0
Customer Id_H13561,0.0
Customer Id_H13197,0.0
Customer Id_H13192,0.0
Customer Id_H13188,0.0
Customer Id_H13265,0.0
Geo_Code_78571,0.0
Customer Id_H13298,0.0
Customer Id_H13275,0.0
Customer Id_H13273,0.0
Customer Id_H19021,0.0
Customer Id_H2067,0.0
Customer Id_H2065,0.0
Customer Id_H13478,0.0
Geo_Code_78354,0.0
Geo_Code_78242,0.0
Customer Id_H2059,0.0
Customer Id_H19057,0.0
Customer Id_H19056,0.0
Customer Id_H13257,0.0
Customer Id_H13240,0.0
Customer Id_H18943,0.0
Customer Id_H2105,0.0
Customer Id_H2056,0.0
Customer Id_H2046,0.0
Customer Id_H13308,0.0
Customer Id_H5368,0.0
Customer Id_H5297,0.0
Customer Id_H16761,0.0
Customer Id_H16758,0.0
Customer Id_H5342,0.0
Customer Id_H534,0.0
Customer Id_H5339,0.0
Customer Id_H5334,0.0
Customer Id_H533,0.0
Customer Id_H5323,0.0
Customer Id_H16739,0.0
Customer Id_H19920,0.0
Customer Id_H1324,0.0
Customer Id_H1323,0.0
Customer Id_H13221,0.0
Geo_Code_81065,0.0
Geo_Code_78638,0.0
Customer Id_H19009,0.0
Customer Id_H19005,0.0
Customer Id_H18990,0.0
Customer Id_H200,0.0
Customer Id_H19995,0.0
Customer Id_H19041,0.0
Customer Id_H16735,0.0
Customer Id_H6353,0.0
Geo_Code_77371,0.0
Geo_Code_77222,0.0
Geo_Code_77215,0.0
Geo_Code_77122,0.0
Customer Id_H13439,0.0
Customer Id_H2160,0.0
Customer Id_H2152,0.0
Customer Id_H18967,0.0
Customer Id_H18964,0.0
Customer Id_H18958,0.0
Customer Id_H2038,0.0
Customer Id_H2069,0.0
Customer Id_H18926,0.0
Customer Id_H18916,0.0
Customer Id_H2130,0.0
Customer Id_H2123,0.0
Customer Id_H2117,0.0
Customer Id_H13437,0.0
Customer Id_H13436,0.0
Customer Id_H13417,0.0
Geo_Code_76681,0.0
Geo_Code_76235,0.0
Customer Id_H2076,0.0
Customer Id_H2016,0.0
Customer Id_H19016,0.0
Customer Id_H19010,0.0
Customer Id_H1899,0.0
Customer Id_H18989,0.0
Customer Id_H18974,0.0
Geo_Code_77900,0.0
Geo_Code_77468,0.0
Customer Id_H13411,0.0
Customer Id_H18972,0.0
Customer Id_H19028,0.0
Customer Id_H6354,0.0
Customer Id_H16734,0.0
Customer Id_H15892,0.0
Customer Id_H1589,0.0
Customer Id_H6349,0.0
Customer Id_H15867,0.0
Customer Id_H16789,0.0
Customer Id_H16782,0.0
Customer Id_H16779,0.0
Customer Id_H16776,0.0
Customer Id_H6371,0.0
Customer Id_H6368,0.0
Customer Id_H6357,0.0
Customer Id_H13404,0.0
Customer Id_H15156,0.0
Customer Id_H16101,0.0
Customer Id_H1610,0.0
Customer Id_H16097,0.0
Customer Id_H16094,0.0
Customer Id_H16090,0.0
Customer Id_H6130,0.0
Customer Id_H6126,0.0
Customer Id_H743,0.0
Customer Id_H4241,0.0
Customer Id_H4235,0.0
Customer Id_H4939,0.0
Customer Id_H17537,0.0
Customer Id_H17520,0.0
Customer Id_H742,0.0
Customer Id_H7416,0.0
Customer Id_H7414,0.0
Customer Id_H7410,0.0
Customer Id_H7408,0.0
Customer Id_H7468,0.0
Customer Id_H7466,0.0
Customer Id_H746,0.0
Customer Id_H7447,0.0
Customer Id_H4275,0.0
Customer Id_H15123,0.0
Customer Id_H1512,0.0
Customer Id_H17603,0.0
Customer Id_H4231,0.0
Customer Id_H4223,0.0
Customer Id_H17598,0.0
Customer Id_H17596,0.0
Customer Id_H4208,0.0
Customer Id_H4207,0.0
Customer Id_H4193,0.0
Customer Id_H15088,0.0
Customer Id_H15157,0.0
Customer Id_H7477,0.0
Customer Id_H7475,0.0
Customer Id_H7473,0.0
Customer Id_H615,0.0
Customer Id_H17590,0.0
Customer Id_H4216,0.0
Customer Id_H17509,0.0
Customer Id_H17506,0.0
Customer Id_H4261,0.0
Customer Id_H4255,0.0
Customer Id_H17555,0.0
Customer Id_H7478,0.0
Customer Id_H7401,0.0
Customer Id_H7394,0.0
Customer Id_H7389,0.0
Customer Id_H4307,0.0
Customer Id_H4303,0.0
Customer Id_H4302,0.0
Customer Id_H4300,0.0
Customer Id_H4299,0.0
Customer Id_H432,0.0
Customer Id_H4366,0.0
Customer Id_H4362,0.0
Customer Id_H15168,0.0
Customer Id_H435,0.0
Customer Id_H17504,0.0
Customer Id_H7335,0.0
Customer Id_H7322,0.0
Customer Id_H7321,0.0
Customer Id_H7313,0.0
Customer Id_H15230,0.0
Customer Id_H7358,0.0
Customer Id_H15199,0.0
Customer Id_H15192,0.0
Customer Id_H4297,0.0
Customer Id_H4360,0.0
Customer Id_H7387,0.0
Customer Id_H6895,0.0
Customer Id_H6892,0.0
Customer Id_H6872,0.0
Customer Id_H15472,0.0
Customer Id_H15464,0.0
Customer Id_H6950,0.0
Customer Id_H6947,0.0
Customer Id_H15433,0.0
Customer Id_H4744,0.0
Customer Id_H4730,0.0
Customer Id_H7345,0.0
Customer Id_H6929,0.0
Customer Id_H7376,0.0
Customer Id_H7367,0.0
Customer Id_H7435,0.0
Customer Id_H4279,0.0
Customer Id_H1748,0.0
Customer Id_H17478,0.0
Customer Id_H4346,0.0
Customer Id_H434,0.0
Customer Id_H1517,0.0
Customer Id_H7351,0.0
Customer Id_H4727,0.0
Customer Id_H4036,0.0
Customer Id_H17755,0.0
Customer Id_H1775,0.0
Customer Id_H14933,0.0
Customer Id_H14979,0.0
Customer Id_H14976,0.0
Customer Id_H14975,0.0
Customer Id_H14968,0.0
Customer Id_H14965,0.0
Customer Id_H17663,0.0
Customer Id_H17659,0.0
Customer Id_H15062,0.0
Geo_Code_13002,0.0
Customer Id_H15026,0.0
Customer Id_H15018,0.0
Customer Id_H4126,0.0
Customer Id_H4107,0.0
Customer Id_H17695,0.0
Customer Id_H4079,0.0
Customer Id_H4071,0.0
Customer Id_H17688,0.0
Customer Id_H17685,0.0
Customer Id_H4089,0.0
Customer Id_H17654,0.0
Customer Id_H17790,0.0
Customer Id_H17188,0.0
Customer Id_H6831,0.0
Customer Id_H6826,0.0
Customer Id_H6822,0.0
Customer Id_H6867,0.0
Customer Id_H15536,0.0
Customer Id_H15571,0.0
Customer Id_H15562,0.0
Customer Id_H1556,0.0
Customer Id_H1555,0.0
Customer Id_H4044,0.0
Customer Id_H4772,0.0
Customer Id_H16017,0.0
Customer Id_H14963,0.0
Customer Id_H17712,0.0
Customer Id_H17711,0.0
Customer Id_H17733,0.0
Customer Id_H17730,0.0
Customer Id_H14962,0.0
Customer Id_H14992,0.0
Customer Id_H14989,0.0
Customer Id_H4045,0.0
Customer Id_H6852,0.0
Customer Id_H17169,0.0
Customer Id_H17164,0.0
Customer Id_H4746,0.0
Customer Id_H17205,0.0
Customer Id_H15489,0.0
Geo_Code_11170,0.0
Customer Id_H15106,0.0
Customer Id_H17694,0.0
Customer Id_H6149,0.0
Customer Id_H16571,0.0
Customer Id_H16478,0.0
Customer Id_H4088,0.0
Customer Id_H16512,0.0
Customer Id_H16105,0.0
Customer Id_H17602,0.0
Customer Id_H17600,0.0
Customer Id_H4191,0.0
Customer Id_H4190,0.0
Customer Id_H4182,0.0
Customer Id_H418,0.0
Customer Id_H4179,0.0
Customer Id_H15082,0.0
Customer Id_H15078,0.0
Customer Id_H553,0.0
Customer Id_H4085,0.0
Customer Id_H4157,0.0
Customer Id_H4155,0.0
Customer Id_H17650,0.0
Customer Id_H17648,0.0
Customer Id_H17641,0.0
Customer Id_H15051,0.0
Customer Id_H15045,0.0
Customer Id_H15036,0.0
Customer Id_H15086,0.0
Customer Id_H15083,0.0
Customer Id_H4713,0.0
Customer Id_H4135,0.0
Customer Id_H14940,0.0
Customer Id_H14939,0.0
Customer Id_H4134,0.0
Customer Id_H17675,0.0
Customer Id_H15056,0.0
Customer Id_H16009,0.0
Customer Id_H5464,0.0
Customer Id_H5460,0.0
Customer Id_H6905,0.0
Customer Id_H1550,0.0
Customer Id_H15492,0.0
Customer Id_H4142,0.0
Customer Id_H4557,0.0
Customer Id_H17307,0.0
Customer Id_H7091,0.0
Customer Id_H7090,0.0
Customer Id_H708,0.0
Customer Id_H7066,0.0
Customer Id_H15384,0.0
Customer Id_H706,0.0
Customer Id_H6959,0.0
Customer Id_H6958,0.0
Customer Id_H4654,0.0
Customer Id_H4287,0.0
Customer Id_H17255,0.0
Customer Id_H7008,0.0
Customer Id_H7005,0.0
Customer Id_H70,0.0
Customer Id_H6998,0.0
Customer Id_H6994,0.0
Customer Id_H6992,0.0
Customer Id_H6974,0.0
Customer Id_H15444,0.0
Customer Id_H7039,0.0
Customer Id_H17276,0.0
Customer Id_H17265,0.0
Customer Id_H17368,0.0
Customer Id_H17360,0.0
Customer Id_H4545,0.0
Customer Id_H4534,0.0
Customer Id_H4532,0.0
Customer Id_H4523,0.0
Customer Id_H15378,0.0
Customer Id_H15368,0.0
Customer Id_H15365,0.0
Customer Id_H7125,0.0
Customer Id_H7105,0.0
Customer Id_H4561,0.0
Customer Id_H449,0.0
Customer Id_H4477,0.0
Customer Id_H4456,0.0
Customer Id_H17274,0.0
Customer Id_H4520,0.0
Customer Id_H4515,0.0
Customer Id_H4508,0.0
Customer Id_H4583,0.0
Customer Id_H4579,0.0
Customer Id_H4576,0.0
Customer Id_H4569,0.0
Customer Id_H4521,0.0
Customer Id_H16628,0.0
Customer Id_H4586,0.0
Customer Id_H4584,0.0
Customer Id_H4635,0.0
Customer Id_H4631,0.0
Customer Id_H4622,0.0
Customer Id_H15957,0.0
Customer Id_H12892,0.0
Customer Id_H19422,0.0
Customer Id_H1942,0.0
Customer Id_H19411,0.0
Customer Id_H15430,0.0
Customer Id_H19368,0.0
Customer Id_H5401,0.0
Customer Id_H540,0.0
Customer Id_H6276,0.0
Customer Id_H6266,0.0
Customer Id_H6262,0.0
Customer Id_H6257,0.0
Customer Id_H15964,0.0
Customer Id_H15961,0.0
Customer Id_H12678,0.0
Customer Id_H19338,0.0
Customer Id_H19384,0.0
Customer Id_H15413,0.0
Customer Id_H15409,0.0
Customer Id_H7025,0.0
Customer Id_H7012,0.0
Customer Id_H4610,0.0
Customer Id_H4608,0.0
Customer Id_H4606,0.0
Customer Id_H15399,0.0
Customer Id_H4601,0.0
Customer Id_H4599,0.0
Customer Id_H4598,0.0
Customer Id_H16043,0.0
Customer Id_H17284,0.0
Customer Id_H17280,0.0
Customer Id_H15385,0.0
Customer Id_H19327,0.0
Customer Id_H19322,0.0
Customer Id_H19318,0.0
Customer Id_H19304,0.0
Customer Id_H1930,0.0
Geo_Code_95203,0.0
Customer Id_H12656,0.0
Customer Id_H19240,0.0
Customer Id_H1935,0.0
Customer Id_H17287,0.0
Customer Id_H1723,0.0
Customer Id_H17221,0.0
Customer Id_H4662,0.0
Customer Id_H4705,0.0
Customer Id_H4704,0.0
Customer Id_H5511,0.0
Customer Id_H5510,0.0
Customer Id_H5504,0.0
Customer Id_H16066,0.0
Customer Id_H6150,0.0
Customer Id_H4392,0.0
Customer Id_H15382,0.0
Customer Id_H4432,0.0
Customer Id_H443,0.0
Customer Id_H4427,0.0
Customer Id_H4425,0.0
Customer Id_H17413,0.0
Customer Id_H4421,0.0
Customer Id_H15250,0.0
Customer Id_H15231,0.0
Customer Id_H7258,0.0
Customer Id_H7250,0.0
Customer Id_H15284,0.0
Customer Id_H4434,0.0
Customer Id_H1523,0.0
Customer Id_H17501,0.0
Customer Id_H17491,0.0
Customer Id_H4373,0.0
Customer Id_H17470,0.0
Customer Id_H15206,0.0
Customer Id_H15201,0.0
Customer Id_H7296,0.0
Customer Id_H729,0.0
Customer Id_H7287,0.0
Customer Id_H7268,0.0
Customer Id_H15478,0.0
Customer Id_H17418,0.0
Customer Id_H7336,0.0
Customer Id_H4335,0.0
Customer Id_H4331,0.0
Customer Id_H16070,0.0
Customer Id_H16605,0.0
Customer Id_H6920,0.0
Customer Id_H6912,0.0
Customer Id_H6910,0.0
Customer Id_H15483,0.0
Customer Id_H15481,0.0
Customer Id_H15260,0.0
Customer Id_H16613,0.0
Customer Id_H16608,0.0
Customer Id_H6176,0.0
Customer Id_H6165,0.0
Customer Id_H16084,0.0
Customer Id_H16082,0.0
Customer Id_H1725,0.0
Customer Id_H17376,0.0
Customer Id_H15352,0.0
Customer Id_H15347,0.0
Customer Id_H15345,0.0
Customer Id_H15282,0.0
Customer Id_H1534,0.0
Customer Id_H7156,0.0
Customer Id_H714,0.0
Customer Id_H7137,0.0
Customer Id_H7127,0.0
Customer Id_H15302,0.0
Customer Id_H17379,0.0
Customer Id_H17377,0.0
Customer Id_H4446,0.0
Customer Id_H4499,0.0
Customer Id_H4496,0.0
Customer Id_H15341,0.0
Customer Id_H4650,0.0
Customer Id_H6971,0.0
Customer Id_H15313,0.0
Customer Id_H7187,0.0
Customer Id_H17434,0.0
Customer Id_H1527,0.0
Customer Id_H15266,0.0
Customer Id_H7247,0.0
Customer Id_H17421,0.0
Customer Id_H4454,0.0
Customer Id_H17390,0.0
Customer Id_H16619,0.0
Customer Id_H7225,0.0
Customer Id_H1531,0.0
Customer Id_H16589,0.0
Customer Id_H1658,0.0
Customer Id_H4492,0.0
Customer Id_H15319,0.0
Customer Id_H15316,0.0
Customer Id_H4688,0.0
Customer Id_H4679,0.0
Customer Id_H17239,0.0
Customer Id_H17233,0.0
Customer Id_H5485,0.0
Customer Id_H1739,0.0
Customer Id_H14513,0.0
Customer Id_H5585,0.0
Customer Id_H5584,0.0
Customer Id_H16470,0.0
Customer Id_H16118,0.0
Customer Id_H16160,0.0
Customer Id_H16152,0.0
Customer Id_H16150,0.0
Customer Id_H16148,0.0
Customer Id_H16453,0.0
Customer Id_H3665,0.0
Customer Id_H14859,0.0
Customer Id_H3645,0.0
Customer Id_H3621,0.0
Customer Id_H1453,0.0
Customer Id_H18138,0.0
Customer Id_H3692,0.0
Customer Id_H369,0.0
Customer Id_H3686,0.0
Customer Id_H17057,0.0
Customer Id_H17050,0.0
Customer Id_H6703,0.0
Customer Id_H15609,0.0
Customer Id_H3660,0.0
Customer Id_H18248,0.0
Customer Id_H14432,0.0
Customer Id_H14431,0.0
Customer Id_H14429,0.0
Geo_Code_40133,0.0
Geo_Code_40088,0.0
Customer Id_H362,0.0
Customer Id_H3616,0.0
Customer Id_H3587,0.0
Customer Id_H18177,0.0
Customer Id_H1450,0.0
Customer Id_H18122,0.0
Geo_Code_38485,0.0
Customer Id_H16121,0.0
Customer Id_H1612,0.0
Customer Id_H16479,0.0
Customer Id_H5632,0.0
Customer Id_H16435,0.0
Customer Id_H18187,0.0
Customer Id_H3530,0.0
Customer Id_H3515,0.0
Customer Id_H1823,0.0
Customer Id_H490,0.0
Customer Id_H14497,0.0
Customer Id_H15660,0.0
Customer Id_H17128,0.0
Customer Id_H6769,0.0
Customer Id_H6764,0.0
Customer Id_H15637,0.0
Customer Id_H15631,0.0
Customer Id_H17127,0.0
Customer Id_H17126,0.0
Customer Id_H17122,0.0
Customer Id_H4838,0.0
Customer Id_H4893,0.0
Customer Id_H6757,0.0
Customer Id_H18027,0.0
Customer Id_H14613,0.0
Customer Id_H14603,0.0
Customer Id_H14650,0.0
Customer Id_H18024,0.0
Customer Id_H18020,0.0
Customer Id_H3739,0.0
Customer Id_H14592,0.0
Customer Id_H18088,0.0
Customer Id_H18075,0.0
Customer Id_H3696,0.0
Customer Id_H4879,0.0
Customer Id_H6755,0.0
Customer Id_H674,0.0
Customer Id_H15667,0.0
Customer Id_H4857,0.0
Customer Id_H4934,0.0
Customer Id_H4909,0.0
Customer Id_H14626,0.0
Customer Id_H14620,0.0
Customer Id_H18044,0.0
Geo_Code_38081,0.0
Customer Id_H18117,0.0
Customer Id_H15663,0.0
Customer Id_H3670,0.0
Customer Id_H37,0.0
Customer Id_H18098,0.0
Customer Id_H14546,0.0
Customer Id_H14545,0.0
Geo_Code_37214,0.0
Customer Id_H14594,0.0
Customer Id_H3630,0.0
Customer Id_H18145,0.0
Customer Id_H14540,0.0
Geo_Code_34321,0.0
Customer Id_H17075,0.0
Customer Id_H1811,0.0
Customer Id_H3356,0.0
Customer Id_H3353,0.0
Customer Id_H3351,0.0
Customer Id_H18280,0.0
Customer Id_H18277,0.0
Customer Id_H3444,0.0
Customer Id_H569,0.0
Customer Id_H5667,0.0
Customer Id_H1641,0.0
Customer Id_H16392,0.0
Customer Id_H16147,0.0
Geo_Code_42071,0.0
Customer Id_H16176,0.0
Customer Id_H16172,0.0
Customer Id_H18320,0.0
Customer Id_H1832,0.0
Geo_Code_44036,0.0
Geo_Code_44020,0.0
Customer Id_H3402,0.0
Customer Id_H34,0.0
Customer Id_H18243,0.0
Customer Id_H18239,0.0
Customer Id_H18234,0.0
Customer Id_H16146,0.0
Customer Id_H6674,0.0
Geo_Code_93047,0.0
Customer Id_H16964,0.0
Customer Id_H4997,0.0
Customer Id_H16989,0.0
Customer Id_H17027,0.0
Customer Id_H16448,0.0
Customer Id_H557,0.0
Customer Id_H3332,0.0
Customer Id_H3367,0.0
Customer Id_H3366,0.0
Customer Id_H18330,0.0
Customer Id_H18360,0.0
Customer Id_H18354,0.0
Customer Id_H18351,0.0
Customer Id_H3350,0.0
Customer Id_H3345,0.0
Customer Id_H3335,0.0
Customer Id_H14288,0.0
Geo_Code_47004,0.0
Geo_Code_46176,0.0
Customer Id_H14312,0.0
Customer Id_H18341,0.0
Customer Id_H3365,0.0
Customer Id_H6671,0.0
Customer Id_H6651,0.0
Customer Id_H15655,0.0
Customer Id_H15639,0.0
Customer Id_H6721,0.0
Customer Id_H6715,0.0
Customer Id_H6713,0.0
Customer Id_H4982,0.0
Customer Id_H4977,0.0
Customer Id_H4963,0.0
Customer Id_H4962,0.0
Customer Id_H3488,0.0
Customer Id_H14487,0.0
Customer Id_H18191,0.0
Customer Id_H18159,0.0
Customer Id_H18153,0.0
Customer Id_H3555,0.0
Customer Id_H18205,0.0
Customer Id_H14482,0.0
Customer Id_H1447,0.0
Customer Id_H18257,0.0
Customer Id_H14414,0.0
Customer Id_H14397,0.0
Customer Id_H4961,0.0
Customer Id_H18310,0.0
Customer Id_H14357,0.0
Customer Id_H14355,0.0
Customer Id_H14353,0.0
Customer Id_H1435,0.0
Customer Id_H14342,0.0
Customer Id_H14334,0.0
Customer Id_H18295,0.0
Customer Id_H348,0.0
Customer Id_H347,0.0
Customer Id_H346,0.0
Customer Id_H15678,0.0
Geo_Code_44003,0.0
Geo_Code_42332,0.0
Geo_Code_42302,0.0
Customer Id_H18282,0.0
Customer Id_H3502,0.0
Customer Id_H349,0.0
Customer Id_H18262,0.0
Customer Id_H3420,0.0
Customer Id_H3409,0.0
Customer Id_H14370,0.0
Customer Id_H14360,0.0
Customer Id_H15689,0.0
Customer Id_H345,0.0
Customer Id_H3945,0.0
Customer Id_H3942,0.0
Customer Id_H14807,0.0
Customer Id_H5559,0.0
Customer Id_H16482,0.0
Customer Id_H6111,0.0
Customer Id_H61,0.0
Customer Id_H6098,0.0
Customer Id_H6090,0.0
Customer Id_H6080,0.0
Geo_Code_17291,0.0
Customer Id_H3693,0.0
Customer Id_H14848,0.0
Customer Id_H3937,0.0
Customer Id_H393,0.0
Customer Id_H3928,0.0
Customer Id_H3924,0.0
Customer Id_H17862,0.0
Customer Id_H4002,0.0
Customer Id_H3999,0.0
Customer Id_H3995,0.0
Customer Id_H3980,0.0
Customer Id_H17826,0.0
Customer Id_H14806,0.0
Customer Id_H485,0.0
Customer Id_H4849,0.0
Customer Id_H16135,0.0
Customer Id_H16132,0.0
Customer Id_H3868,0.0
Customer Id_H3867,0.0
Customer Id_H17913,0.0
Customer Id_H17853,0.0
Customer Id_H14789,0.0
Customer Id_H17891,0.0
Customer Id_H17890,0.0
Customer Id_H17800,0.0
Customer Id_H14764,0.0
Geo_Code_2722,0.0
Customer Id_H14794,0.0
Customer Id_H3887,0.0
Customer Id_H3880,0.0
Customer Id_H6121,0.0
Customer Id_H14817,0.0
Customer Id_H14814,0.0
Customer Id_H14811,0.0
Customer Id_H3918,0.0
Customer Id_H3907,0.0
Customer Id_H1477,0.0
Customer Id_H1485,0.0
Customer Id_H14849,0.0
Customer Id_H14844,0.0
Customer Id_H14833,0.0
Customer Id_H14825,0.0
Geo_Code_21405,0.0
Customer Id_H17809,0.0
Customer Id_H17804,0.0
Customer Id_H17803,0.0
Geo_Code_14383,0.0
Customer Id_H1489,0.0
Customer Id_H17814,0.0
Customer Id_H17762,0.0
Customer Id_H17756,0.0
Customer Id_H4060,0.0
Customer Id_H4056,0.0
Geo_Code_14047,0.0
Customer Id_H14930,0.0
Customer Id_H14925,0.0
Customer Id_H14905,0.0
Customer Id_H14944,0.0
Customer Id_H405,0.0
Customer Id_H14860,0.0
Customer Id_H17772,0.0
Customer Id_H14845,0.0
Customer Id_H14783,0.0
Customer Id_H4019,0.0
Customer Id_H4017,0.0
Customer Id_H4837,0.0
Customer Id_H483,0.0
Customer Id_H5450,0.0
Customer Id_H5448,0.0
Customer Id_H16647,0.0
Customer Id_H16645,0.0
Customer Id_H6197,0.0
Customer Id_H17734,0.0
Customer Id_H619,0.0
Customer Id_H6189,0.0
Customer Id_H6188,0.0
Customer Id_H4771,0.0
Customer Id_H4766,0.0
Geo_Code_18033,0.0
Customer Id_H17781,0.0
Customer Id_H4012,0.0
Customer Id_H4007,0.0
Customer Id_H17744,0.0
Customer Id_H17742,0.0
Customer Id_H17738,0.0
Customer Id_H6193,0.0
Customer Id_H17104,0.0
Customer Id_H15615,0.0
Customer Id_H4829,0.0
Customer Id_H4822,0.0
Customer Id_H482,0.0
Customer Id_H6807,0.0
Customer Id_H6789,0.0
Customer Id_H15605,0.0
Customer Id_H15603,0.0
Customer Id_H15596,0.0
Customer Id_H15593,0.0
Geo_Code_29239,0.0
Customer Id_H379,0.0
Customer Id_H18015,0.0
Geo_Code_31149,0.0
Geo_Code_30334,0.0
Customer Id_H1471,0.0
Customer Id_H14709,0.0
Customer Id_H14708,0.0
Customer Id_H14706,0.0
Customer Id_H14704,0.0
Customer Id_H18007,0.0
Customer Id_H3744,0.0
Customer Id_H15587,0.0
Customer Id_H1807,0.0
Customer Id_H18066,0.0
Customer Id_H14575,0.0
Customer Id_H14570,0.0
Customer Id_H6832,0.0
Customer Id_H14675,0.0
Customer Id_H3727,0.0
Geo_Code_33253,0.0
Geo_Code_33199,0.0
Geo_Code_33143,0.0
Geo_Code_33011,0.0
Customer Id_H17113,0.0
Customer Id_H3766,0.0
Customer Id_H3761,0.0
Customer Id_H3758,0.0
Customer Id_H18043,0.0
Customer Id_H3721,0.0
Customer Id_H3717,0.0
Customer Id_H18036,0.0
Customer Id_H18032,0.0
Customer Id_H377,0.0
Customer Id_H14676,0.0
Customer Id_H17118,0.0
Customer Id_H14693,0.0
Customer Id_H17154,0.0
Customer Id_H1715,0.0
Customer Id_H17144,0.0
Customer Id_H4814,0.0
Customer Id_H4810,0.0
Customer Id_H4809,0.0
Customer Id_H4807,0.0
Geo_Code_29124,0.0
Customer Id_H14777,0.0
Customer Id_H17943,0.0
Customer Id_H5515,0.0
Customer Id_H1804,0.0
Customer Id_H5563,0.0
Customer Id_H380,0.0
Customer Id_H17907,0.0
Customer Id_H17902,0.0
Customer Id_H17899,0.0
Customer Id_H17896,0.0
Customer Id_H3862,0.0
Customer Id_H17930,0.0
Customer Id_H17949,0.0
Customer Id_H14735,0.0
Customer Id_H14732,0.0
Customer Id_H5514,0.0
Customer Id_H3785,0.0
Customer Id_H3783,0.0
Customer Id_H3775,0.0
Customer Id_H3840,0.0
Customer Id_H18005,0.0
Customer Id_H3834,0.0
Customer Id_H3823,0.0
Customer Id_H3816,0.0
Customer Id_H17988,0.0
Customer Id_H17982,0.0
Customer Id_H17979,0.0
Customer Id_H17157,0.0
Geo_Code_30003,0.0
Customer Id_H1475,0.0
Customer Id_H14745,0.0
Customer Id_H3805,0.0
Geo_Code_31446,0.0
Customer Id_H14639,0.0
Customer Id_H14636,0.0
Customer Id_H4843,0.0
Customer Id_H17137,0.0
Customer Id_H6821,0.0
Customer Id_H6818,0.0
Customer Id_H6811,0.0
Geo_Code_30032,0.0
